{"name":"Algeria","cables":[{"id":"alpal-2","name":"ALPAL-2","cable_id":1234},{"id":"te-northtgn-eurasiaseacomalexandrosmedex","name":"TE North/TGN-Eurasia/SEACOM/Alexandros/Medex","cable_id":1573},{"id":"seamewe-4","name":"SeaMeWe-4","cable_id":1035},{"id":"med-cable-network","name":"Med Cable Network","cable_id":1366},{"id":"oran-valencia-orval","name":"Oran-Valencia (ORVAL)","cable_id":1664}],"landing_points":[{"id":"el-djamila-algeria","name":"El Djamila, Algeria","landing_point_id":5774},{"id":"annaba-algeria","name":"Annaba, Algeria","landing_point_id":4196},{"id":"algiers-algeria","name":"Algiers, Algeria","landing_point_id":4176},{"id":"oran-algeria","name":"Oran, Algeria","landing_point_id":8359}],"latlon":[{"latlon":"36.800224,2.901445"},{"latlon":"36.902348,7.755435"},{"latlon":"36.765336,3.031804"},{"latlon":"35.701641,-0.641961"}]}
