{"name":"Angola","cables":[{"id":"west-african-cable-system-wacs","name":"West African Cable System (WACS)","cable_id":1560},{"id":"sat-3wasc","name":"SAT-3/WASC","cable_id":1219},{"id":"south-atlantic-cable-system-sacs","name":"South Atlantic Cable System (SACS)","cable_id":1709},{"id":"africa-coast-to-europe-ace","name":"Africa Coast to Europe (ACE)","cable_id":1629}],"landing_points":[{"id":"sangano-angola","name":"Sangano, Angola","landing_point_id":10727},{"id":"cacuaco-angola","name":"Cacuaco, Angola","landing_point_id":5775},{"id":"luanda-angola","name":"Luanda, Angola","landing_point_id":4190}],"latlon":[{"latlon":"-9.490074,13.201441"},{"latlon":"-8.776671,13.372327"},{"latlon":"-8.812852,13.235022"}]}
