{"name":"Argentina","cables":[{"id":"arsat-submarine-fiber-optic-cable","name":"ARSAT Submarine Fiber Optic Cable ","cable_id":1871},{"id":"malbec","name":"Malbec","cable_id":1964},{"id":"arbr","name":"ARBR","cable_id":1906},{"id":"unisur","name":"Unisur","cable_id":1132},{"id":"south-american-crossing-sac","name":"South American Crossing (SAC)","cable_id":1084},{"id":"atlantis-2","name":"Atlantis-2","cable_id":1045},{"id":"south-america-1-sam-1","name":"South America-1 (SAm-1)","cable_id":1083},{"id":"bicentenario","name":"Bicentenario","cable_id":1633}],"landing_points":[{"id":"cabo-espiritu-santo-argentina","name":"Cabo Espiritu Santo , Argentina","landing_point_id":16514},{"id":"punta-dungeness-argentina","name":"Punta Dungeness, Argentina","landing_point_id":16513},{"id":"las-toninas-argentina","name":"Las Toninas, Argentina","landing_point_id":3330}],"latlon":[{"latlon":"-52.658901,-68.605784"},{"latlon":"-52.390224,-68.419749"},{"latlon":"-36.472532,-56.695487"}]}
