{"name":"Aruba","cables":[{"id":"deep-blue-cable","name":"Deep Blue Cable","cable_id":1913},{"id":"pacific-caribbean-cable-system-pccs","name":"Pacific Caribbean Cable System (PCCS)","cable_id":1727},{"id":"alonso-de-ojeda","name":"Alonso de Ojeda","cable_id":1289},{"id":"pan-american-pan-am","name":"Pan American (PAN-AM)","cable_id":1073}],"landing_points":[{"id":"hudishibana-aruba","name":"Hudishibana, Aruba","landing_point_id":10790},{"id":"baby-beach-aruba","name":"Baby Beach, Aruba","landing_point_id":5776}],"latlon":[{"latlon":"12.616678,-70.049997"},{"latlon":"12.616630,-70.049972"},{"latlon":"12.414139,-69.878683"}]}
