{"name":"Ascension and Tristan da Cunha","cables":[{"id":"south-atlantic-express-saex1","name":"South Atlantic Express (SAEx1)","cable_id":1669}],"landing_points":[{"id":"georgetown-saint-helena-ascension-and-tristan-da-cunha","name":"Georgetown, Saint Helena, Ascension and Tristan da Cunha","landing_point_id":17260},{"id":"jamestown-saint-helena-ascension-and-tristan-da-cunha","name":"Jamestown, Saint Helena, Ascension and Tristan da Cunha","landing_point_id":10722}],"latlon":[{"latlon":"-7.927892,-14.409252"},{"latlon":"-15.922126,-5.704678"}]}
