{"name":"Australia","cables":[{"id":"japan-guam-australia-south-jga-s","name":"Japan-Guam-Australia South (JGA-S)","cable_id":1959},{"id":"north-west-cable-system","name":"North West Cable System","cable_id":1817},{"id":"coral-sea-cable-system-cscs","name":"Coral Sea Cable System (CSCS)","cable_id":1934},{"id":"southern-cross-next","name":"Southern Cross NEXT                                                                                           ","cable_id":1894},{"id":"indigo-central","name":"INDIGO-Central","cable_id":1818},{"id":"indigo-west","name":"INDIGO-West","cable_id":1744},{"id":"bass-strait-1","name":"Bass Strait-1","cable_id":1472},{"id":"basslink","name":"Basslink","cable_id":1742},{"id":"bass-strait-2","name":"Bass Strait-2 ","cable_id":1492},{"id":"seamewe-3","name":"SeaMeWe-3","cable_id":1031},{"id":"australia-japan-cable-ajc","name":"Australia-Japan Cable (AJC)","cable_id":1102},{"id":"tasman-global-access-tga-cable","name":"Tasman Global Access (TGA) Cable","cable_id":1750},{"id":"southern-cross-cable-network-sccn","name":"Southern Cross Cable Network (SCCN)","cable_id":1009},{"id":"hawaiki","name":"Hawaiki","cable_id":1733},{"id":"gondwana-1","name":"Gondwana-1","cable_id":1514},{"id":"pipe-pacific-cable-1-ppc-1","name":"PIPE Pacific Cable-1 (PPC-1)","cable_id":1520},{"id":"australia-papua-new-guinea-2-apng-2","name":"Australia-Papua New Guinea-2 (APNG-2)","cable_id":1527},{"id":"telstra-endeavour","name":"Telstra Endeavour","cable_id":1526},{"id":"australia-singapore-cable-asc","name":"Australia-Singapore Cable (ASC)","cable_id":1683}],"landing_points":[{"id":"maroochydore-australia","name":"Maroochydore, Australia","landing_point_id":11593},{"id":"wurrumiyanga-australia","name":"Wurrumiyanga, Australia","landing_point_id":17285},{"id":"sydney-australia","name":"Sydney, Australia","landing_point_id":3030},{"id":"alexandria-australia","name":"Alexandria, Australia","landing_point_id":6097},{"id":"perth-australia","name":"Perth, Australia","landing_point_id":3239},{"id":"port-hedland-australia","name":"Port Hedland, Australia","landing_point_id":5777},{"id":"darwin-australia","name":"Darwin, Australia","landing_point_id":7685},{"id":"sandy-point-australia","name":"Sandy Point, Australia","landing_point_id":10799},{"id":"four-mile-bluff-australia","name":"Four Mile Bluff, Australia","landing_point_id":10796},{"id":"mcgaurans-beach-australia","name":"McGaurans Beach, Australia","landing_point_id":10797},{"id":"stanley-australia","name":"Stanley, Australia","landing_point_id":7861},{"id":"inverloch-australia","name":"Inverloch, Australia","landing_point_id":7860},{"id":"boat-harbour-tasmania-australia","name":"Boat Harbour, Tasmania, Australia","landing_point_id":7813},{"id":"paddington-australia","name":"Paddington, Australia","landing_point_id":5779},{"id":"oxford-falls-australia","name":"Oxford Falls, Australia","landing_point_id":5778},{"id":"brookvale-australia","name":"Brookvale, Australia","landing_point_id":5781}],"latlon":[{"latlon":"-26.651833,153.089435"},{"latlon":"-11.762582,130.632122"},{"latlon":"-33.869701,151.207039"},{"latlon":"-33.913671,151.196199"},{"latlon":"-31.953442,115.857227"},{"latlon":"-33.869872,151.206990"},{"latlon":"-20.313457,118.577245"},{"latlon":"-12.467489,130.843157"},{"latlon":"-38.820187,146.119688"},{"latlon":"-41.033272,146.850156"},{"latlon":"-38.443624,147.071250"},{"latlon":"-40.760371,145.294102"},{"latlon":"-38.633444,145.729454"},{"latlon":"-40.950874,145.623790"},{"latlon":"-33.882128,151.228670"},{"latlon":"-33.737377,151.245076"},{"latlon":"-33.913988,151.196248"},{"latlon":"-33.761156,151.273982"}]}
