{"name":"Bahamas","cables":[{"id":"bahamas-domestic-submarine-network-bdsni","name":"Bahamas Domestic Submarine Network (BDSNi)","cable_id":1510},{"id":"arcos","name":"ARCOS ","cable_id":1078},{"id":"bahamas-2","name":"Bahamas 2","cable_id":1069},{"id":"bahamas-internet-cable-system-bics","name":"Bahamas Internet Cable System (BICS)","cable_id":1232}],"landing_points":[{"id":"fresh-creek-bahamas","name":"Fresh Creek, Bahamas","landing_point_id":10358},{"id":"port-nelson-bahamas","name":"Port Nelson, Bahamas","landing_point_id":10363},{"id":"george-town-bahamas","name":"George Town, Bahamas","landing_point_id":10359},{"id":"clarence-town-bahamas","name":"Clarence Town, Bahamas","landing_point_id":10360},{"id":"cockburn-town-bahamas","name":"Cockburn Town, Bahamas","landing_point_id":10364},{"id":"governors-harbor-bahamas","name":"Governors Harbor, Bahamas","landing_point_id":10357},{"id":"duncan-town-bahamas","name":"Duncan Town, Bahamas","landing_point_id":10361},{"id":"mayaguana-bahamas","name":"Mayaguana, Bahamas","landing_point_id":10362},{"id":"nassau-bahamas","name":"Nassau, Bahamas","landing_point_id":4230},{"id":"crooked-island-bahamas","name":"Crooked Island, Bahamas","landing_point_id":5782},{"id":"eight-mile-rock-bahamas","name":"Eight-Mile Rock, Bahamas","landing_point_id":5783},{"id":"cat-island-bahamas","name":"Cat Island, Bahamas","landing_point_id":5784},{"id":"caves-point-bahamas","name":"Caves Point, Bahamas","landing_point_id":5786},{"id":"current-bahamas","name":"Current, Bahamas","landing_point_id":5787},{"id":"sandy-point-bahamas","name":"Sandy Point, Bahamas","landing_point_id":5788},{"id":"hawksbill-bahamas","name":"Hawksbill, Bahamas","landing_point_id":5785},{"id":"crown-haven-bahamas","name":"Crown Haven, Bahamas","landing_point_id":8355},{"id":"riding-point-bahamas","name":"Riding Point, Bahamas","landing_point_id":8354},{"id":"matthew-town-bahamas","name":"Matthew Town, Bahamas","landing_point_id":9581}],"latlon":[{"latlon":"24.689805,-77.844610"},{"latlon":"23.652147,-74.840546"},{"latlon":"23.516551,-75.788007"},{"latlon":"23.098338,-74.966181"},{"latlon":"24.052537,-74.530244"},{"latlon":"25.196116,-76.240643"},{"latlon":"22.183263,-75.733466"},{"latlon":"22.401561,-73.064131"},{"latlon":"25.067039,-77.340252"},{"latlon":"22.629711,-74.194990"},{"latlon":"26.539621,-78.802861"},{"latlon":"24.403330,-75.525898"},{"latlon":"25.068455,-77.452996"},{"latlon":"25.407834,-76.787664"},{"latlon":"26.025205,-77.399529"},{"latlon":"26.516904,-78.736846"},{"latlon":"26.912509,-77.821954"},{"latlon":"26.616745,-78.245879"},{"latlon":"20.950512,-73.683076"}]}
