{"name":"Bahrain","cables":[{"id":"fiber-optic-gulf-fog","name":"Fiber Optic Gulf (FOG)","cable_id":1209},{"id":"falcon","name":"FALCON","cable_id":1346},{"id":"tata-tgn-gulf","name":"Tata TGN-Gulf","cable_id":1631},{"id":"gulf-bridge-international-cable-system-gbicsmiddle-east-north-africa-mena-cable-system","name":"Gulf Bridge International Cable System (GBICS)/Middle East North Africa (MENA) Cable System","cable_id":1598}],"landing_points":[{"id":"manama-bahrain","name":"Manama, Bahrain","landing_point_id":4188},{"id":"amwaj-island-bahrain","name":"Amwaj Island, Bahrain","landing_point_id":10683},{"id":"al-hidd-bahrain","name":"Al Hidd, Bahrain","landing_point_id":10233}],"latlon":[{"latlon":"26.228977,50.575812"},{"latlon":"26.241586,50.656183"}]}
