{"name":"Belgium","cables":[{"id":"seamewe-3","name":"SeaMeWe-3","cable_id":1031},{"id":"tangerine","name":"Tangerine","cable_id":1324},{"id":"pan-european-crossing-uk-belgium","name":"Pan European Crossing (UK-Belgium)","cable_id":1539},{"id":"concerto","name":"Concerto","cable_id":1538}],"landing_points":[{"id":"ostend-belgium","name":"Ostend, Belgium","landing_point_id":5789},{"id":"bredene-belgium","name":"Bredene, Belgium","landing_point_id":8396},{"id":"zeebrugge-belgium","name":"Zeebrugge, Belgium","landing_point_id":3139}],"latlon":[{"latlon":"51.231125,2.912676"},{"latlon":"51.246384,2.961882"},{"latlon":"51.330722,3.207000"}]}
