{"name":"Belize","cables":[{"id":"strategic-evolution-underwater-link-seul","name":"Strategic Evolution Underwater Link (SEUL)","cable_id":1893},{"id":"arcos","name":"ARCOS ","cable_id":1078}],"landing_points":[{"id":"bomba-belize","name":"Bomba, Belize","landing_point_id":16711},{"id":"san-pedro-belize","name":"San Pedro, Belize","landing_point_id":16710},{"id":"belize-city-belize","name":"Belize City, Belize","landing_point_id":5791}],"latlon":[{"latlon":"17.925611,-88.294458"},{"latlon":"17.911036,-87.978345"},{"latlon":"17.495546,-88.181617"}]}
