{"name":"Bermuda","cables":[{"id":"globenet","name":"GlobeNet","cable_id":1076},{"id":"gemini-bermuda","name":"Gemini Bermuda","cable_id":1551},{"id":"challenger-bermuda-1-cb-1","name":"Challenger Bermuda-1 (CB-1)","cable_id":1596},{"id":"caribbean-bermuda-u-s-cbus","name":"Caribbean-Bermuda U.S. (CBUS)","cable_id":1634}],"landing_points":[{"id":"st-davids-bermuda","name":"St. David’s, Bermuda","landing_point_id":5793},{"id":"paget-bermuda","name":"Paget, Bermuda","landing_point_id":9069}],"latlon":[{"latlon":"32.312238,-64.769506"},{"latlon":"32.280536,-64.788696"}]}
