{"name":"Brazil","cables":[{"id":"brazilian-festoon","name":"Brazilian Festoon","cable_id":1888},{"id":"sabr","name":"SABR","cable_id":1929},{"id":"malbec","name":"Malbec","cable_id":1964},{"id":"arbr","name":"ARBR","cable_id":1906},{"id":"seabras-1","name":"Seabras-1","cable_id":1728},{"id":"junior","name":"Junior","cable_id":1876},{"id":"ellalink","name":"EllaLink","cable_id":1725},{"id":"tannat","name":"Tannat","cable_id":1860},{"id":"monet","name":"Monet","cable_id":1787},{"id":"south-atlantic-express-saex1","name":"South Atlantic Express (SAEx1)","cable_id":1669},{"id":"brusa","name":"BRUSA","cable_id":1873},{"id":"south-atlantic-inter-link-sail","name":"South Atlantic Inter Link (SAIL)","cable_id":1856},{"id":"south-atlantic-cable-system-sacs","name":"South Atlantic Cable System (SACS)","cable_id":1709},{"id":"america-movil-submarine-cable-system-1-amx-1","name":"America Movil Submarine Cable System-1 (AMX-1)","cable_id":1686},{"id":"south-american-crossing-sac","name":"South American Crossing (SAC)","cable_id":1084},{"id":"globenet","name":"GlobeNet","cable_id":1076},{"id":"atlantis-2","name":"Atlantis-2","cable_id":1045},{"id":"south-america-1-sam-1","name":"South America-1 (SAm-1)","cable_id":1083},{"id":"americas-ii","name":"Americas-II","cable_id":1148}],"landing_points":[{"id":"so-mateus-brazil","name":"São Mateus, Brazil","landing_point_id":5506},{"id":"porto-seguro-brazil","name":"Porto Seguro, Brazil","landing_point_id":5493},{"id":"ilhus-brazil","name":"Ilhéus, Brazil","landing_point_id":4590},{"id":"salvador-brazil","name":"Salvador, Brazil","landing_point_id":3342},{"id":"aracaj-brazil","name":"Aracajú, Brazil","landing_point_id":3356},{"id":"macei-brazil","name":"Maceió, Brazil","landing_point_id":3344},{"id":"recife-brazil","name":"Recife, Brazil","landing_point_id":3352},{"id":"joo-pessoa-brazil","name":"João Pessoa, Brazil","landing_point_id":3351},{"id":"natal-brazil","name":"Natal, Brazil","landing_point_id":3354},{"id":"rio-de-janeiro-brazil","name":"Rio de Janeiro, Brazil","landing_point_id":3242},{"id":"vitria-brazil","name":"Vitória, Brazil","landing_point_id":3343},{"id":"maca-brazil","name":"Macaé, Brazil","landing_point_id":3387},{"id":"sitio-brazil","name":"Sitio, Brazil","landing_point_id":16689},{"id":"atafona-brazil","name":"Atafona, Brazil","landing_point_id":16690},{"id":"praia-grande-brazil","name":"Praia Grande, Brazil","landing_point_id":16413},{"id":"santos-brazil","name":"Santos, Brazil","landing_point_id":3411},{"id":"fortaleza-brazil","name":"Fortaleza, Brazil","landing_point_id":3347}],"latlon":[{"latlon":"-18.716705,-39.859130"},{"latlon":"-16.451081,-39.064697"},{"latlon":"-14.787972,-39.047704"},{"latlon":"-12.969979,-38.504541"},{"latlon":"-10.909604,-37.074805"},{"latlon":"-9.666465,-35.734962"},{"latlon":"-8.055333,-34.871974"},{"latlon":"-7.115295,-34.861037"},{"latlon":"-5.794836,-35.211183"},{"latlon":"-22.903397,-43.209568"},{"latlon":"-20.294024,-40.301659"},{"latlon":"-22.371806,-41.785643"},{"latlon":"-11.846664,-37.570508"},{"latlon":"-21.631157,-41.027245"},{"latlon":"-24.008866,-46.412496"},{"latlon":"-23.961844,-46.328072"},{"latlon":"-3.718836,-38.542968"},{"latlon":"-12.969979,-38.504638"}]}
