{"name":"Brunei","cables":[{"id":"labuan-brunei-submarine-cable","name":"Labuan-Brunei Submarine Cable","cable_id":1891},{"id":"seamewe-3","name":"SeaMeWe-3","cable_id":1031},{"id":"asia-america-gateway-aag-cable-system","name":"Asia-America Gateway (AAG) Cable System","cable_id":1507},{"id":"southeast-asia-japan-cable-sjc","name":"Southeast Asia Japan Cable (SJC)","cable_id":1604}],"landing_points":[{"id":"tungku-brunei","name":"Tungku, Brunei","landing_point_id":5970},{"id":"telisai-brunei","name":"Telisai, Brunei","landing_point_id":10309}],"latlon":[{"latlon":"4.926374,114.885840"},{"latlon":"4.703718,114.570606"}]}
