{"name":"Cameroon","cables":[{"id":"sat-3wasc","name":"SAT-3/WASC","cable_id":1219},{"id":"west-african-cable-system-wacs","name":"West African Cable System (WACS)","cable_id":1560},{"id":"africa-coast-to-europe-ace","name":"Africa Coast to Europe (ACE)","cable_id":1629},{"id":"south-atlantic-inter-link-sail","name":"South Atlantic Inter Link (SAIL)","cable_id":1856},{"id":"nigeria-cameroon-submarine-cable-system-ncscs","name":"Nigeria Cameroon Submarine Cable System (NCSCS)","cable_id":1821},{"id":"ceiba-2","name":"Ceiba-2","cable_id":1842}],"landing_points":[{"id":"douala-cameroon","name":"Douala, Cameroon","landing_point_id":4210},{"id":"limbe-cameroon","name":"Limbe, Cameroon","landing_point_id":9846},{"id":"kribi-cameroon","name":"Kribi, Cameroon","landing_point_id":10095}],"latlon":[{"latlon":"4.047151,9.706313"},{"latlon":"4.014510,9.208462"},{"latlon":"2.932918,9.910414"}]}
