{"name":"Canada","cables":[{"id":"maple-leaf-fibre","name":"Maple Leaf Fibre","cable_id":1970},{"id":"st-pierre-and-miquelon-cable","name":"St. Pierre and Miquelon Cable","cable_id":1967},{"id":"crosslake-fibre","name":"Crosslake Fibre","cable_id":1925},{"id":"greenland-connect","name":"Greenland Connect","cable_id":1569},{"id":"persona","name":"Persona","cable_id":1577},{"id":"gtt-atlantic","name":"GTT Atlantic","cable_id":1080},{"id":"gtt-express","name":"GTT Express","cable_id":1673}],"landing_points":[{"id":"kingston-on-canada","name":"Kingston, ON, Canada","landing_point_id":4683},{"id":"fortune-nl-canada","name":"Fortune, NL, Canada","landing_point_id":17235},{"id":"lamaline-nl-canada","name":"Lamaline, NL, Canada","landing_point_id":17234},{"id":"toronto-on-canada","name":"Toronto, ON, Canada","landing_point_id":3033},{"id":"milton-nl-canada","name":"Milton, NL, Canada","landing_point_id":8542},{"id":"new-victoria-ns-canada","name":"New Victoria, NS, Canada","landing_point_id":9374},{"id":"rose-blanche-nl-canada","name":"Rose Blanche, NL, Canada","landing_point_id":9375},{"id":"halifax-ns-canada","name":"Halifax, NS, Canada","landing_point_id":3640}],"latlon":[{"latlon":"44.231531,-76.479339"},{"latlon":"47.071984,-55.827286"},{"latlon":"46.868957,-55.803275"},{"latlon":"43.648561,-79.385319"},{"latlon":"48.207616,-53.960234"},{"latlon":"46.252905,-60.129567"},{"latlon":"47.617687,-58.686599"},{"latlon":"44.645801,-63.573950"}]}
