{"name":"Cape Verde","cables":[{"id":"cabo-verde-telecom-domestic-submarine-cable-phase-1","name":"Cabo Verde Telecom Domestic Submarine Cable Phase 1","cable_id":2024},{"id":"cabo-verde-telecom-domestic-submarine-cable-phase-2","name":"Cabo Verde Telecom Domestic Submarine Cable Phase 2","cable_id":2025},{"id":"cabo-verde-telecom-domestic-submarine-cable-phase-3","name":"Cabo Verde Telecom Domestic Submarine Cable Phase 3","cable_id":2026},{"id":"ellalink","name":"EllaLink","cable_id":1725},{"id":"atlantis-2","name":"Atlantis-2","cable_id":1045},{"id":"west-african-cable-system-wacs","name":"West African Cable System (WACS)","cable_id":1560}],"landing_points":[{"id":"praia-cape-verde","name":"Praia, Cape Verde","landing_point_id":4257},{"id":"sal-rei-cape-verde","name":"Sal Rei, Cape Verde","landing_point_id":17399},{"id":"murdeira-cape-verde","name":"Murdeira, Cape Verde","landing_point_id":17400},{"id":"tarrafalsao-nicolau-cape-verde","name":"Tarrafal—Sao Nicolau, Cape Verde","landing_point_id":17392},{"id":"sao-pedro-cape-verde","name":"Sao Pedro, Cape Verde","landing_point_id":17401},{"id":"tarrafalsantiago-cape-verde","name":"Tarrafal—Santiago, Cape Verde","landing_point_id":17396},{"id":"porto-novosanto-antao-cape-verde","name":"Porto Novo—Santo Antao, Cape Verde","landing_point_id":17390},{"id":"nova-sintra-cape-verde","name":"Nova Sintra, Cape Verde","landing_point_id":17395},{"id":"sao-filipe-cape-verde","name":"Sao Filipe, Cape Verde","landing_point_id":17394},{"id":"vila-do-maio-cape-verde","name":"Vila do Maio, Cape Verde","landing_point_id":17393}],"latlon":[{"latlon":"14.923184,-23.521210"},{"latlon":"16.177175,-22.919038"},{"latlon":"16.677113,-22.935310"},{"latlon":"16.565883,-24.357160"},{"latlon":"16.823427,-25.060809"},{"latlon":"15.276846,-23.751069"},{"latlon":"17.019203,-25.059442"},{"latlon":"14.872988,-24.695404"},{"latlon":"14.897146,-24.500922"},{"latlon":"15.138357,-23.209785"},{"latlon":"14.923013,-23.521247"}]}
