{"name":"Cayman Islands","cables":[{"id":"deep-blue-cable","name":"Deep Blue Cable","cable_id":1913},{"id":"cayman-jamaica-fiber-system","name":"Cayman-Jamaica Fiber System","cable_id":1068},{"id":"maya-1","name":"Maya-1","cable_id":1071}],"landing_points":[{"id":"turtle-farm-cayman-islands","name":"Turtle Farm, Cayman Islands","landing_point_id":17195},{"id":"half-moon-bay-cayman-islands","name":"Half Moon Bay, Cayman Islands","landing_point_id":5799},{"id":"cayman-brac-cayman-islands","name":"Cayman Brac, Cayman Islands","landing_point_id":6048}],"latlon":[{"latlon":"19.380066,-81.415366"},{"latlon":"19.282959,-81.166776"},{"latlon":"19.690332,-79.877641"}]}
