{"name":"Chile","cables":[{"id":"prat","name":"Prat","cable_id":1997},{"id":"fibra-optica-austral","name":"Fibra Optica Austral","cable_id":1922},{"id":"segunda-fos-canal-de-chacao","name":"Segunda FOS Canal de Chacao","cable_id":1830},{"id":"fos-quellon-chacabuco","name":"FOS Quellon-Chacabuco","cable_id":1805},{"id":"curie","name":"Curie","cable_id":1932},{"id":"south-american-crossing-sac","name":"South American Crossing (SAC)","cable_id":1084},{"id":"pan-american-pan-am","name":"Pan American (PAN-AM)","cable_id":1073},{"id":"south-america-1-sam-1","name":"South America-1 (SAm-1)","cable_id":1083}],"landing_points":[{"id":"arica-chile","name":"Arica, Chile","landing_point_id":5800},{"id":"iquique-chile","name":"Iquique, Chile","landing_point_id":10709},{"id":"antofagasta-chile","name":"Antofagasta, Chile","landing_point_id":10710},{"id":"la-serena-chile","name":"La Serena, Chile","landing_point_id":10712},{"id":"valparaso-chile","name":"Valparaíso, Chile","landing_point_id":3331},{"id":"puerto-montt-chile","name":"Puerto Montt, Chile","landing_point_id":9427},{"id":"talcahuano-chile","name":"Talcahuano, Chile","landing_point_id":17300},{"id":"punta-arenas-chile","name":"Punta Arenas, Chile","landing_point_id":15180},{"id":"puerto-williams-chile","name":"Puerto Williams, Chile","landing_point_id":17032},{"id":"tortel-chile","name":"Tortel, Chile","landing_point_id":17033},{"id":"linao-chile","name":"Linao, Chile","landing_point_id":16013},{"id":"meimen-chile","name":"Meimen, Chile","landing_point_id":16012},{"id":"puerto-chacabuco-chile","name":"Puerto Chacabuco, Chile","landing_point_id":14844},{"id":"quellon-chile","name":"Quellon, Chile","landing_point_id":14843}],"latlon":[{"latlon":"-18.473370,-70.306747"},{"latlon":"-20.216704,-70.142221"},{"latlon":"-23.650004,-70.399997"},{"latlon":"-29.906299,-71.250204"},{"latlon":"-33.045531,-71.620309"},{"latlon":"-41.460371,-72.953413"},{"latlon":"-36.724778,-73.116988"},{"latlon":"-53.166664,-70.933334"},{"latlon":"-54.935194,-67.605857"},{"latlon":"-47.801213,-73.536885"},{"latlon":"-41.991132,-73.504463"},{"latlon":"-41.806928,-73.155293"},{"latlon":"-45.458294,-72.805098"},{"latlon":"-43.117475,-73.479463"},{"latlon":"-33.045775,-71.620479"},{"latlon":"-18.473810,-70.306711"}]}
