{"name":"China","cables":[{"id":"bay-to-bay-express-btobe-cable-system","name":"Bay to Bay Express (BtoBE) Cable System","cable_id":1969},{"id":"southeast-asia-japan-cable-2-sjc2","name":"Southeast Asia-Japan Cable 2 (SJC2)","cable_id":1958},{"id":"hong-kong-americas-hka","name":"Hong Kong-Americas (HKA)","cable_id":1933},{"id":"asia-africa-europe-1-aae-1","name":"Asia Africa Europe-1 (AAE-1)","cable_id":1739},{"id":"new-cross-pacific-ncp-cable-system","name":"New Cross Pacific (NCP) Cable System","cable_id":1786},{"id":"asia-pacific-gateway-apg","name":"Asia Pacific Gateway (APG)","cable_id":1617},{"id":"flag-europe-asia-fea","name":"FLAG Europe-Asia (FEA)","cable_id":1027},{"id":"seamewe-3","name":"SeaMeWe-3","cable_id":1031},{"id":"pacific-light-cable-network-plcn","name":"Pacific Light Cable Network (PLCN)","cable_id":1858},{"id":"apcn-2","name":"APCN-2","cable_id":1049},{"id":"flag-north-asia-loopreach-north-asia-loop","name":"FLAG North Asia Loop/REACH North Asia Loop","cable_id":1150},{"id":"trans-pacific-express-tpe-cable-system","name":"Trans-Pacific Express (TPE) Cable System","cable_id":1513},{"id":"asia-america-gateway-aag-cable-system","name":"Asia-America Gateway (AAG) Cable System","cable_id":1507},{"id":"tata-tgn-intra-asia-tgn-ia","name":"Tata TGN-Intra Asia (TGN-IA)","cable_id":1534},{"id":"hong-kong-guam-hk-g","name":"Hong Kong-Guam (HK-G)","cable_id":1902},{"id":"asia-submarine-cable-express-asecahaya-malaysia","name":"Asia Submarine-cable Express (ASE)/Cahaya Malaysia","cable_id":1679},{"id":"eac-c2c","name":"EAC-C2C","cable_id":1592},{"id":"cross-straits-cable-network","name":"Cross Straits Cable Network","cable_id":1632},{"id":"southeast-asia-japan-cable-sjc","name":"Southeast Asia Japan Cable (SJC)","cable_id":1604},{"id":"taiwan-strait-express-1-tse-1","name":"Taiwan Strait Express-1 (TSE-1)","cable_id":1636}],"landing_points":[{"id":"chung-hom-kok-hong-kong-china","name":"Chung Hom Kok, Hong Kong, China","landing_point_id":5856},{"id":"lingang-china","name":"Lingang, China","landing_point_id":16316},{"id":"cape-daguilar-china","name":"Cape D’Aguilar, China","landing_point_id":6007},{"id":"nanhui-china","name":"Nanhui, China","landing_point_id":5804},{"id":"lantau-island-hong-kong-china","name":"Lantau Island, Hong Kong, China","landing_point_id":5852},{"id":"shantou-china","name":"Shantou, China","landing_point_id":5803},{"id":"deep-water-bay-hong-kong-china","name":"Deep Water Bay, Hong Kong, China","landing_point_id":5853},{"id":"taipa-china","name":"Taipa, China","landing_point_id":5900},{"id":"shanghai-china","name":"Shanghai, China","landing_point_id":3246},{"id":"chongming-china","name":"Chongming, China","landing_point_id":5802},{"id":"tong-fuk-hong-kong-china","name":"Tong Fuk, Hong Kong, China","landing_point_id":5855},{"id":"qingdao-china","name":"Qingdao, China","landing_point_id":6012},{"id":"tseung-kwan-o-hong-kong-china","name":"Tseung Kwan O, Hong Kong, China","landing_point_id":5857},{"id":"dadeng-island-china","name":"Dadeng Island, China","landing_point_id":10368},{"id":"guanyin-mountain-china","name":"Guanyin Mountain, China","landing_point_id":10369},{"id":"fuzhou-china","name":"Fuzhou, China","landing_point_id":8620}],"latlon":[{"latlon":"22.222106,114.203077"},{"latlon":"30.935676,121.896115"},{"latlon":"22.222045,114.203028"},{"latlon":"22.208031,114.260255"},{"latlon":"30.935664,121.896091"},{"latlon":"30.306306,121.191404"},{"latlon":"22.271496,113.948341"},{"latlon":"23.354552,116.675488"},{"latlon":"22.249437,114.183985"},{"latlon":"22.156127,113.561036"},{"latlon":"31.247504,121.472458"},{"latlon":"31.619880,121.395212"},{"latlon":"22.227379,113.932130"},{"latlon":"36.087077,120.342576"},{"latlon":"22.318297,114.258692"},{"latlon":"24.556736,118.300975"},{"latlon":"24.493919,118.188964"},{"latlon":"26.071091,119.303221"},{"latlon":"22.225036,114.205665"}]}
