{"name":"Colombia","cables":[{"id":"deep-blue-cable","name":"Deep Blue Cable","cable_id":1913},{"id":"san-andres-isla-tolu-submarine-cable-sait","name":"San Andres Isla Tolu Submarine Cable (SAIT)","cable_id":1843},{"id":"south-american-crossing-sac","name":"South American Crossing (SAC)","cable_id":1084},{"id":"arcos","name":"ARCOS ","cable_id":1078},{"id":"pacific-caribbean-cable-system-pccs","name":"Pacific Caribbean Cable System (PCCS)","cable_id":1727},{"id":"america-movil-submarine-cable-system-1-amx-1","name":"America Movil Submarine Cable System-1 (AMX-1)","cable_id":1686},{"id":"maya-1","name":"Maya-1","cable_id":1071},{"id":"globenet","name":"GlobeNet","cable_id":1076},{"id":"pan-american-pan-am","name":"Pan American (PAN-AM)","cable_id":1073},{"id":"south-america-1-sam-1","name":"South America-1 (SAm-1)","cable_id":1083},{"id":"colombia-florida-subsea-fiber-cfx-1","name":"Colombia-Florida Subsea Fiber (CFX-1)","cable_id":1554}],"landing_points":[{"id":"barranquilla-colombia","name":"Barranquilla, Colombia","landing_point_id":4315},{"id":"san-andres-colombia","name":"San Andres, Colombia","landing_point_id":15182},{"id":"buenaventura-colombia","name":"Buenaventura, Colombia","landing_point_id":5806},{"id":"riohacha-colombia","name":"Riohacha, Colombia","landing_point_id":5807},{"id":"cartagena-colombia","name":"Cartagena, Colombia","landing_point_id":5693},{"id":"tolu-colombia","name":"Tolu, Colombia","landing_point_id":5808}],"latlon":[{"latlon":"10.940434,-74.779780"},{"latlon":"12.584696,-81.700565"},{"latlon":"3.883675,-77.040301"},{"latlon":"11.482914,-72.952705"},{"latlon":"10.386699,-75.505683"},{"latlon":"9.496294,-75.558564"},{"latlon":"10.940459,-74.779755"}]}
