{"name":"Comoros","cables":[{"id":"comoros-domestic-cable-system","name":"Comoros Domestic Cable System","cable_id":1803},{"id":"avassa","name":"Avassa","cable_id":1872},{"id":"fly-lion3","name":"FLY-LION3","cable_id":1915},{"id":"eastern-africa-submarine-system-eassy","name":"Eastern Africa Submarine System (EASSy)","cable_id":1246}],"landing_points":[{"id":"fomboni-moheli-comoros","name":"Fomboni Moheli, Comoros","landing_point_id":14842},{"id":"mutsamudu-comoros","name":"Mutsamudu, Comoros","landing_point_id":14841},{"id":"chindini-comoros","name":"Chindini, Comoros","landing_point_id":14840},{"id":"moroni-comoros","name":"Moroni, Comoros","landing_point_id":4227}],"latlon":[{"latlon":"-12.288241,43.739585"},{"latlon":"-12.166659,44.400034"},{"latlon":"-11.923495,43.489097"},{"latlon":"-11.700693,43.243394"}]}
