{"name":"Cuba","cables":[{"id":"gtmo-pr","name":"GTMO-PR","cable_id":1918},{"id":"gtmo-1","name":"GTMO-1","cable_id":1917},{"id":"alba-1","name":"ALBA-1","cable_id":1529}],"landing_points":[{"id":"guantanamo-bay-cuba","name":"Guantanamo Bay, Cuba","landing_point_id":17027},{"id":"santiago-de-cuba-cuba","name":"Santiago de Cuba, Cuba","landing_point_id":14733},{"id":"siboney-cuba","name":"Siboney, Cuba","landing_point_id":8351}],"latlon":[{"latlon":"19.939612,-75.158161"},{"latlon":"20.028796,-75.828974"},{"latlon":"19.963635,-75.712372"}]}
