{"name":"Cyprus","cables":[{"id":"turcyos-2","name":"Turcyos-2","cable_id":1705},{"id":"turcyos-1","name":"Turcyos-1","cable_id":1341},{"id":"tamares-north","name":"Tamares North","cable_id":1713},{"id":"hawk","name":"Hawk","cable_id":1523},{"id":"poseidon","name":"POSEIDON","cable_id":1740},{"id":"aphrodite-2","name":"Aphrodite 2","cable_id":1303},{"id":"seamewe-3","name":"SeaMeWe-3","cable_id":1031},{"id":"lev-submarine-system","name":"Lev Submarine System","cable_id":1065},{"id":"cadmos","name":"CADMOS","cable_id":1305},{"id":"ugarit","name":"UGARIT","cable_id":1306},{"id":"mednautilus-submarine-system","name":"MedNautilus Submarine System","cable_id":1185},{"id":"te-northtgn-eurasiaseacomalexandrosmedex","name":"TE North/TGN-Eurasia/SEACOM/Alexandros/Medex","cable_id":1573}],"landing_points":[{"id":"iskele-cyprus","name":"Iskele, Cyprus","landing_point_id":10383},{"id":"girne-cyprus","name":"Girne, Cyprus","landing_point_id":9661},{"id":"yeroskipos-cyprus","name":"Yeroskipos, Cyprus","landing_point_id":5811},{"id":"pentaskhinos-cyprus","name":"Pentaskhinos, Cyprus","landing_point_id":5812}],"latlon":[{"latlon":"35.284392,33.919473"},{"latlon":"35.299126,33.236270"},{"latlon":"34.766411,32.466544"},{"latlon":"34.828484,33.603555"}]}
