{"name":"Denmark","cables":[{"id":"energinet-laeso-varberg","name":"Energinet Laeso-Varberg","cable_id":2003},{"id":"energinet-lyngsa-laeso","name":"Energinet Lyngsa-Laeso","cable_id":2002},{"id":"skagenfiber-east","name":"Skagenfiber East","cable_id":2000},{"id":"skagenfiber-west","name":"Skagenfiber West","cable_id":1999},{"id":"rnne-rdvig","name":"Rønne-Rødvig","cable_id":1975},{"id":"havfrueaec-2","name":"Havfrue/AEC-2","cable_id":1931},{"id":"north-sea-connect-nsc","name":"North Sea Connect (NSC)","cable_id":1912},{"id":"cobracable","name":"COBRAcable","cable_id":1904},{"id":"skagerrak-4","name":"Skagerrak 4","cable_id":1875},{"id":"ip-only-denmark-sweden","name":"IP-Only Denmark-Sweden","cable_id":1765},{"id":"globalconnect-3-gc3","name":"GlobalConnect 3 (GC3)","cable_id":1761},{"id":"kattegat-2","name":"Kattegat 2","cable_id":1688},{"id":"denmark-sweden-16","name":"Denmark-Sweden 16","cable_id":1261},{"id":"cantat-3","name":"CANTAT-3","cable_id":1737},{"id":"denmark-sweden-17","name":"Denmark-Sweden 17","cable_id":1730},{"id":"denmark-norway-6","name":"Denmark-Norway 6","cable_id":1327},{"id":"denmark-norway-5","name":"Denmark-Norway 5","cable_id":1326},{"id":"denmark-poland-2","name":"Denmark-Poland 2","cable_id":1262},{"id":"globalconnect-kpn","name":"GlobalConnect-KPN","cable_id":1762},{"id":"germany-denmark-3","name":"Germany-Denmark 3","cable_id":1764},{"id":"elektra-globalconnect-1-gc1","name":"Elektra-GlobalConnect 1 (GC1)","cable_id":1759},{"id":"germany-denmark-2","name":"Germany-Denmark 2","cable_id":1200},{"id":"baltica","name":"Baltica","cable_id":1199},{"id":"tat-14","name":"TAT-14","cable_id":1043},{"id":"fehmarn-blt","name":"Fehmarn Bält","cable_id":1336},{"id":"globalconnect-2-gc2","name":"GlobalConnect 2 (GC2)","cable_id":1760},{"id":"kattegat-1","name":"Kattegat 1","cable_id":1218},{"id":"denmark-sweden-15","name":"Denmark-Sweden 15","cable_id":1259},{"id":"denmark-sweden-18","name":"Denmark-Sweden 18","cable_id":1731},{"id":"scandinavian-ring-north","name":"Scandinavian Ring North","cable_id":1544},{"id":"scandinavian-ring-south","name":"Scandinavian Ring South","cable_id":1545},{"id":"danica-north","name":"Danica North","cable_id":1541},{"id":"danice","name":"DANICE","cable_id":1568}],"landing_points":[{"id":"laeso-denmark","name":"Laeso, Denmark","landing_point_id":17310},{"id":"skagen-denmark","name":"Skagen, Denmark","landing_point_id":17308},{"id":"hirtshals-denmark","name":"Hirtshals, Denmark","landing_point_id":17309},{"id":"rdvig-denmark","name":"Rødvig, Denmark","landing_point_id":17268},{"id":"rnne-denmark","name":"Rønne, Denmark","landing_point_id":17269},{"id":"blaabjerg-denmark","name":"Blaabjerg, Denmark","landing_point_id":5818},{"id":"esbjerg-denmark","name":"Esbjerg, Denmark","landing_point_id":3250},{"id":"endrup-denmark","name":"Endrup, Denmark","landing_point_id":16951},{"id":"tjele-denmark","name":"Tjele, Denmark","landing_point_id":16362},{"id":"brondby-denmark","name":"Brondby, Denmark","landing_point_id":11045},{"id":"nybor-denmark","name":"Nybor, Denmark","landing_point_id":13466},{"id":"korsor-denmark","name":"Korsor, Denmark","landing_point_id":13465},{"id":"osterby-denmark","name":"Osterby, Denmark","landing_point_id":10322},{"id":"mosede-denmark","name":"Mosede, Denmark","landing_point_id":14583},{"id":"tyra-denmark","name":"Tyra, Denmark","landing_point_id":10782},{"id":"valdemar-denmark","name":"Valdemar, Denmark","landing_point_id":10781},{"id":"south-arne-denmark","name":"South Arne, Denmark","landing_point_id":10780},{"id":"alsgarde-denmark","name":"Alsgarde, Denmark","landing_point_id":10737},{"id":"thisted-denmark","name":"Thisted, Denmark","landing_point_id":6054},{"id":"hjrring-denmark","name":"Hjørring, Denmark","landing_point_id":5821},{"id":"gedebak-odde-denmark","name":"Gedebak Odde, Denmark","landing_point_id":5994},{"id":"gedser-denmark","name":"Gedser, Denmark","landing_point_id":5820},{"id":"pedersker-denmark","name":"Pedersker, Denmark","landing_point_id":5822},{"id":"rodbyhavn-denmark","name":"Rodbyhavn, Denmark","landing_point_id":5814},{"id":"saeby-denmark","name":"Saeby, Denmark","landing_point_id":10606},{"id":"helsingr-denmark","name":"Helsingør, Denmark","landing_point_id":6065},{"id":"dragor-denmark","name":"Dragor, Denmark","landing_point_id":8400},{"id":"tuborg-denmark","name":"Tuborg, Denmark","landing_point_id":8402},{"id":"vestero-denmark","name":"Vestero, Denmark","landing_point_id":10321},{"id":"lyngsa-denmark","name":"Lyngsa, Denmark","landing_point_id":10320}],"latlon":[{"latlon":"57.257001,10.887135"},{"latlon":"57.720917,10.583876"},{"latlon":"57.588190,9.959255"},{"latlon":"55.256148,12.371851"},{"latlon":"55.101021,14.708325"},{"latlon":"55.751680,8.329189"},{"latlon":"55.465218,8.456899"},{"latlon":"55.523115,8.718386"},{"latlon":"56.510798,9.611684"},{"latlon":"55.647249,12.414905"},{"latlon":"55.324104,10.799476"},{"latlon":"55.325752,11.149379"},{"latlon":"57.313459,11.199281"},{"latlon":"55.575850,12.273011"},{"latlon":"55.715608,4.748503"},{"latlon":"55.804072,4.564323"},{"latlon":"56.078291,4.228386"},{"latlon":"56.074885,12.536878"},{"latlon":"56.959162,8.703481"},{"latlon":"57.456135,9.995571"},{"latlon":"55.012593,14.966662"},{"latlon":"54.576351,11.928968"},{"latlon":"55.030928,14.992150"},{"latlon":"55.751533,8.328970"},{"latlon":"54.663069,11.358656"},{"latlon":"57.330829,10.516566"},{"latlon":"56.030439,12.592151"},{"latlon":"55.593538,12.670179"},{"latlon":"55.721956,12.545569"},{"latlon":"57.272248,10.966957"},{"latlon":"57.244807,10.514613"}]}
