{"name":"Djibouti","cables":[{"id":"africa-1","name":"Africa-1","cable_id":1878},{"id":"peace-cable","name":"PEACE Cable","cable_id":1923},{"id":"aden-djibouti","name":"Aden-Djibouti","cable_id":1307},{"id":"djibouti-africa-regional-express-1-dare-1","name":"Djibouti Africa Regional Express 1 (DARE 1)","cable_id":1863},{"id":"seamewe-5","name":"SeaMeWe-5","cable_id":1559},{"id":"asia-africa-europe-1-aae-1","name":"Asia Africa Europe-1 (AAE-1)","cable_id":1739},{"id":"middle-east-north-africa-mena-cable-systemgulf-bridge-international","name":"Middle East North Africa (MENA) Cable System/Gulf Bridge International","cable_id":1558},{"id":"seamewe-3","name":"SeaMeWe-3","cable_id":1031},{"id":"eastern-africa-submarine-system-eassy","name":"Eastern Africa Submarine System (EASSy)","cable_id":1246},{"id":"seacomtata-tgn-eurasia","name":"SEACOM/Tata TGN-Eurasia","cable_id":1552},{"id":"europe-india-gateway-eig","name":"Europe India Gateway (EIG)","cable_id":1580}],"landing_points":[{"id":"djibouti-city-djibouti","name":"Djibouti City, Djibouti","landing_point_id":4177}],"latlon":[{"latlon":"11.594853,43.148033"},{"latlon":"11.594682,43.147984"}]}
