{"name":"Dominican Republic","cables":[{"id":"deep-blue-cable","name":"Deep Blue Cable","cable_id":1913},{"id":"antillas-1","name":"Antillas 1","cable_id":1227},{"id":"south-america-1-sam-1","name":"South America-1 (SAm-1)","cable_id":1083},{"id":"arcos","name":"ARCOS ","cable_id":1078},{"id":"america-movil-submarine-cable-system-1-amx-1","name":"America Movil Submarine Cable System-1 (AMX-1)","cable_id":1686},{"id":"fibralink","name":"Fibralink","cable_id":1361},{"id":"east-west","name":"East-West","cable_id":1671}],"landing_points":[{"id":"puerto-plata-dominican-republic","name":"Puerto Plata, Dominican Republic","landing_point_id":5823},{"id":"santo-domingo-dominican-republic","name":"Santo Domingo, Dominican Republic","landing_point_id":4242},{"id":"punta-cana-dominican-republic","name":"Punta Cana, Dominican Republic","landing_point_id":5694},{"id":"haina-dominican-republic","name":"Haina, Dominican Republic","landing_point_id":10120}],"latlon":[{"latlon":"19.799365,-70.691183"},{"latlon":"18.500001,-69.983273"},{"latlon":"18.621278,-68.438254"},{"latlon":"19.799341,-70.691232"},{"latlon":"18.699000,-70.161838"}]}
