{"name":"Ecuador","cables":[{"id":"pacific-caribbean-cable-system-pccs","name":"Pacific Caribbean Cable System (PCCS)","cable_id":1727},{"id":"pan-american-pan-am","name":"Pan American (PAN-AM)","cable_id":1073},{"id":"south-america-1-sam-1","name":"South America-1 (SAm-1)","cable_id":1083}],"landing_points":[{"id":"manta-ecuador","name":"Manta, Ecuador","landing_point_id":8918},{"id":"punta-carnero-ecuador","name":"Punta Carnero, Ecuador","landing_point_id":5824}],"latlon":[{"latlon":"-0.950014,-80.716190"},{"latlon":"-2.272914,-80.914433"}]}
