{"name":"Equatorial Guinea","cables":[{"id":"ultramar-ge","name":"Ultramar GE","cable_id":1998},{"id":"ceiba-2","name":"Ceiba-2","cable_id":1842},{"id":"ceiba-1","name":"Ceiba-1","cable_id":1699},{"id":"africa-coast-to-europe-ace","name":"Africa Coast to Europe (ACE)","cable_id":1629}],"landing_points":[{"id":"annobon-equatorial-guinea","name":"Annobon, Equatorial Guinea","landing_point_id":17303},{"id":"malabo-equatorial-guinea","name":"Malabo, Equatorial Guinea","landing_point_id":4224},{"id":"bata-equatorial-guinea","name":"Bata, Equatorial Guinea","landing_point_id":9434}],"latlon":[{"latlon":"-1.435122,5.636845"},{"latlon":"3.749788,8.783364"},{"latlon":"1.860067,9.768227"}]}
