{"name":"Estonia","cables":[{"id":"finland-estonia-3-eesf-3","name":"Finland-Estonia 3 (EESF-3)","cable_id":1268},{"id":"sweden-estonia-ee-s-1","name":"Sweden-Estonia (EE-S 1)","cable_id":1221},{"id":"finland-estonia-2-eesf-2","name":"Finland-Estonia 2 (EESF-2)","cable_id":1263},{"id":"finland-estonia-connection-fec","name":"Finland Estonia Connection (FEC)","cable_id":1242},{"id":"baltic-sea-submarine-cable","name":"Baltic Sea Submarine Cable","cable_id":1624}],"landing_points":[{"id":"meremisa-estonia","name":"Meremöisa, Estonia","landing_point_id":5999},{"id":"krdla-estonia","name":"Kärdla, Estonia","landing_point_id":5828},{"id":"tallinn-estonia","name":"Tallinn, Estonia","landing_point_id":3089}],"latlon":[{"latlon":"59.400848,24.276618"},{"latlon":"59.000860,22.738045"},{"latlon":"59.436200,24.752399"}]}
