{"name":"Faeroe Islands","cables":[{"id":"cantat-3","name":"CANTAT-3","cable_id":1737},{"id":"farice-1","name":"FARICE-1","cable_id":1240},{"id":"shefa-2","name":"SHEFA-2","cable_id":1576}],"landing_points":[{"id":"tjornuvik-faeroe-islands","name":"Tjornuvik, Faeroe Islands","landing_point_id":5724},{"id":"funningsfjordur-faeroe-islands","name":"Funningsfjordur, Faeroe Islands","landing_point_id":5725},{"id":"torshavn-faeroe-islands","name":"Torshavn, Faeroe Islands","landing_point_id":8681}],"latlon":[{"latlon":"62.289921,-7.147231"},{"latlon":"62.244108,-6.928140"},{"latlon":"62.017461,-6.771841"}]}
