{"name":"Federated States of Micronesia","cables":[{"id":"chuuk-pohnpei-cable","name":"Chuuk-Pohnpei Cable","cable_id":1908},{"id":"sea-us","name":"SEA-US","cable_id":1823},{"id":"hantru1-cable-system","name":"HANTRU1 Cable System","cable_id":1605}],"landing_points":[{"id":"weno-chuuk-federated-states-of-micronesia","name":"Weno, Chuuk, Federated States of Micronesia","landing_point_id":16967},{"id":"magachgil-yap-federated-states-of-micronesia","name":"Magachgil, Yap, Federated States of Micronesia","landing_point_id":16966},{"id":"pohnpei-federated-states-of-micronesia","name":"Pohnpei, Federated States of Micronesia","landing_point_id":9062}],"latlon":[{"latlon":"7.439996,151.858479"},{"latlon":"9.443926,138.061488"},{"latlon":"7.786407,159.070267"}]}
