{"name":"Fiji","cables":[{"id":"southern-cross-next","name":"Southern Cross NEXT                                                                                           ","cable_id":1894},{"id":"tui-samoa","name":"Tui-Samoa","cable_id":1855},{"id":"tonga-cable","name":"Tonga Cable","cable_id":1687},{"id":"interchange-cable-network-1-icn1","name":"Interchange Cable Network 1 (ICN1)","cable_id":1682},{"id":"southern-cross-cable-network-sccn","name":"Southern Cross Cable Network (SCCN)","cable_id":1009}],"landing_points":[{"id":"suva-fiji","name":"Suva, Fiji","landing_point_id":4268},{"id":"savusavu-fiji","name":"Savusavu, Fiji","landing_point_id":17015}],"latlon":[{"latlon":"-18.123639,178.437446"},{"latlon":"-16.808015,179.349750"},{"latlon":"-18.123810,178.437446"}]}
