{"name":"Finland","cables":[{"id":"eastern-light","name":"Eastern Light","cable_id":1710},{"id":"c-lion1","name":"C-Lion1","cable_id":1816},{"id":"botnia","name":"Botnia","cable_id":1271},{"id":"sweden-finland-4-sfs-4","name":"Sweden-Finland 4 (SFS-4)","cable_id":1207},{"id":"finland-estonia-3-eesf-3","name":"Finland-Estonia 3 (EESF-3)","cable_id":1268},{"id":"finland-estonia-2-eesf-2","name":"Finland-Estonia 2 (EESF-2)","cable_id":1263},{"id":"finland-estonia-connection-fec","name":"Finland Estonia Connection (FEC)","cable_id":1242},{"id":"bcs-north---phase-2","name":"BCS North - Phase 2","cable_id":1610},{"id":"sweden-finland-link-sfl","name":"Sweden-Finland Link (SFL)","cable_id":1208},{"id":"bcs-north---phase-1","name":"BCS North - Phase 1","cable_id":1609},{"id":"baltic-sea-submarine-cable","name":"Baltic Sea Submarine Cable","cable_id":1624}],"landing_points":[{"id":"hanko-finland","name":"Hanko, Finland","landing_point_id":7694},{"id":"helsinki-finland","name":"Helsinki, Finland","landing_point_id":3064},{"id":"kotka-finland","name":"Kotka, Finland","landing_point_id":4552},{"id":"vaasa-finland","name":"Vaasa, Finland","landing_point_id":5052},{"id":"turku-finland","name":"Turku, Finland","landing_point_id":3126},{"id":"mariehamn-finland","name":"Mariehamn, Finland","landing_point_id":5830},{"id":"haradsholm-finland","name":"Haradsholm, Finland","landing_point_id":9104}],"latlon":[{"latlon":"59.823211,22.968221"},{"latlon":"60.171075,24.932490"},{"latlon":"60.501043,26.883563"},{"latlon":"63.095194,21.616366"},{"latlon":"60.449309,22.259237"},{"latlon":"60.113836,19.937851"},{"latlon":"60.300970,22.302108"}]}
