{"name":"France","cables":[{"id":"dunant","name":"Dunant","cable_id":1971},{"id":"peace-cable","name":"PEACE Cable","cable_id":1923},{"id":"africa-1","name":"Africa-1","cable_id":1878},{"id":"seamewe-5","name":"SeaMeWe-5","cable_id":1559},{"id":"corse-continent-5-cc5","name":"Corse-Continent 5 (CC5)","cable_id":1428},{"id":"corse-continent-4-cc4","name":"Corse-Continent 4 (CC4)","cable_id":1427},{"id":"ingrid","name":"INGRID","cable_id":1700},{"id":"seamewe-3","name":"SeaMeWe-3","cable_id":1031},{"id":"tat-14","name":"TAT-14","cable_id":1043},{"id":"ireland-france-cable-1-ifc-1","name":"Ireland-France Cable-1 (IFC-1)","cable_id":1889},{"id":"high-capacity-undersea-guernsey-optical-fibre-hugo","name":"High-capacity Undersea Guernsey Optical-fibre (HUGO)","cable_id":1697},{"id":"apollo","name":"Apollo","cable_id":1213},{"id":"flag-atlantic-1-fa-1","name":"FLAG Atlantic-1 (FA-1)","cable_id":1028},{"id":"circe-south","name":"Circe South","cable_id":1323},{"id":"asia-africa-europe-1-aae-1","name":"Asia Africa Europe-1 (AAE-1)","cable_id":1739},{"id":"seamewe-4","name":"SeaMeWe-4","cable_id":1035},{"id":"med-cable-network","name":"Med Cable Network","cable_id":1366},{"id":"atlas-offshore","name":"Atlas Offshore","cable_id":1512},{"id":"imewe","name":"IMEWE","cable_id":1536},{"id":"hawk","name":"Hawk","cable_id":1523},{"id":"te-northtgn-eurasiaseacomalexandrosmedex","name":"TE North/TGN-Eurasia/SEACOM/Alexandros/Medex","cable_id":1573},{"id":"africa-coast-to-europe-ace","name":"Africa Coast to Europe (ACE)","cable_id":1629}],"landing_points":[{"id":"saint-hilaire-de-riez-france","name":"Saint-Hilaire-de-Riez, France","landing_point_id":9775},{"id":"marseille-france","name":"Marseille, France","landing_point_id":3210},{"id":"toulon-france","name":"Toulon, France","landing_point_id":5346},{"id":"ajaccio-france","name":"Ajaccio, France","landing_point_id":6053},{"id":"la-seyne-france","name":"La Seyne, France","landing_point_id":7766},{"id":"lle-rousse-france","name":"L’Île-Rousse, France","landing_point_id":7765},{"id":"cannes-france","name":"Cannes, France","landing_point_id":6279},{"id":"surville-france","name":"Surville, France","landing_point_id":10378},{"id":"penmarch-france","name":"Penmarch, France","landing_point_id":3119},{"id":"st-valry-france","name":"St. Valéry, France","landing_point_id":5331},{"id":"lannion-france","name":"Lannion, France","landing_point_id":5837},{"id":"plerin-france","name":"Plerin, France","landing_point_id":5836},{"id":"cayeux-sur-mer-france","name":"Cayeux-sur-Mer, France","landing_point_id":6051}],"latlon":[{"latlon":"46.693994,-1.968303"},{"latlon":"43.293580,5.372489"},{"latlon":"43.125294,5.930338"},{"latlon":"41.919326,8.738638"},{"latlon":"43.102907,5.878092"},{"latlon":"42.636513,8.937075"},{"latlon":"43.552931,7.017349"},{"latlon":"49.283287,-1.650017"},{"latlon":"47.811315,-4.338688"},{"latlon":"49.860423,0.708478"},{"latlon":"48.730260,-3.459928"},{"latlon":"48.534740,-2.768083"},{"latlon":"50.178806,1.493438"},{"latlon":"43.293165,5.372623"}]}
