{"name":"French Polynesia","cables":[{"id":"manatua","name":"Manatua","cable_id":1949},{"id":"natitua","name":"NATITUA","cable_id":1916},{"id":"honotua","name":"Honotua","cable_id":1556}],"landing_points":[{"id":"toahotu-french-polynesia","name":"To'ahotu, French Polynesia","landing_point_id":17378},{"id":"vaitape-french-polynesia","name":"Vaitape, French Polynesia","landing_point_id":14800},{"id":"hao-french-polynesia","name":"Hao, French Polynesia","landing_point_id":17095},{"id":"takaroa-french-polynesia","name":"Takaroa, French Polynesia","landing_point_id":17067},{"id":"manihi-french-polynesia","name":"Manihi, French Polynesia","landing_point_id":17068},{"id":"rangiroa-french-polynesia","name":"Rangiroa, French Polynesia","landing_point_id":17069},{"id":"arutua-french-polynesia","name":"Arutua, French Polynesia","landing_point_id":17070},{"id":"kaukura-french-polynesia","name":"Kaukura, French Polynesia","landing_point_id":17071},{"id":"fakarava-french-polynesia","name":"Fakarava, French Polynesia","landing_point_id":17072},{"id":"makemo-french-polynesia","name":"Makemo, French Polynesia","landing_point_id":17073},{"id":"hitiaa-french-polynesia","name":"Hitia'a, French Polynesia","landing_point_id":17075},{"id":"hiva-oa-french-polynesia","name":"Hiva Oa, French Polynesia","landing_point_id":17077},{"id":"nuku-hiva-french-polynesia","name":"Nuku Hiva, French Polynesia","landing_point_id":17076},{"id":"huahine-french-polynesia","name":"Huahine, French Polynesia","landing_point_id":14804},{"id":"moorea-french-polynesia","name":"Moorea, French Polynesia","landing_point_id":14798},{"id":"uturoa-french-polynesia","name":"Uturoa, French Polynesia","landing_point_id":14799},{"id":"papenoo-french-polynesia","name":"Papenoo, French Polynesia","landing_point_id":8974}],"latlon":[{"latlon":"-17.750446,-149.323363"},{"latlon":"-16.506281,-151.749531"},{"latlon":"-18.215753,-140.908090"},{"latlon":"-14.449764,-144.972208"},{"latlon":"-14.402889,-145.958145"},{"latlon":"-15.116219,-147.651309"},{"latlon":"-15.289900,-146.786154"},{"latlon":"-15.741389,-146.673843"},{"latlon":"-16.310310,-145.624564"},{"latlon":"-16.539558,-143.867192"},{"latlon":"-17.723322,-149.308119"},{"latlon":"-9.754673,-139.021125"},{"latlon":"-8.860484,-140.142096"},{"latlon":"-16.730061,-151.000068"},{"latlon":"-17.538776,-149.829561"},{"latlon":"-16.730915,-151.443037"},{"latlon":"-16.506330,-151.749531"},{"latlon":"-17.512336,-149.441084"}]}
