{"name":"Gabon","cables":[{"id":"libreville-port-gentil-cable","name":"Libreville-Port Gentil Cable","cable_id":1747},{"id":"sat-3wasc","name":"SAT-3/WASC","cable_id":1219},{"id":"africa-coast-to-europe-ace","name":"Africa Coast to Europe (ACE)","cable_id":1629}],"landing_points":[{"id":"port-gentil-gabon","name":"Port Gentil, Gabon","landing_point_id":10818},{"id":"libreville-gabon","name":"Libreville, Gabon","landing_point_id":4221}],"latlon":[{"latlon":"-0.721035,8.781606"},{"latlon":"0.394272,9.454360"}]}
