{"name":"Germany","cables":[{"id":"c-lion1","name":"C-Lion1","cable_id":1816},{"id":"globalconnect-kpn","name":"GlobalConnect-KPN","cable_id":1762},{"id":"elektra-globalconnect-1-gc1","name":"Elektra-GlobalConnect 1 (GC1)","cable_id":1759},{"id":"germany-denmark-3","name":"Germany-Denmark 3","cable_id":1764},{"id":"seamewe-3","name":"SeaMeWe-3","cable_id":1031},{"id":"cantat-3","name":"CANTAT-3","cable_id":1737},{"id":"atlantic-crossing-1-ac-1","name":"Atlantic Crossing-1 (AC-1)","cable_id":1143},{"id":"tat-14","name":"TAT-14","cable_id":1043},{"id":"germany-denmark-2","name":"Germany-Denmark 2","cable_id":1200},{"id":"fehmarn-blt","name":"Fehmarn Bält","cable_id":1336}],"landing_points":[{"id":"rostock-germany","name":"Rostock, Germany","landing_point_id":3130},{"id":"markgrafenheide-germany","name":"Markgrafenheide, Germany","landing_point_id":14585},{"id":"norden-germany","name":"Norden, Germany","landing_point_id":5840},{"id":"sylt-germany","name":"Sylt, Germany","landing_point_id":3142},{"id":"ribnitz-germany","name":"Ribnitz, Germany","landing_point_id":5842},{"id":"puttgarden-germany","name":"Puttgarden, Germany","landing_point_id":5839}],"latlon":[{"latlon":"54.078890,12.132386"},{"latlon":"54.191402,12.149476"},{"latlon":"53.595480,7.201822"},{"latlon":"54.898506,8.383364"},{"latlon":"54.243343,12.431507"},{"latlon":"54.496065,11.212464"}]}
