{"name":"Greece","cables":[{"id":"italy-greece-1","name":"Italy-Greece 1","cable_id":1299},{"id":"adria-1","name":"Adria-1","cable_id":1317},{"id":"asia-africa-europe-1-aae-1","name":"Asia Africa Europe-1 (AAE-1)","cable_id":1739},{"id":"aphrodite-2","name":"Aphrodite 2","cable_id":1303},{"id":"mednautilus-submarine-system","name":"MedNautilus Submarine System","cable_id":1185},{"id":"seamewe-3","name":"SeaMeWe-3","cable_id":1031},{"id":"oteglobe-kokkini-bari","name":"OTEGLOBE Kokkini-Bari","cable_id":1383},{"id":"silphium","name":"Silphium","cable_id":1665}],"landing_points":[{"id":"corfu-greece","name":"Corfu, Greece","landing_point_id":6024},{"id":"chania-greece","name":"Chania, Greece","landing_point_id":5723},{"id":"athens-greece","name":"Athens, Greece","landing_point_id":3211},{"id":"kokkini-greece","name":"Kokkini, Greece","landing_point_id":7730}],"latlon":[{"latlon":"39.619302,19.919492"},{"latlon":"35.511809,24.012165"},{"latlon":"37.976078,23.736287"},{"latlon":"39.753824,19.923984"}]}
