{"name":"Greenland","cables":[{"id":"greenland-connect-north","name":"Greenland Connect North","cable_id":1897},{"id":"greenland-connect","name":"Greenland Connect","cable_id":1569}],"landing_points":[{"id":"sisimiut-greenland","name":"Sisimiut, Greenland","landing_point_id":16720},{"id":"maniitsoq-greenland","name":"Maniitsoq, Greenland","landing_point_id":16719},{"id":"aasiaat-greenland","name":"Aasiaat, Greenland","landing_point_id":16718},{"id":"nuuk-greenland","name":"Nuuk, Greenland","landing_point_id":8488},{"id":"qaqortoq-greenland","name":"Qaqortoq, Greenland","landing_point_id":8543}],"latlon":[{"latlon":"66.939467,-53.673381"},{"latlon":"65.407681,-52.905718"},{"latlon":"68.706971,-52.859111"},{"latlon":"64.181131,-51.729962"},{"latlon":"60.718938,-46.035396"}]}
