{"name":"Grenada","cables":[{"id":"eastern-caribbean-fiber-system-ecfs","name":"Eastern Caribbean Fiber System (ECFS)","cable_id":1290},{"id":"caribbean-regional-communications-infrastructure-program-carcip","name":"Caribbean Regional Communications Infrastructure Program (CARCIP)","cable_id":2004},{"id":"southern-caribbean-fiber","name":"Southern Caribbean Fiber","cable_id":1619}],"landing_points":[{"id":"port-salines-grenada","name":"Port Salines, Grenada","landing_point_id":17317},{"id":"conference-grenada","name":"Conference, Grenada","landing_point_id":17316},{"id":"carriacou-grenada","name":"Carriacou, Grenada","landing_point_id":17322}],"latlon":[{"latlon":"12.008817,-61.790577"},{"latlon":"12.161210,-61.606385"},{"latlon":"12.473710,-61.478614"}]}
