{"name":"Guam","cables":[{"id":"mariana-guam-cable","name":"Mariana-Guam Cable","cable_id":1757},{"id":"australia-japan-cable-ajc","name":"Australia-Japan Cable (AJC)","cable_id":1102},{"id":"guam-okinawa-kyushu-incheon-goki","name":"Guam Okinawa Kyushu Incheon (GOKI)","cable_id":1692},{"id":"asia-america-gateway-aag-cable-system","name":"Asia-America Gateway (AAG) Cable System","cable_id":1507}],"landing_points":[{"id":"tanguisson-point-guam","name":"Tanguisson Point, Guam","landing_point_id":3251},{"id":"tumon-bay-guam","name":"Tumon Bay, Guam","landing_point_id":5972}],"latlon":[{"latlon":"13.549100,144.809337"},{"latlon":"13.513590,144.800548"}]}
