{"name":"Guatemala","cables":[{"id":"america-movil-submarine-cable-system-1-amx-1","name":"America Movil Submarine Cable System-1 (AMX-1)","cable_id":1686},{"id":"arcos","name":"ARCOS ","cable_id":1078},{"id":"south-america-1-sam-1","name":"South America-1 (SAm-1)","cable_id":1083}],"landing_points":[{"id":"puerto-barrios-guatemala","name":"Puerto Barrios, Guatemala","landing_point_id":5848},{"id":"puerto-san-jose-guatemala","name":"Puerto San Jose, Guatemala","landing_point_id":5849}],"latlon":[{"latlon":"15.727138,-88.597241"},{"latlon":"13.934610,-90.822216"}]}
