{"name":"Guernsey","cables":[{"id":"ingrid","name":"INGRID","cable_id":1700},{"id":"channel-islands-9-liberty-submarine-cable","name":"Channel Islands-9 Liberty Submarine Cable","cable_id":1784},{"id":"uk-channel-islands-7","name":"UK-Channel Islands-7","cable_id":1703},{"id":"guernsey-jersey-4","name":"Guernsey-Jersey-4","cable_id":1702},{"id":"high-capacity-undersea-guernsey-optical-fibre-hugo","name":"High-capacity Undersea Guernsey Optical-fibre (HUGO)","cable_id":1697}],"landing_points":[{"id":"havelet-bay-guernsey","name":"Havelet Bay, Guernsey","landing_point_id":10376},{"id":"lancresse-bay-guernsey","name":"L'Ancresse Bay, Guernsey","landing_point_id":10380},{"id":"saints-bay-guernsey","name":"Saints Bay, Guernsey","landing_point_id":10374},{"id":"pembroke-guernsey","name":"Pembroke, Guernsey","landing_point_id":10373}],"latlon":[{"latlon":"49.450987,-2.529509"},{"latlon":"49.503392,-2.533464"},{"latlon":"49.423326,-2.558025"},{"latlon":"49.509544,-2.537614"}]}
