{"name":"Haiti","cables":[{"id":"deep-blue-cable","name":"Deep Blue Cable","cable_id":1913},{"id":"fibralink","name":"Fibralink","cable_id":1361},{"id":"bahamas-domestic-submarine-network-bdsni","name":"Bahamas Domestic Submarine Network (BDSNi)","cable_id":1510}],"landing_points":[{"id":"arcahaie-haiti","name":"Arcahaie, Haiti","landing_point_id":16979},{"id":"kaliko-haiti","name":"Kaliko, Haiti","landing_point_id":14805},{"id":"port-au-prince-haiti","name":"Port-au-Prince, Haiti","landing_point_id":3878}],"latlon":[{"latlon":"18.770338,-72.513094"},{"latlon":"18.864588,-72.608711"},{"latlon":"18.542689,-72.343135"}]}
