{"name":"Honduras","cables":[{"id":"arcos","name":"ARCOS ","cable_id":1078},{"id":"maya-1","name":"Maya-1","cable_id":1071}],"landing_points":[{"id":"puerto-lempira-honduras","name":"Puerto Lempira, Honduras","landing_point_id":5692},{"id":"trujillo-honduras","name":"Trujillo, Honduras","landing_point_id":5850},{"id":"puerto-cortes-honduras","name":"Puerto Cortes, Honduras","landing_point_id":5851}],"latlon":[{"latlon":"15.261221,-83.776760"},{"latlon":"15.915151,-85.954762"},{"latlon":"15.844802,-87.946070"}]}
