{"name":"Iceland","cables":[{"id":"cantat-3","name":"CANTAT-3","cable_id":1737},{"id":"farice-1","name":"FARICE-1","cable_id":1240},{"id":"greenland-connect","name":"Greenland Connect","cable_id":1569},{"id":"danice","name":"DANICE","cable_id":1568}],"landing_points":[{"id":"vestmannaeyjar-iceland","name":"Vestmannaeyjar, Iceland","landing_point_id":5858},{"id":"seydisfjordur-iceland","name":"Seydisfjordur, Iceland","landing_point_id":5859},{"id":"landeyjar-iceland","name":"Landeyjar, Iceland","landing_point_id":8994},{"id":"landeyjasandur-iceland","name":"Landeyjasandur, Iceland","landing_point_id":8544}],"latlon":[{"latlon":"63.437687,-20.267293"},{"latlon":"65.251346,-14.018029"},{"latlon":"63.642167,-20.142294"},{"latlon":"63.733072,-20.666756"}]}
