{"name":"India","cables":[{"id":"iox-cable-system","name":"IOX Cable System","cable_id":1901},{"id":"chennai-andaman-nicobar-islands-cable","name":"Chennai-Andaman & Nicobar Islands Cable","cable_id":1861},{"id":"asia-africa-europe-1-aae-1","name":"Asia Africa Europe-1 (AAE-1)","cable_id":1739},{"id":"bay-of-bengal-gateway-bbg","name":"Bay of Bengal Gateway (BBG)","cable_id":1735},{"id":"flag-europe-asia-fea","name":"FLAG Europe-Asia (FEA)","cable_id":1027},{"id":"seamewe-3","name":"SeaMeWe-3","cable_id":1031},{"id":"south-asia-express-saex2","name":"South Asia Express (SAEx2)","cable_id":1973},{"id":"i2i-cable-network-i2icn","name":"i2i Cable Network (i2icn)","cable_id":1179},{"id":"safe","name":"SAFE","cable_id":1220},{"id":"tata-tgn-tata-indicom","name":"Tata TGN-Tata Indicom","cable_id":1252},{"id":"seamewe-4","name":"SeaMeWe-4","cable_id":1035},{"id":"bharat-lanka-cable-system","name":"Bharat Lanka Cable System","cable_id":1356},{"id":"falcon","name":"FALCON","cable_id":1346},{"id":"warf-submarine-cable","name":"WARF Submarine Cable","cable_id":1517},{"id":"seacomtata-tgn-eurasia","name":"SEACOM/Tata TGN-Eurasia","cable_id":1552},{"id":"imewe","name":"IMEWE","cable_id":1536},{"id":"europe-india-gateway-eig","name":"Europe India Gateway (EIG)","cable_id":1580},{"id":"gulf-bridge-international-cable-system-gbicsmiddle-east-north-africa-mena-cable-system","name":"Gulf Bridge International Cable System (GBICS)/Middle East North Africa (MENA) Cable System","cable_id":1598}],"landing_points":[{"id":"puducherry-india","name":"Puducherry, India","landing_point_id":15820},{"id":"great-nicobar-india","name":"Great Nicobar, India","landing_point_id":17257},{"id":"kamorta-india","name":"Kamorta, India","landing_point_id":17256},{"id":"car-nicobar-india","name":"Car Nicobar, India","landing_point_id":17255},{"id":"little-andaman-india","name":"Little Andaman, India","landing_point_id":17254},{"id":"port-blair-india","name":"Port Blair, India","landing_point_id":17253},{"id":"havelock-india","name":"Havelock, India","landing_point_id":17252},{"id":"long-island-india","name":"Long Island, India","landing_point_id":17251},{"id":"rangat-india","name":"Rangat, India","landing_point_id":17250},{"id":"mumbai-india","name":"Mumbai, India","landing_point_id":3212},{"id":"cochin-india","name":"Cochin, India","landing_point_id":4322},{"id":"chennai-india","name":"Chennai, India","landing_point_id":4191},{"id":"tuticorine-india","name":"Tuticorine, India","landing_point_id":7678},{"id":"trivendrum-india","name":"Trivendrum, India","landing_point_id":7706}],"latlon":[{"latlon":"11.914359,79.737200"},{"latlon":"7.031330,93.927403"},{"latlon":"8.172223,93.481407"},{"latlon":"9.177495,92.816442"},{"latlon":"10.709038,92.597155"},{"latlon":"11.623368,92.726476"},{"latlon":"11.976054,92.987560"},{"latlon":"12.396488,92.935070"},{"latlon":"12.506937,92.913854"},{"latlon":"19.075794,72.875899"},{"latlon":"9.938091,76.269550"},{"latlon":"13.063480,80.243083"},{"latlon":"8.802203,78.145135"},{"latlon":"8.798150,76.970233"}]}
