{"name":"Iran","cables":[{"id":"kuwait-iran","name":"Kuwait-Iran","cable_id":1250},{"id":"pishgaman-oman-iran-poi-network","name":"Pishgaman Oman Iran (POI) Network","cable_id":1689},{"id":"omranepeg-cable-system","name":"OMRAN/EPEG Cable System","cable_id":1695},{"id":"uae-iran","name":"UAE-Iran","cable_id":1308},{"id":"falcon","name":"FALCON","cable_id":1346},{"id":"gulf-bridge-international-cable-system-gbicsmiddle-east-north-africa-mena-cable-system","name":"Gulf Bridge International Cable System (GBICS)/Middle East North Africa (MENA) Cable System","cable_id":1598}],"landing_points":[{"id":"khark-island-iran","name":"Khark Island, Iran","landing_point_id":10603},{"id":"soroosh-platform-iran","name":"Soroosh Platform, Iran","landing_point_id":10604},{"id":"ganaveh-iran","name":"Ganaveh, Iran","landing_point_id":5990},{"id":"jask-iran","name":"Jask, Iran","landing_point_id":6031},{"id":"chabahar-iran","name":"Chabahar, Iran","landing_point_id":8849},{"id":"bandar-abbas-iran","name":"Bandar Abbas, Iran","landing_point_id":8848},{"id":"bushehr-iran","name":"Bushehr, Iran","landing_point_id":9683}],"latlon":[{"latlon":"29.245772,50.312043"},{"latlon":"29.072481,49.478059"},{"latlon":"29.570747,50.521125"},{"latlon":"25.681235,57.797391"},{"latlon":"25.298228,60.629616"},{"latlon":"27.187167,56.274345"},{"latlon":"28.970015,50.842707"}]}
