{"name":"Ireland","cables":[{"id":"havfrueaec-2","name":"Havfrue/AEC-2","cable_id":1931},{"id":"aeconnect-1","name":"AEConnect-1","cable_id":1691},{"id":"gtt-express","name":"GTT Express","cable_id":1673},{"id":"geo-eirgrid","name":"Geo-Eirgrid","cable_id":1685},{"id":"celtixconnect-2-cc-2","name":"CeltixConnect-2 (CC-2)","cable_id":1911},{"id":"gtt-atlantic","name":"GTT Atlantic","cable_id":1080},{"id":"ireland-france-cable-1-ifc-1","name":"Ireland-France Cable-1 (IFC-1)","cable_id":1889},{"id":"celtic","name":"Celtic","cable_id":1054},{"id":"esat-1","name":"ESAT-1","cable_id":1223},{"id":"esat-2","name":"ESAT-2","cable_id":1224},{"id":"solas","name":"Solas","cable_id":1205},{"id":"pan-european-crossing-uk-ireland","name":"Pan European Crossing (UK-Ireland)","cable_id":1547},{"id":"sirius-south","name":"Sirius South","cable_id":1092},{"id":"emerald-bridge-fibres","name":"Emerald Bridge Fibres","cable_id":1684},{"id":"celtixconnect-1-cc-1","name":"CeltixConnect-1 (CC-1)","cable_id":1641}],"landing_points":[{"id":"lecanvey-ireland","name":"Lecanvey, Ireland","landing_point_id":17094},{"id":"killala-ireland","name":"Killala, Ireland","landing_point_id":14732},{"id":"cork-ireland","name":"Cork, Ireland","landing_point_id":3522},{"id":"lusk-ireland","name":"Lusk, Ireland","landing_point_id":10907},{"id":"dublin-ireland","name":"Dublin, Ireland","landing_point_id":3077},{"id":"kilmore-quay-ireland","name":"Kilmore Quay, Ireland","landing_point_id":5863},{"id":"sandymount-ireland","name":"Sandymount, Ireland","landing_point_id":5865},{"id":"ballygrangans-ireland","name":"Ballygrangans, Ireland","landing_point_id":8406},{"id":"ballinesker-ireland","name":"Ballinesker, Ireland","landing_point_id":8407},{"id":"clonshaugh-ireland","name":"Clonshaugh, Ireland","landing_point_id":10313}],"latlon":[{"latlon":"53.770821,-9.696498"},{"latlon":"54.206832,-9.232191"},{"latlon":"51.898337,-8.472768"},{"latlon":"53.526254,-6.165884"},{"latlon":"53.348043,-6.248257"},{"latlon":"52.174582,-6.584097"},{"latlon":"53.331417,-6.215445"},{"latlon":"52.184079,-6.558804"},{"latlon":"52.401462,-6.364859"},{"latlon":"53.410055,-6.197915"}]}
