{"name":"Isle of Man","cables":[{"id":"celtixconnect-2-cc-2","name":"CeltixConnect-2 (CC-2)","cable_id":1911},{"id":"e-llan","name":"E-LLAN","cable_id":1753},{"id":"bt-mt-1","name":"BT-MT-1","cable_id":1752},{"id":"lanis-2","name":"Lanis-2","cable_id":1751},{"id":"lanis-1","name":"Lanis-1","cable_id":1616}],"landing_points":[{"id":"port-erin-isle-of-man","name":"Port Erin, Isle of Man","landing_point_id":17306},{"id":"douglas-isle-of-man","name":"Douglas, Isle of Man","landing_point_id":3171},{"id":"groudle-bay-isle-of-man","name":"Groudle Bay, Isle of Man","landing_point_id":13374},{"id":"peel-isle-of-man","name":"Peel, Isle of Man","landing_point_id":13372},{"id":"port-grenaugh-isle-of-man","name":"Port Grenaugh, Isle of Man","landing_point_id":13370}],"latlon":[{"latlon":"54.087203,-4.760441"},{"latlon":"54.150277,-4.480875"},{"latlon":"54.166976,-4.423893"},{"latlon":"54.222445,-4.691422"},{"latlon":"54.099996,-4.566666"}]}
