{"name":"Israel","cables":[{"id":"lev-submarine-system","name":"Lev Submarine System","cable_id":1065},{"id":"mednautilus-submarine-system","name":"MedNautilus Submarine System","cable_id":1185},{"id":"tamares-north","name":"Tamares North","cable_id":1713},{"id":"jonah","name":"Jonah","cable_id":1677}],"landing_points":[{"id":"tel-aviv-israel","name":"Tel Aviv, Israel","landing_point_id":3213},{"id":"haifa-israel","name":"Haifa, Israel","landing_point_id":3905}],"latlon":[{"latlon":"32.044599,34.769668"},{"latlon":"32.811420,34.998769"}]}
