{"name":"Jamaica","cables":[{"id":"deep-blue-cable","name":"Deep Blue Cable","cable_id":1913},{"id":"colombia-florida-subsea-fiber-cfx-1","name":"Colombia-Florida Subsea Fiber (CFX-1)","cable_id":1554},{"id":"cayman-jamaica-fiber-system","name":"Cayman-Jamaica Fiber System","cable_id":1068},{"id":"fibralink","name":"Fibralink","cable_id":1361},{"id":"alba-1","name":"ALBA-1","cable_id":1529},{"id":"east-west","name":"East-West","cable_id":1671}],"landing_points":[{"id":"kingston-jamaica","name":"Kingston, Jamaica","landing_point_id":3272},{"id":"ocho-rios-jamaica","name":"Ocho Rios, Jamaica","landing_point_id":7688},{"id":"montego-bay-jamaica","name":"Montego Bay, Jamaica","landing_point_id":7687},{"id":"copa-club-jamaica","name":"Copa Club, Jamaica","landing_point_id":16969},{"id":"bull-bay-jamaica","name":"Bull Bay, Jamaica","landing_point_id":7689},{"id":"morant-point-jamaica","name":"Morant Point, Jamaica","landing_point_id":8685},{"id":"harbour-view-jamaica","name":"Harbour View, Jamaica","landing_point_id":9600}],"latlon":[{"latlon":"17.992604,-76.792132"},{"latlon":"18.398573,-77.103228"},{"latlon":"18.469361,-77.921380"},{"latlon":"17.942958,-76.689361"},{"latlon":"17.992225,-76.792157"},{"latlon":"17.949671,-76.666668"},{"latlon":"17.918360,-76.184344"},{"latlon":"18.398560,-77.103192"},{"latlon":"17.949671,-76.716864"}]}
