{"name":"Japan","cables":[{"id":"okinawa-cellular-cable","name":"Okinawa Cellular Cable","cable_id":2042},{"id":"miyazaki-okinawa-cable-moc","name":"Miyazaki-Okinawa Cable (MOC)","cable_id":2035},{"id":"japan-information-highway-jih","name":"Japan Information Highway (JIH)","cable_id":1075},{"id":"southeast-asia-japan-cable-2-sjc2","name":"Southeast Asia-Japan Cable 2 (SJC2)","cable_id":1958},{"id":"japan-guam-australia-north-jga-n","name":"Japan-Guam-Australia North (JGA-N)","cable_id":1919},{"id":"jupiter","name":"JUPITER","cable_id":1928},{"id":"faster","name":"FASTER","cable_id":1794},{"id":"asia-pacific-gateway-apg","name":"Asia Pacific Gateway (APG)","cable_id":1617},{"id":"pacific-crossing-1-pc-1","name":"Pacific Crossing-1 (PC-1)","cable_id":1007},{"id":"japan-u-s-cable-network-jus","name":"Japan-U.S. Cable Network (JUS)","cable_id":1010},{"id":"new-cross-pacific-ncp-cable-system","name":"New Cross Pacific (NCP) Cable System","cable_id":1786},{"id":"asia-submarine-cable-express-asecahaya-malaysia","name":"Asia Submarine-cable Express (ASE)/Cahaya Malaysia","cable_id":1679},{"id":"flag-europe-asia-fea","name":"FLAG Europe-Asia (FEA)","cable_id":1027},{"id":"guam-okinawa-kyushu-incheon-goki","name":"Guam Okinawa Kyushu Incheon (GOKI)","cable_id":1692},{"id":"seamewe-3","name":"SeaMeWe-3","cable_id":1031},{"id":"australia-japan-cable-ajc","name":"Australia-Japan Cable (AJC)","cable_id":1102},{"id":"apcn-2","name":"APCN-2","cable_id":1049},{"id":"flag-north-asia-loopreach-north-asia-loop","name":"FLAG North Asia Loop/REACH North Asia Loop","cable_id":1150},{"id":"tata-tgn-pacific","name":"Tata TGN-Pacific","cable_id":1155},{"id":"korea-japan-cable-network-kjcn","name":"Korea-Japan Cable Network (KJCN)","cable_id":1231},{"id":"hokkaido-sakhalin-cable-system-hscs","name":"Hokkaido-Sakhalin Cable System (HSCS)","cable_id":1528},{"id":"russia-japan-cable-network-rjcn","name":"Russia-Japan Cable Network (RJCN)","cable_id":1518},{"id":"unityeac-pacific","name":"Unity/EAC-Pacific","cable_id":1525},{"id":"trans-pacific-express-tpe-cable-system","name":"Trans-Pacific Express (TPE) Cable System","cable_id":1513},{"id":"eac-c2c","name":"EAC-C2C","cable_id":1592},{"id":"southeast-asia-japan-cable-sjc","name":"Southeast Asia Japan Cable (SJC)","cable_id":1604}],"landing_points":[{"id":"nago-japan","name":"Nago, Japan","landing_point_id":17012},{"id":"kagoshima-japan","name":"Kagoshima, Japan","landing_point_id":7490},{"id":"miyazaki-japan","name":"Miyazaki, Japan","landing_point_id":5888},{"id":"okinawa-japan","name":"Okinawa, Japan","landing_point_id":5886},{"id":"akita-japan","name":"Akita, Japan","landing_point_id":7467},{"id":"ishikari-japan","name":"Ishikari, Japan","landing_point_id":7834},{"id":"sendai-japan","name":"Sendai, Japan","landing_point_id":7835},{"id":"chikura-japan","name":"Chikura, Japan","landing_point_id":5885},{"id":"shima-japan","name":"Shima, Japan","landing_point_id":5883},{"id":"ibaraki-japan","name":"Ibaraki, Japan","landing_point_id":7836},{"id":"minamiboso-japan","name":"Minamiboso, Japan","landing_point_id":16280},{"id":"ajigaura-japan","name":"Ajigaura, Japan","landing_point_id":5884},{"id":"kitaibaraki-japan","name":"Kitaibaraki, Japan","landing_point_id":5703},{"id":"maruyama-japan","name":"Maruyama, Japan","landing_point_id":5887},{"id":"miura-japan","name":"Miura, Japan","landing_point_id":5889},{"id":"wada-japan","name":"Wada, Japan","landing_point_id":5892},{"id":"toyohashi-japan","name":"Toyohashi, Japan","landing_point_id":5893},{"id":"emi-japan","name":"Emi, Japan","landing_point_id":5894},{"id":"fukuoka-japan","name":"Fukuoka, Japan","landing_point_id":4059},{"id":"kita-kyushu-japan","name":"Kita-kyushu, Japan","landing_point_id":5895},{"id":"naoetsu-japan","name":"Naoetsu, Japan","landing_point_id":5529}],"latlon":[{"latlon":"26.591537,127.977338"},{"latlon":"31.596552,130.557122"},{"latlon":"32.097663,131.294622"},{"latlon":"26.212375,127.680805"},{"latlon":"39.692019,140.343616"},{"latlon":"43.171388,141.315515"},{"latlon":"38.314359,140.758191"},{"latlon":"34.976702,139.954676"},{"latlon":"34.336895,136.874282"},{"latlon":"36.342180,140.269935"},{"latlon":"35.042998,139.840125"},{"latlon":"34.336834,136.874380"},{"latlon":"36.383562,140.612268"},{"latlon":"36.801787,140.750940"},{"latlon":"35.037517,139.816956"},{"latlon":"35.144036,139.620667"},{"latlon":"26.212412,127.680561"},{"latlon":"34.976653,139.954652"},{"latlon":"35.035845,140.016761"},{"latlon":"34.769060,137.391567"},{"latlon":"35.062383,140.061097"},{"latlon":"33.590301,130.401653"},{"latlon":"33.839276,131.032024"},{"latlon":"43.171180,141.315393"},{"latlon":"37.169743,138.242152"}]}
