{"name":"Jersey","cables":[{"id":"uk-channel-islands-8","name":"UK-Channel Islands-8","cable_id":1704},{"id":"ingrid","name":"INGRID","cable_id":1700},{"id":"guernsey-jersey-4","name":"Guernsey-Jersey-4","cable_id":1702}],"landing_points":[{"id":"st-ouens-bay-jersey","name":"St. Ouens Bay, Jersey","landing_point_id":10379},{"id":"archirondel-jersey","name":"Archirondel, Jersey","landing_point_id":10377},{"id":"greve-de-lecq-jersey","name":"Greve de Lecq, Jersey","landing_point_id":10375}],"latlon":[{"latlon":"49.215709,-2.225896"},{"latlon":"49.225279,-2.021306"},{"latlon":"49.247948,-2.201433"}]}
