{"name":"Kenya","cables":[{"id":"africa-1","name":"Africa-1","cable_id":1878},{"id":"peace-cable","name":"PEACE Cable","cable_id":1923},{"id":"djibouti-africa-regional-express-1-dare-1","name":"Djibouti Africa Regional Express 1 (DARE 1)","cable_id":1863},{"id":"eastern-africa-submarine-system-eassy","name":"Eastern Africa Submarine System (EASSy)","cable_id":1246},{"id":"the-east-african-marine-system-teams","name":"The East African Marine System (TEAMS)","cable_id":1516},{"id":"seacomtata-tgn-eurasia","name":"SEACOM/Tata TGN-Eurasia","cable_id":1552},{"id":"lower-indian-ocean-network-2-lion2","name":"Lower Indian Ocean Network 2 (LION2)","cable_id":1667}],"landing_points":[{"id":"mombasa-kenya","name":"Mombasa, Kenya","landing_point_id":5896},{"id":"nyali-kenya","name":"Nyali, Kenya","landing_point_id":10122}],"latlon":[{"latlon":"-4.053016,39.672839"},{"latlon":"-4.053211,39.672790"},{"latlon":"-4.050501,39.700036"}]}
