{"name":"Korea, Rep.","cables":[{"id":"southeast-asia-japan-cable-2-sjc2","name":"Southeast Asia-Japan Cable 2 (SJC2)","cable_id":1958},{"id":"seamewe-3","name":"SeaMeWe-3","cable_id":1031},{"id":"flag-europe-asia-fea","name":"FLAG Europe-Asia (FEA)","cable_id":1027},{"id":"new-cross-pacific-ncp-cable-system","name":"New Cross Pacific (NCP) Cable System","cable_id":1786},{"id":"asia-pacific-gateway-apg","name":"Asia Pacific Gateway (APG)","cable_id":1617},{"id":"apcn-2","name":"APCN-2","cable_id":1049},{"id":"flag-north-asia-loopreach-north-asia-loop","name":"FLAG North Asia Loop/REACH North Asia Loop","cable_id":1150},{"id":"korea-japan-cable-network-kjcn","name":"Korea-Japan Cable Network (KJCN)","cable_id":1231},{"id":"trans-pacific-express-tpe-cable-system","name":"Trans-Pacific Express (TPE) Cable System","cable_id":1513},{"id":"eac-c2c","name":"EAC-C2C","cable_id":1592}],"landing_points":[{"id":"busan-korea-rep-","name":"Busan, Korea, Rep.","landing_point_id":4183},{"id":"keoje-korea-rep-","name":"Keoje, Korea, Rep.","landing_point_id":5975},{"id":"shindu-ri-korea-rep-","name":"Shindu-Ri, Korea, Rep.","landing_point_id":5977}],"latlon":[{"latlon":"35.170281,128.999481"},{"latlon":"34.880645,128.620795"},{"latlon":"35.170147,128.999310"},{"latlon":"36.576249,126.391597"}]}
