{"name":"Kuwait","cables":[{"id":"fiber-optic-gulf-fog","name":"Fiber Optic Gulf (FOG)","cable_id":1209},{"id":"kuwait-iran","name":"Kuwait-Iran","cable_id":1250},{"id":"falcon","name":"FALCON","cable_id":1346},{"id":"gulf-bridge-international-cable-system-gbicsmiddle-east-north-africa-mena-cable-system","name":"Gulf Bridge International Cable System (GBICS)/Middle East North Africa (MENA) Cable System","cable_id":1598}],"landing_points":[{"id":"kuwait-city-kuwait","name":"Kuwait City, Kuwait","landing_point_id":3871},{"id":"al-safat-kuwait","name":"Al Safat, Kuwait","landing_point_id":4294}],"latlon":[{"latlon":"29.374019,47.974739"},{"latlon":"29.369930,47.976497"}]}
