{"name":"Lebanon","cables":[{"id":"cadmos","name":"CADMOS","cable_id":1305},{"id":"berytar","name":"BERYTAR","cable_id":1321},{"id":"imewe","name":"IMEWE","cable_id":1536}],"landing_points":[{"id":"beirut-lebanon","name":"Beirut, Lebanon","landing_point_id":3862},{"id":"trablous-lebanon","name":"Trablous, Lebanon","landing_point_id":6046},{"id":"saida-lebanon","name":"Saida, Lebanon","landing_point_id":6047},{"id":"tripoli-lebanon","name":"Tripoli, Lebanon","landing_point_id":8663}],"latlon":[{"latlon":"33.892474,35.485195"},{"latlon":"34.439422,35.859120"},{"latlon":"33.450189,35.386269"}]}
