{"name":"Libya","cables":[{"id":"tobrok-emasaed-cable-system","name":"Tobrok-Emasaed Cable System","cable_id":1779},{"id":"lfon-libyan-fiber-optic-network","name":"LFON (Libyan Fiber Optic Network)","cable_id":1184},{"id":"italy-libya","name":"Italy-Libya","cable_id":1287},{"id":"europe-india-gateway-eig","name":"Europe India Gateway (EIG)","cable_id":1580},{"id":"silphium","name":"Silphium","cable_id":1665}],"landing_points":[{"id":"el-quawef-libya","name":"El-Quawef, Libya","landing_point_id":14647},{"id":"tubruq-libya","name":"Tubruq, Libya","landing_point_id":7874},{"id":"al-bayda-libya","name":"Al Bayda, Libya","landing_point_id":10838},{"id":"tolmeta-libya","name":"Tolmeta, Libya","landing_point_id":7872},{"id":"benghazi-libya","name":"Benghazi, Libya","landing_point_id":7871},{"id":"brega-libya","name":"Brega, Libya","landing_point_id":7870},{"id":"ras-lanuf-libya","name":"Ras Lanuf, Libya","landing_point_id":7869},{"id":"sirte-libya","name":"Sirte, Libya","landing_point_id":7868},{"id":"misrata-libya","name":"Misrata, Libya","landing_point_id":7867},{"id":"al-khums-libya","name":"Al Khums, Libya","landing_point_id":7866},{"id":"zawia-libya","name":"Zawia, Libya","landing_point_id":7865},{"id":"zuwara-libya","name":"Zuwara, Libya","landing_point_id":7864},{"id":"tripoli-libya","name":"Tripoli, Libya","landing_point_id":4271},{"id":"derna-libya","name":"Derna, Libya","landing_point_id":7873}],"latlon":[{"latlon":"31.760810,25.087372"},{"latlon":"32.079609,23.960310"},{"latlon":"32.881732,21.741659"},{"latlon":"32.716730,20.949960"},{"latlon":"32.116584,20.066757"},{"latlon":"30.378108,19.576523"},{"latlon":"30.586738,18.411875"},{"latlon":"31.205256,16.588341"},{"latlon":"32.374274,15.094787"},{"latlon":"32.649664,14.264416"},{"latlon":"32.774725,12.529749"},{"latlon":"32.933380,12.083362"},{"latlon":"32.877301,13.187268"},{"latlon":"32.763556,22.639217"}]}
