{"name":"Madagascar","cables":[{"id":"africa-1","name":"Africa-1","cable_id":1878},{"id":"meltingpot-indianoceanic-submarine-system-metiss","name":"Meltingpot Indianoceanic Submarine System (METISS)","cable_id":1892},{"id":"eastern-africa-submarine-system-eassy","name":"Eastern Africa Submarine System (EASSy)","cable_id":1246},{"id":"lower-indian-ocean-network-lion","name":"Lower Indian Ocean Network (LION)","cable_id":1594}],"landing_points":[{"id":"mahajanga-madagascar","name":"Mahajanga, Madagascar","landing_point_id":5901},{"id":"fort-dauphin-madagascar","name":"Fort Dauphin, Madagascar","landing_point_id":17226},{"id":"toliara-madagascar","name":"Toliara, Madagascar","landing_point_id":7398},{"id":"toamasina-madagascar","name":"Toamasina, Madagascar","landing_point_id":9398}],"latlon":[{"latlon":"-15.713728,46.315512"},{"latlon":"-25.022537,46.985360"},{"latlon":"-23.354764,43.663120"},{"latlon":"-18.146173,49.400325"}]}
