{"name":"Martinique","cables":[{"id":"kanawa","name":"Kanawa","cable_id":1914},{"id":"eastern-caribbean-fiber-system-ecfs","name":"Eastern Caribbean Fiber System (ECFS)","cable_id":1290},{"id":"americas-ii","name":"Americas-II","cable_id":1148},{"id":"southern-caribbean-fiber","name":"Southern Caribbean Fiber","cable_id":1619}],"landing_points":[{"id":"schoelcher-martinique","name":"Schoelcher, Martinique","landing_point_id":17024},{"id":"le-lamentin-martinique","name":"Le Lamentin, Martinique","landing_point_id":5905}],"latlon":[{"latlon":"14.629007,-61.112135"},{"latlon":"14.615542,-61.094264"}]}
