{"name":"Mauritius","cables":[{"id":"iox-cable-system","name":"IOX Cable System","cable_id":1901},{"id":"meltingpot-indianoceanic-submarine-system-metiss","name":"Meltingpot Indianoceanic Submarine System (METISS)","cable_id":1892},{"id":"mauritius-and-rodrigues-submarine-cable-system-mars","name":"Mauritius and Rodrigues Submarine Cable System (MARS)","cable_id":1935},{"id":"safe","name":"SAFE","cable_id":1220},{"id":"lower-indian-ocean-network-lion","name":"Lower Indian Ocean Network (LION)","cable_id":1594}],"landing_points":[{"id":"la-cambuse-mauritius","name":"La Cambuse, Mauritius","landing_point_id":17111},{"id":"grand-baie-rodrigues-mauritius","name":"Grand Baie (Rodrigues), Mauritius","landing_point_id":17114},{"id":"baie-du-tombeau-mauritius","name":"Baie du Tombeau, Mauritius","landing_point_id":17228},{"id":"baie-jacotet-mauritius","name":"Baie Jacotet, Mauritius","landing_point_id":5906},{"id":"terre-rouge-mauritius","name":"Terre Rouge, Mauritius","landing_point_id":9400}],"latlon":[{"latlon":"-20.454278,57.699320"},{"latlon":"-19.674346,63.448218"},{"latlon":"-20.122124,57.495121"},{"latlon":"-20.474004,57.485379"},{"latlon":"-20.077813,57.510086"}]}
