{"name":"Mexico","cables":[{"id":"lazaro-cardenas-manzanillo-santiago-submarine-cable-system-lcmsscs","name":"Lazaro Cardenas-Manzanillo Santiago Submarine Cable System (LCMSSCS)","cable_id":2032},{"id":"gulf-of-california-cable","name":"Gulf of California Cable","cable_id":1968},{"id":"pan-american-crossing-pac","name":"Pan-American Crossing (PAC)","cable_id":1072},{"id":"arcos","name":"ARCOS ","cable_id":1078},{"id":"america-movil-submarine-cable-system-1-amx-1","name":"America Movil Submarine Cable System-1 (AMX-1)","cable_id":1686},{"id":"maya-1","name":"Maya-1","cable_id":1071}],"landing_points":[{"id":"ciudad-lzaro-crdenas-mexico","name":"Ciudad Lázaro Cárdenas, Mexico","landing_point_id":14720},{"id":"manzanillo-mexico","name":"Manzanillo, Mexico","landing_point_id":3843},{"id":"topolobampo-mexico","name":"Topolobampo, Mexico","landing_point_id":17245},{"id":"la-paz-mexico","name":"La Paz, Mexico","landing_point_id":8888},{"id":"tijuana-mexico","name":"Tijuana, Mexico","landing_point_id":3484},{"id":"mazatln-mexico","name":"Mazatlán, Mexico","landing_point_id":3470},{"id":"tulum-mexico","name":"Tulum, Mexico","landing_point_id":5908},{"id":"cancn-mexico","name":"Cancún, Mexico","landing_point_id":3842}],"latlon":[{"latlon":"17.956776,-102.194348"},{"latlon":"19.085816,-104.308177"},{"latlon":"25.600693,-109.050369"},{"latlon":"24.102574,-110.305483"},{"latlon":"32.530853,-117.038219"},{"latlon":"23.199535,-106.421867"},{"latlon":"20.212549,-87.463599"},{"latlon":"21.095727,-86.767555"}]}
