{"name":"Morocco","cables":[{"id":"estepona-tetouan","name":"Estepona-Tetouan","cable_id":1251},{"id":"seamewe-3","name":"SeaMeWe-3","cable_id":1031},{"id":"canalink","name":"Canalink","cable_id":1666},{"id":"atlas-offshore","name":"Atlas Offshore","cable_id":1512}],"landing_points":[{"id":"ttouan-morocco","name":"Tétouan, Morocco","landing_point_id":5909},{"id":"asilah-morocco","name":"Asilah, Morocco","landing_point_id":5910}],"latlon":[{"latlon":"35.565923,-5.391812"},{"latlon":"35.470781,-6.035757"}]}
