{"name":"Myanmar","cables":[{"id":"singapore-myanmar-sigmar","name":"Singapore-Myanmar (SIGMAR)","cable_id":1986},{"id":"asia-africa-europe-1-aae-1","name":"Asia Africa Europe-1 (AAE-1)","cable_id":1739},{"id":"seamewe-5","name":"SeaMeWe-5","cable_id":1559},{"id":"seamewe-3","name":"SeaMeWe-3","cable_id":1031}],"landing_points":[{"id":"thanlyin-myanmar","name":"Thanlyin, Myanmar","landing_point_id":16372},{"id":"ngwe-saung-myanmar","name":"Ngwe Saung, Myanmar","landing_point_id":14639},{"id":"pyapon-myanmar","name":"Pyapon, Myanmar","landing_point_id":5911}],"latlon":[{"latlon":"16.758754,96.248227"},{"latlon":"16.858034,94.391221"},{"latlon":"16.282204,95.681943"}]}
