{"name":"Netherlands Antilles","cables":[{"id":"deep-blue-cable","name":"Deep Blue Cable","cable_id":1913},{"id":"amerigo-vespucci","name":"Amerigo Vespucci","cable_id":1494},{"id":"jerry-newton","name":"Jerry Newton","cable_id":1774},{"id":"alonso-de-ojeda","name":"Alonso de Ojeda","cable_id":1289},{"id":"americas-ii","name":"Americas-II","cable_id":1148},{"id":"arcos","name":"ARCOS ","cable_id":1078},{"id":"eclink","name":"ECLink","cable_id":1532}],"landing_points":[{"id":"willemstad-netherlands-antilles","name":"Willemstad, Netherlands Antilles","landing_point_id":4275}],"latlon":[{"latlon":"12.095585,-68.896470"},{"latlon":"12.095316,-68.896604"}]}
