{"name":"Netherlands","cables":[{"id":"ulysses-2","name":"Ulysses 2","cable_id":1936},{"id":"cobracable","name":"COBRAcable","cable_id":1904},{"id":"farland-north","name":"Farland North","cable_id":1819},{"id":"amerigo-vespucci","name":"Amerigo Vespucci","cable_id":1494},{"id":"jerry-newton","name":"Jerry Newton","cable_id":1774},{"id":"uk-netherlands-14","name":"UK-Netherlands 14","cable_id":1365},{"id":"atlantic-crossing-1-ac-1","name":"Atlantic Crossing-1 (AC-1)","cable_id":1143},{"id":"tat-14","name":"TAT-14","cable_id":1043},{"id":"circe-north","name":"Circe North","cable_id":1137},{"id":"concerto","name":"Concerto","cable_id":1538}],"landing_points":[{"id":"ijmuiden-netherlands","name":"Ijmuiden, Netherlands","landing_point_id":10414},{"id":"eemshaven-netherlands","name":"Eemshaven, Netherlands","landing_point_id":5916},{"id":"domburg-netherlands","name":"Domburg, Netherlands","landing_point_id":3144},{"id":"kralendijk-bonaire-netherlands","name":"Kralendijk, Bonaire, Netherlands","landing_point_id":14635},{"id":"north-salina-bonaire-netherlands","name":"North Salina, Bonaire, Netherlands","landing_point_id":10730},{"id":"egmond-netherlands","name":"Egmond, Netherlands","landing_point_id":8409},{"id":"beverwijk-netherlands","name":"Beverwijk, Netherlands","landing_point_id":3080},{"id":"katwijk-netherlands","name":"Katwijk, Netherlands","landing_point_id":3283},{"id":"zandvoort-netherlands","name":"Zandvoort, Netherlands","landing_point_id":3141}],"latlon":[{"latlon":"52.458517,4.613676"},{"latlon":"53.442806,6.816019"},{"latlon":"51.563950,3.496160"},{"latlon":"12.150687,-68.276682"},{"latlon":"12.163773,-68.284104"},{"latlon":"52.616379,4.616374"},{"latlon":"52.486313,4.656901"},{"latlon":"52.205173,4.396452"},{"latlon":"52.370407,4.527214"}]}
