{"name":"New Zealand","cables":[{"id":"southern-cross-next","name":"Southern Cross NEXT                                                                                           ","cable_id":1894},{"id":"nelson-levin","name":"Nelson-Levin","cable_id":1486},{"id":"hawaiki","name":"Hawaiki","cable_id":1733},{"id":"aqualink","name":"Aqualink","cable_id":1487},{"id":"tasman-global-access-tga-cable","name":"Tasman Global Access (TGA) Cable","cable_id":1750},{"id":"southern-cross-cable-network-sccn","name":"Southern Cross Cable Network (SCCN)","cable_id":1009}],"landing_points":[{"id":"takapuna-new-zealand","name":"Takapuna, New Zealand","landing_point_id":5918},{"id":"nelson-new-zealand","name":"Nelson, New Zealand","landing_point_id":7850},{"id":"levin-new-zealand","name":"Levin, New Zealand","landing_point_id":7849},{"id":"mangawhai-new-zealand","name":"Mangawhai, New Zealand","landing_point_id":16442},{"id":"canterbury-new-zealand","name":"Canterbury, New Zealand","landing_point_id":7855},{"id":"marlborough-new-zealand","name":"Marlborough, New Zealand","landing_point_id":7854},{"id":"manawatu-wanganui-new-zealand","name":"Manawatu-Wanganui, New Zealand","landing_point_id":7853},{"id":"taranaki-new-zealand","name":"Taranaki, New Zealand","landing_point_id":7852},{"id":"waikato-new-zealand","name":"Waikato, New Zealand","landing_point_id":7851},{"id":"wellington-new-zealand","name":"Wellington, New Zealand","landing_point_id":4052},{"id":"raglan-new-zealand","name":"Raglan, New Zealand","landing_point_id":15884},{"id":"whenuapai-new-zealand","name":"Whenuapai, New Zealand","landing_point_id":5919},{"id":"auckland-new-zealand","name":"Auckland, New Zealand","landing_point_id":3319}],"latlon":[{"latlon":"-36.787839,174.767916"},{"latlon":"-41.272261,173.283957"},{"latlon":"-40.625288,175.285323"},{"latlon":"-36.126145,174.574459"},{"latlon":"-43.494184,171.707371"},{"latlon":"-41.527241,173.580710"},{"latlon":"-39.625435,175.618209"},{"latlon":"-39.287862,174.371530"},{"latlon":"-37.915890,175.534908"},{"latlon":"-41.280537,174.767135"},{"latlon":"-37.801388,174.871822"},{"latlon":"-36.787961,174.767916"},{"latlon":"-36.788816,174.623385"},{"latlon":"-36.884421,174.770455"}]}
