{"name":"New Caledonia","cables":[{"id":"picot-1","name":"Picot-1","cable_id":1802},{"id":"gondwana-1","name":"Gondwana-1","cable_id":1514}],"landing_points":[{"id":"mouly-new-caledonia","name":"Mouly, New Caledonia","landing_point_id":14839},{"id":"xepenehe-new-caledonia","name":"Xepenehe, New Caledonia","landing_point_id":14838},{"id":"poindimie-new-caledonia","name":"Poindimie, New Caledonia","landing_point_id":14837},{"id":"noumea-new-caledonia","name":"Noumea, New Caledonia","landing_point_id":5704}],"latlon":[{"latlon":"-20.705938,166.489014"},{"latlon":"-20.780913,167.151318"},{"latlon":"-20.945879,165.341554"},{"latlon":"-22.303324,166.439209"}]}
