{"name":"Nigeria","cables":[{"id":"glo-2","name":"Glo-2","cable_id":1965},{"id":"nigeria-cameroon-submarine-cable-system-ncscs","name":"Nigeria Cameroon Submarine Cable System (NCSCS)","cable_id":1821},{"id":"sat-3wasc","name":"SAT-3/WASC","cable_id":1219},{"id":"glo-1","name":"Glo-1","cable_id":1357},{"id":"mainone","name":"MainOne","cable_id":1565},{"id":"africa-coast-to-europe-ace","name":"Africa Coast to Europe (ACE)","cable_id":1629},{"id":"west-african-cable-system-wacs","name":"West African Cable System (WACS)","cable_id":1560}],"landing_points":[{"id":"kwa-ibo-nigeria","name":"Kwa Ibo, Nigeria","landing_point_id":17230},{"id":"bonny-nigeria","name":"Bonny, Nigeria","landing_point_id":5922},{"id":"lagos-nigeria","name":"Lagos, Nigeria","landing_point_id":3280}],"latlon":[{"latlon":"4.543806,7.997427"},{"latlon":"4.429329,7.178421"},{"latlon":"6.438874,3.423210"}]}
