{"name":"Norway","cables":[{"id":"skagenfiber-east","name":"Skagenfiber East","cable_id":2000},{"id":"skagenfiber-west","name":"Skagenfiber West","cable_id":1999},{"id":"polar-circle-cable","name":"Polar Circle Cable","cable_id":1980},{"id":"tverrlinken","name":"Tverrlinken","cable_id":1981},{"id":"bodo-rost-cable","name":"Bodo-Rost Cable","cable_id":1950},{"id":"tampnet-offshore-foc-network","name":"Tampnet Offshore FOC Network","cable_id":1203},{"id":"havfrueaec-2","name":"Havfrue/AEC-2","cable_id":1931},{"id":"skagerrak-4","name":"Skagerrak 4","cable_id":1875},{"id":"denmark-norway-6","name":"Denmark-Norway 6","cable_id":1327},{"id":"denmark-norway-5","name":"Denmark-Norway 5","cable_id":1326},{"id":"svalbard-undersea-cable-system","name":"Svalbard Undersea Cable System","cable_id":1651}],"landing_points":[{"id":"larkollen-norway","name":"Larkollen, Norway","landing_point_id":17397},{"id":"larvik-norway","name":"Larvik, Norway","landing_point_id":15392},{"id":"trondheim-norway","name":"Trondheim, Norway","landing_point_id":4521},{"id":"bod-norway","name":"Bodø, Norway","landing_point_id":10225},{"id":"narvik-norway","name":"Narvik, Norway","landing_point_id":15397},{"id":"nesna-norway","name":"Nesna, Norway","landing_point_id":17276},{"id":"sandnessjen-norway","name":"Sandnessjøen, Norway","landing_point_id":17275},{"id":"brnnysund-norway","name":"Brønnøysund, Norway","landing_point_id":17274},{"id":"rrvik-norway","name":"Rørvik, Norway","landing_point_id":17273},{"id":"utskarpen-norway","name":"Utskarpen, Norway","landing_point_id":17277},{"id":"hemnesberget-norway","name":"Hemnesberget, Norway","landing_point_id":17278},{"id":"mo-i-rana-norway","name":"Mo I Rana, Norway","landing_point_id":17279},{"id":"rst-norway","name":"Røst, Norway","landing_point_id":17145},{"id":"ygarden-norway","name":"Øygarden, Norway","landing_point_id":16556},{"id":"farsund-norway","name":"Farsund, Norway","landing_point_id":15386},{"id":"kristiansand-norway","name":"Kristiansand, Norway","landing_point_id":3131},{"id":"arendal-norway","name":"Arendal, Norway","landing_point_id":6056},{"id":"krst-norway","name":"Kårstø, Norway","landing_point_id":5923},{"id":"breivika-norway","name":"Breivika, Norway","landing_point_id":9671},{"id":"longyearbyen-svalbard-norway","name":"Longyearbyen, Svalbard, Norway","landing_point_id":9672}],"latlon":[{"latlon":"59.328729,10.667628"},{"latlon":"59.081109,10.016383"},{"latlon":"63.431010,10.392079"},{"latlon":"67.286000,14.400073"},{"latlon":"68.420558,17.559996"},{"latlon":"66.198074,13.018189"},{"latlon":"66.021548,12.631458"},{"latlon":"65.473562,12.207740"},{"latlon":"64.862076,11.237342"},{"latlon":"66.292959,13.563623"},{"latlon":"66.224160,13.624451"},{"latlon":"66.313711,14.141980"},{"latlon":"67.502565,12.070118"},{"latlon":"60.587346,4.830241"},{"latlon":"58.082770,6.752799"},{"latlon":"58.150958,7.996255"},{"latlon":"58.461700,8.772427"},{"latlon":"59.279266,5.524381"},{"latlon":"68.735048,16.553185"},{"latlon":"78.218527,15.648790"}]}
