{"name":"Oman","cables":[{"id":"silk-route-gateway-srg-1","name":"Silk Route Gateway (SRG-1)","cable_id":1849},{"id":"gulf2africa-g2a","name":"Gulf2Africa (G2A)","cable_id":1850},{"id":"asia-africa-europe-1-aae-1","name":"Asia Africa Europe-1 (AAE-1)","cable_id":1739},{"id":"omranepeg-cable-system","name":"OMRAN/EPEG Cable System","cable_id":1695},{"id":"seamewe-3","name":"SeaMeWe-3","cable_id":1031},{"id":"falcon","name":"FALCON","cable_id":1346},{"id":"transworld-tw1","name":"Transworld (TW1)","cable_id":1351},{"id":"bay-of-bengal-gateway-bbg","name":"Bay of Bengal Gateway (BBG)","cable_id":1735},{"id":"pishgaman-oman-iran-poi-network","name":"Pishgaman Oman Iran (POI) Network","cable_id":1689},{"id":"europe-india-gateway-eig","name":"Europe India Gateway (EIG)","cable_id":1580},{"id":"middle-east-north-africa-mena-cable-systemgulf-bridge-international","name":"Middle East North Africa (MENA) Cable System/Gulf Bridge International","cable_id":1558},{"id":"gulf-bridge-international-cable-system-gbicsmiddle-east-north-africa-mena-cable-system","name":"Gulf Bridge International Cable System (GBICS)/Middle East North Africa (MENA) Cable System","cable_id":1598},{"id":"seamewe-5","name":"SeaMeWe-5","cable_id":1559},{"id":"tata-tgn-gulf","name":"Tata TGN-Gulf","cable_id":1631}],"landing_points":[{"id":"muscat-oman","name":"Muscat, Oman","landing_point_id":4225},{"id":"salalah-oman","name":"Salalah, Oman","landing_point_id":5924},{"id":"al-bustan-oman","name":"Al Bustan, Oman","landing_point_id":15019},{"id":"diba-oman","name":"Diba, Oman","landing_point_id":10579},{"id":"al-seeb-oman","name":"Al Seeb, Oman","landing_point_id":7646},{"id":"khasab-oman","name":"Khasab, Oman","landing_point_id":7645},{"id":"barka-oman","name":"Barka, Oman","landing_point_id":8947},{"id":"qalhat-oman","name":"Qalhat, Oman","landing_point_id":10684}],"latlon":[{"latlon":"23.615098,58.591043"},{"latlon":"17.095827,54.148076"},{"latlon":"23.576085,58.606082"},{"latlon":"25.616977,56.258036"},{"latlon":"23.684703,58.176102"},{"latlon":"26.181308,56.246806"},{"latlon":"23.679429,58.004324"}]}
