{"name":"Pakistan","cables":[{"id":"africa-1","name":"Africa-1","cable_id":1878},{"id":"silk-route-gateway-srg-1","name":"Silk Route Gateway (SRG-1)","cable_id":1849},{"id":"peace-cable","name":"PEACE Cable","cable_id":1923},{"id":"seamewe-5","name":"SeaMeWe-5","cable_id":1559},{"id":"asia-africa-europe-1-aae-1","name":"Asia Africa Europe-1 (AAE-1)","cable_id":1739},{"id":"seamewe-3","name":"SeaMeWe-3","cable_id":1031},{"id":"seamewe-4","name":"SeaMeWe-4","cable_id":1035},{"id":"transworld-tw1","name":"Transworld (TW1)","cable_id":1351},{"id":"imewe","name":"IMEWE","cable_id":1536}],"landing_points":[{"id":"karachi-pakistan","name":"Karachi, Pakistan","landing_point_id":3259},{"id":"gwadar-pakistan","name":"Gwadar, Pakistan","landing_point_id":16371}],"latlon":[{"latlon":"24.889683,67.028539"},{"latlon":"25.132297,62.325026"},{"latlon":"24.889378,67.028539"},{"latlon":"25.132261,62.324977"}]}
