{"name":"Panama","cables":[{"id":"deep-blue-cable","name":"Deep Blue Cable","cable_id":1913},{"id":"pacific-caribbean-cable-system-pccs","name":"Pacific Caribbean Cable System (PCCS)","cable_id":1727},{"id":"south-american-crossing-sac","name":"South American Crossing (SAC)","cable_id":1084},{"id":"pan-american-crossing-pac","name":"Pan-American Crossing (PAC)","cable_id":1072},{"id":"maya-1","name":"Maya-1","cable_id":1071},{"id":"pan-american-pan-am","name":"Pan American (PAN-AM)","cable_id":1073},{"id":"arcos","name":"ARCOS ","cable_id":1078}],"landing_points":[{"id":"maria-chiquita-panama","name":"Maria Chiquita, Panama","landing_point_id":5928},{"id":"balboa-panama","name":"Balboa, Panama","landing_point_id":8722},{"id":"fort-amador-panama","name":"Fort Amador, Panama","landing_point_id":5925},{"id":"panama-city-panama","name":"Panama City, Panama","landing_point_id":3334},{"id":"colon-panama","name":"Colon, Panama","landing_point_id":6093}],"latlon":[{"latlon":"9.437554,-79.753544"},{"latlon":"8.950030,-79.566679"},{"latlon":"8.934112,-79.546733"},{"latlon":"9.437334,-79.753544"},{"latlon":"8.964605,-79.536699"},{"latlon":"9.353716,-79.900029"}]}
