{"name":"Papua New Guinea","cables":[{"id":"coral-sea-cable-system-cscs","name":"Coral Sea Cable System (CSCS)","cable_id":1934},{"id":"png-lng","name":"PNG LNG","cable_id":1898},{"id":"australia-papua-new-guinea-2-apng-2","name":"Australia-Papua New Guinea-2 (APNG-2)","cable_id":1527},{"id":"kumul-domestic-submarine-cable-system","name":"Kumul Domestic Submarine Cable System","cable_id":1899},{"id":"pipe-pacific-cable-1-ppc-1","name":"PIPE Pacific Cable-1 (PPC-1)","cable_id":1520}],"landing_points":[{"id":"port-moresby-papua-new-guinea","name":"Port Moresby, Papua New Guinea","landing_point_id":3925},{"id":"kikori-papua-new-guinea","name":"Kikori, Papua New Guinea","landing_point_id":16730},{"id":"ela-beach-papua-new-guinea","name":"Ela Beach, Papua New Guinea","landing_point_id":8350},{"id":"madang-papua-new-guinea","name":"Madang, Papua New Guinea","landing_point_id":8558},{"id":"vanimo-papua-new-guinea","name":"Vanimo, Papua New Guinea","landing_point_id":16731},{"id":"wewak-papua-new-guinea","name":"Wewak, Papua New Guinea","landing_point_id":16732},{"id":"lorengau-papua-new-guinea","name":"Lorengau, Papua New Guinea","landing_point_id":16733},{"id":"kavieng-papua-new-guinea","name":"Kavieng, Papua New Guinea","landing_point_id":16734},{"id":"kokopo-papua-new-guinea","name":"Kokopo, Papua New Guinea","landing_point_id":16735},{"id":"kimbe-papua-new-guinea","name":"Kimbe, Papua New Guinea","landing_point_id":16736},{"id":"arawa-papua-new-guinea","name":"Arawa, Papua New Guinea","landing_point_id":16737},{"id":"lae-papua-new-guinea","name":"Lae, Papua New Guinea","landing_point_id":16738},{"id":"popondetta-papua-new-guinea","name":"Popondetta, Papua New Guinea","landing_point_id":16739},{"id":"alotau-papua-new-guinea","name":"Alotau, Papua New Guinea","landing_point_id":16740},{"id":"kerema-papua-new-guinea","name":"Kerema, Papua New Guinea","landing_point_id":16741},{"id":"daru-papua-new-guinea","name":"Daru, Papua New Guinea","landing_point_id":16742}],"latlon":[{"latlon":"-9.479600,147.188510"},{"latlon":"-7.413512,144.240196"},{"latlon":"-9.480235,147.156406"},{"latlon":"-5.233679,145.784751"},{"latlon":"-2.689686,141.299841"},{"latlon":"-3.580018,143.658312"},{"latlon":"-2.034975,147.279038"},{"latlon":"-2.578114,150.808602"},{"latlon":"-4.342347,152.274616"},{"latlon":"-5.551160,150.138729"},{"latlon":"-6.225622,155.567803"},{"latlon":"-6.742785,146.992954"},{"latlon":"-8.604478,148.293466"},{"latlon":"-10.315708,150.458773"},{"latlon":"-7.963732,145.771739"},{"latlon":"-9.078184,143.209972"},{"latlon":"-5.233679,145.784922"}]}
