{"name":"Peru","cables":[{"id":"international-gateway-igw","name":"International Gateway (IGW)","cable_id":1921},{"id":"south-american-crossing-sac","name":"South American Crossing (SAC)","cable_id":1084},{"id":"south-america-1-sam-1","name":"South America-1 (SAm-1)","cable_id":1083},{"id":"pan-american-pan-am","name":"Pan American (PAN-AM)","cable_id":1073}],"landing_points":[{"id":"lima-peru","name":"Lima, Peru","landing_point_id":3873},{"id":"ilo-peru","name":"Ilo, Peru","landing_point_id":8896},{"id":"lurin-peru","name":"Lurin, Peru","landing_point_id":5930},{"id":"mancora-peru","name":"Mancora, Peru","landing_point_id":8484}],"latlon":[{"latlon":"-12.043613,-77.021222"},{"latlon":"-17.641168,-71.323702"},{"latlon":"-12.278525,-76.874286"},{"latlon":"-4.154041,-81.053788"}]}
