{"name":"Philippines","cables":[{"id":"sorsogon-samar-submarine-fiber-optical-interconnection-project-sssfoip","name":"Sorsogon-Samar Submarine Fiber Optical Interconnection Project (SSSFOIP)","cable_id":2001},{"id":"national-digital-transmission-network-ndtn","name":"National Digital Transmission Network (NDTN)","cable_id":1482},{"id":"pacific-light-cable-network-plcn","name":"Pacific Light Cable Network (PLCN)","cable_id":1858},{"id":"asia-america-gateway-aag-cable-system","name":"Asia-America Gateway (AAG) Cable System","cable_id":1507},{"id":"sea-us","name":"SEA-US","cable_id":1823},{"id":"pldt-domestic-fiber-optic-network-dfon","name":"PLDT Domestic Fiber Optic Network (DFON)","cable_id":1839},{"id":"palawa-iloilo-cable-system","name":"Palawa-Iloilo Cable System","cable_id":1796},{"id":"boracay-palawan-submarine-cable-system","name":"Boracay-Palawan Submarine Cable System","cable_id":1781},{"id":"jupiter","name":"JUPITER","cable_id":1928},{"id":"asia-submarine-cable-express-asecahaya-malaysia","name":"Asia Submarine-cable Express (ASE)/Cahaya Malaysia","cable_id":1679},{"id":"seamewe-3","name":"SeaMeWe-3","cable_id":1031},{"id":"apcn-2","name":"APCN-2","cable_id":1049},{"id":"tata-tgn-intra-asia-tgn-ia","name":"Tata TGN-Intra Asia (TGN-IA)","cable_id":1534},{"id":"eac-c2c","name":"EAC-C2C","cable_id":1592},{"id":"southeast-asia-japan-cable-sjc","name":"Southeast Asia Japan Cable (SJC)","cable_id":1604}],"landing_points":[{"id":"allen-philippines","name":"Allen, Philippines","landing_point_id":17334},{"id":"santa-magdalena-philippines","name":"Santa Magdalena, Philippines","landing_point_id":17333},{"id":"lucena-philippines","name":"Lucena, Philippines","landing_point_id":7839},{"id":"roxas-philippines","name":"Roxas, Philippines","landing_point_id":7840},{"id":"san-jose-philippines","name":"San Jose, Philippines","landing_point_id":7841},{"id":"dumaguete-philippines","name":"Dumaguete, Philippines","landing_point_id":7842},{"id":"cagayan-philippines","name":"Cagayan, Philippines","landing_point_id":7843},{"id":"cuyapo-philippines","name":"Cuyapo, Philippines","landing_point_id":7844},{"id":"san-fernando-city-philippines","name":"San Fernando City, Philippines","landing_point_id":9389},{"id":"aurora-philippines","name":"Aurora, Philippines","landing_point_id":16965},{"id":"la-union-philippines","name":"La Union, Philippines","landing_point_id":10340},{"id":"davao-philippines","name":"Davao, Philippines","landing_point_id":3902},{"id":"nasugbu-philippines","name":"Nasugbu, Philippines","landing_point_id":9603},{"id":"pinamalayan-philippines","name":"Pinamalayan, Philippines","landing_point_id":16046},{"id":"masbate-city-philippines","name":"Masbate City, Philippines","landing_point_id":16047},{"id":"legazpi-city-philippines","name":"Legazpi City, Philippines","landing_point_id":16048},{"id":"calbayog-philippines","name":"Calbayog, Philippines","landing_point_id":9384},{"id":"ormoc-philippines","name":"Ormoc, Philippines","landing_point_id":9387},{"id":"cebu-philippines","name":"Cebu, Philippines","landing_point_id":3901},{"id":"cadiz-city-philippines","name":"Cadiz City, Philippines","landing_point_id":16050},{"id":"ozamiz-city-philippines","name":"Ozamiz City, Philippines","landing_point_id":16052},{"id":"cagayan-de-oro-philippines","name":"Cagayan de Oro, Philippines","landing_point_id":10658},{"id":"butuan-city-philippines","name":"Butuan City, Philippines","landing_point_id":16053},{"id":"san-jose-de-buenavista-philippines","name":"San Jose de Buenavista, Philippines","landing_point_id":14753},{"id":"taytay-philippines","name":"Taytay, Philippines","landing_point_id":14655},{"id":"coron-philippines","name":"Coron, Philippines","landing_point_id":9385},{"id":"daet-philippines","name":"Daet, Philippines","landing_point_id":10355},{"id":"batangas-philippines","name":"Batangas, Philippines","landing_point_id":3218},{"id":"ballesteros-philippines","name":"Ballesteros, Philippines","landing_point_id":8541},{"id":"cavite-philippines","name":"Cavite, Philippines","landing_point_id":5931}],"latlon":[{"latlon":"12.501371,124.282345"},{"latlon":"12.645316,124.107101"},{"latlon":"13.935269,121.612302"},{"latlon":"11.583329,122.749997"},{"latlon":"12.362577,121.050120"},{"latlon":"9.295562,123.281491"},{"latlon":"18.545594,121.634323"},{"latlon":"15.781777,120.666477"},{"latlon":"16.618898,120.311277"},{"latlon":"16.077370,121.769260"},{"latlon":"16.582594,120.389646"},{"latlon":"7.079987,125.612788"},{"latlon":"14.088186,120.623020"},{"latlon":"13.045780,121.464548"},{"latlon":"11.583305,122.749997"},{"latlon":"12.366727,123.616696"},{"latlon":"13.139090,123.743746"},{"latlon":"12.069901,124.600289"},{"latlon":"11.006889,124.612789"},{"latlon":"10.310039,123.894625"},{"latlon":"10.950029,123.299996"},{"latlon":"9.295611,123.281442"},{"latlon":"8.150030,123.849996"},{"latlon":"8.454229,124.631929"},{"latlon":"8.947613,125.540620"},{"latlon":"10.748808,121.941306"},{"latlon":"10.819609,119.500389"},{"latlon":"12.362626,121.050095"},{"latlon":"12.004960,120.200682"},{"latlon":"14.116617,122.949899"},{"latlon":"13.765555,121.064939"},{"latlon":"18.409412,121.513962"},{"latlon":"14.286270,120.820115"}]}
