{"name":"Portugal","cables":[{"id":"columbus-iii","name":"Columbus-III","cable_id":1046},{"id":"bugio","name":"BUGIO","cable_id":1443},{"id":"africa-coast-to-europe-ace","name":"Africa Coast to Europe (ACE)","cable_id":1629},{"id":"atlantis-2","name":"Atlantis-2","cable_id":1045},{"id":"ellalink","name":"EllaLink","cable_id":1725},{"id":"azores-fiber-optic-system-afos","name":"Azores Fiber Optic System (AFOS)","cable_id":1801},{"id":"cam-ring","name":"CAM Ring","cable_id":1800},{"id":"flores-corvo-cable-system","name":"Flores-Corvo Cable System","cable_id":1782},{"id":"seamewe-3","name":"SeaMeWe-3","cable_id":1031},{"id":"sat-3wasc","name":"SAT-3/WASC","cable_id":1219},{"id":"europe-india-gateway-eig","name":"Europe India Gateway (EIG)","cable_id":1580},{"id":"west-african-cable-system-wacs","name":"West African Cable System (WACS)","cable_id":1560},{"id":"tata-tgn-western-europe","name":"Tata TGN-Western Europe","cable_id":1173},{"id":"mainone","name":"MainOne","cable_id":1565}],"landing_points":[{"id":"carcavelos-portugal","name":"Carcavelos, Portugal","landing_point_id":14331},{"id":"sines-portugal","name":"Sines, Portugal","landing_point_id":9754},{"id":"angra-do-heroismo-portugal","name":"Angra do Heroismo, Portugal","landing_point_id":14836},{"id":"vila-do-porto-portugal","name":"Vila do Porto, Portugal","landing_point_id":14835},{"id":"sao-mateus-portugal","name":"Sao Mateus, Portugal","landing_point_id":14834},{"id":"velas-portugal","name":"Velas, Portugal","landing_point_id":14833},{"id":"porto-santo-portugal","name":"Porto Santo, Portugal","landing_point_id":7784},{"id":"funchal-portugal","name":"Funchal, Portugal","landing_point_id":5935},{"id":"faial-portugal","name":"Faial, Portugal","landing_point_id":14659},{"id":"graciosa-portugal","name":"Graciosa, Portugal","landing_point_id":14658},{"id":"corvo-portugal","name":"Corvo, Portugal","landing_point_id":14657},{"id":"flores-portugal","name":"Flores, Portugal","landing_point_id":14656},{"id":"sesimbra-portugal","name":"Sesimbra, Portugal","landing_point_id":5934},{"id":"ponta-delgada-portugal","name":"Ponta Delgada, Portugal","landing_point_id":5945},{"id":"seixal-portugal","name":"Seixal, Portugal","landing_point_id":9058}],"latlon":[{"latlon":"38.690165,-9.331557"},{"latlon":"37.957218,-8.869594"},{"latlon":"38.658524,-27.215825"},{"latlon":"36.956767,-25.141266"},{"latlon":"38.432291,-28.461235"},{"latlon":"38.683841,-28.213188"},{"latlon":"33.047321,-16.347666"},{"latlon":"32.646869,-16.908945"},{"latlon":"38.525101,-28.647563"},{"latlon":"39.011026,-27.963481"},{"latlon":"39.671939,-31.110550"},{"latlon":"39.462210,-31.128519"},{"latlon":"38.442691,-9.102748"},{"latlon":"37.739213,-25.668756"},{"latlon":"38.642276,-9.107387"}]}
