{"name":"Qatar","cables":[{"id":"asia-africa-europe-1-aae-1","name":"Asia Africa Europe-1 (AAE-1)","cable_id":1739},{"id":"fiber-optic-gulf-fog","name":"Fiber Optic Gulf (FOG)","cable_id":1209},{"id":"qatar-u-a-e-submarine-cable-system","name":"Qatar-U.A.E. Submarine Cable System","cable_id":1254},{"id":"falcon","name":"FALCON","cable_id":1346},{"id":"tata-tgn-gulf","name":"Tata TGN-Gulf","cable_id":1631},{"id":"gulf-bridge-international-cable-system-gbicsmiddle-east-north-africa-mena-cable-system","name":"Gulf Bridge International Cable System (GBICS)/Middle East North Africa (MENA) Cable System","cable_id":1598}],"landing_points":[{"id":"doha-qatar","name":"Doha, Qatar","landing_point_id":3867},{"id":"halul-island-qatar","name":"Halul Island, Qatar","landing_point_id":6019},{"id":"al-kheesa-qatar","name":"Al-Kheesa, Qatar","landing_point_id":10682},{"id":"al-daayen-qatar","name":"Al Daayen, Qatar","landing_point_id":10232}],"latlon":[{"latlon":"25.294346,51.519367"},{"latlon":"25.668564,52.420245"},{"latlon":"25.538584,51.451886"}]}
