{"name":"Réunion","cables":[{"id":"meltingpot-indianoceanic-submarine-system-metiss","name":"Meltingpot Indianoceanic Submarine System (METISS)","cable_id":1892},{"id":"safe","name":"SAFE","cable_id":1220},{"id":"lower-indian-ocean-network-lion","name":"Lower Indian Ocean Network (LION)","cable_id":1594}],"landing_points":[{"id":"le-port-runion","name":"Le Port, Réunion","landing_point_id":17227},{"id":"saint-paul-runion","name":"Saint Paul, Réunion","landing_point_id":5978},{"id":"sainte-marie-runion","name":"Sainte Marie, Réunion","landing_point_id":9399}],"latlon":[{"latlon":"-20.944390,55.303276"},{"latlon":"-21.000249,55.279130"},{"latlon":"-20.897368,55.549931"}]}
