{"name":"Russia","cables":[{"id":"far-east-submarine-cable-system","name":"Far East Submarine Cable System","cable_id":1825},{"id":"kerch-strait-cable","name":"Kerch Strait Cable","cable_id":1822},{"id":"georgia-russia","name":"Georgia-Russia","cable_id":1192},{"id":"bcs-north---phase-2","name":"BCS North - Phase 2","cable_id":1610},{"id":"hokkaido-sakhalin-cable-system-hscs","name":"Hokkaido-Sakhalin Cable System (HSCS)","cable_id":1528},{"id":"sakhalin-kuril-islands-cable","name":"Sakhalin-Kuril Islands Cable","cable_id":1943},{"id":"russia-japan-cable-network-rjcn","name":"Russia-Japan Cable Network (RJCN)","cable_id":1518}],"landing_points":[{"id":"ola-russia","name":"Ola, Russia","landing_point_id":15834},{"id":"okha-russia","name":"Okha, Russia","landing_point_id":15833},{"id":"ust-bolsheretsk-russia","name":"Ust-Bolsheretsk, Russia","landing_point_id":15832},{"id":"ilyich-russia","name":"Ilyich, Russia","landing_point_id":15111},{"id":"sochi-russia","name":"Sochi, Russia","landing_point_id":5092},{"id":"novorossiysk-russia","name":"Novorossiysk, Russia","landing_point_id":5117},{"id":"logi-russia","name":"Logi, Russia","landing_point_id":9102},{"id":"nevelsk-russia","name":"Nevelsk, Russia","landing_point_id":8366},{"id":"yuzhno-sakhalinsk-russia","name":"Yuzhno-Sakhalinsk, Russia","landing_point_id":4278},{"id":"kurilsk-russia","name":"Kurilsk, Russia","landing_point_id":17108},{"id":"yuzhno-kurilsk-russia","name":"Yuzhno Kurilsk, Russia","landing_point_id":17109},{"id":"krabozavodskoye-russia","name":"Krabozavodskoye, Russia","landing_point_id":17110},{"id":"nakhodka-russia","name":"Nakhodka, Russia","landing_point_id":5362}],"latlon":[{"latlon":"59.583343,151.283357"},{"latlon":"53.577548,142.942443"},{"latlon":"52.812411,156.287066"},{"latlon":"45.423609,36.770838"},{"latlon":"43.615504,39.725818"},{"latlon":"44.723633,37.772791"},{"latlon":"59.799883,28.499871"},{"latlon":"46.684448,141.859143"},{"latlon":"46.948974,142.726208"},{"latlon":"45.086682,147.881479"},{"latlon":"44.034522,145.858604"},{"latlon":"43.793617,146.747226"},{"latlon":"42.812306,132.874015"}]}
