{"name":"Saint Martin","cables":[{"id":"saba-statia-cable-system-sscs","name":"Saba, Statia Cable System (SSCS)","cable_id":1807},{"id":"southern-caribbean-fiber","name":"Southern Caribbean Fiber","cable_id":1619},{"id":"saint-maarten-puerto-rico-network-one-smpr-1","name":"Saint Maarten Puerto Rico Network One (SMPR-1)","cable_id":1245}],"landing_points":[{"id":"great-bay-beach-saint-martin","name":"Great Bay Beach , Saint Martin","landing_point_id":16123},{"id":"st-louis-saint-martin","name":"St. Louis, Saint Martin","landing_point_id":16976},{"id":"baie-longue-saint-martin","name":"Baie Longue, Saint Martin","landing_point_id":16758}],"latlon":[{"latlon":"18.024476,-63.055054"},{"latlon":"18.089930,-63.078137"},{"latlon":"18.059657,-63.145703"}]}
