{"name":"Saint Kitts and Nevis","cables":[{"id":"saba-statia-cable-system-sscs","name":"Saba, Statia Cable System (SSCS)","cable_id":1807},{"id":"eastern-caribbean-fiber-system-ecfs","name":"Eastern Caribbean Fiber System (ECFS)","cable_id":1290},{"id":"southern-caribbean-fiber","name":"Southern Caribbean Fiber","cable_id":1619}],"landing_points":[{"id":"basseterre-saint-kitts-and-nevis","name":"Basseterre, Saint Kitts and Nevis","landing_point_id":4356}],"latlon":[{"latlon":"17.298634,-62.731214"},{"latlon":"17.298451,-62.731226"}]}
