{"name":"Saint Vincent and the Grenadines","cables":[{"id":"caribbean-regional-communications-infrastructure-program-carcip","name":"Caribbean Regional Communications Infrastructure Program (CARCIP)","cable_id":2004},{"id":"eastern-caribbean-fiber-system-ecfs","name":"Eastern Caribbean Fiber System (ECFS)","cable_id":1290},{"id":"southern-caribbean-fiber","name":"Southern Caribbean Fiber","cable_id":1619}],"landing_points":[{"id":"kingstown-saint-vincent-and-the-grenadines","name":"Kingstown, Saint Vincent and the Grenadines","landing_point_id":4219},{"id":"chateaubelair-saint-vincent-and-the-grenadines","name":"Chateaubelair, Saint Vincent and the Grenadines","landing_point_id":17314},{"id":"owia-saint-vincent-and-the-grenadines","name":"Owia, Saint Vincent and the Grenadines","landing_point_id":17315},{"id":"bequia-saint-vincent-and-the-grenadines","name":"Bequia, Saint Vincent and the Grenadines","landing_point_id":17318},{"id":"mustique-saint-vincent-and-the-grenadines","name":"Mustique, Saint Vincent and the Grenadines","landing_point_id":17319},{"id":"canouan-saint-vincent-and-the-grenadines","name":"Canouan, Saint Vincent and the Grenadines","landing_point_id":17320},{"id":"union-island-saint-vincent-and-the-grenadines","name":"Union Island, Saint Vincent and the Grenadines","landing_point_id":17321}],"latlon":[{"latlon":"13.145438,-61.208253"},{"latlon":"13.290921,-61.240834"},{"latlon":"13.373099,-61.142774"},{"latlon":"12.997562,-61.244703"},{"latlon":"12.877713,-61.187123"},{"latlon":"12.699637,-61.338954"},{"latlon":"12.611405,-61.443177"}]}
