{"name":"Samoa","cables":[{"id":"manatua","name":"Manatua","cable_id":1949},{"id":"southern-cross-next","name":"Southern Cross NEXT                                                                                           ","cable_id":1894},{"id":"tui-samoa","name":"Tui-Samoa","cable_id":1855},{"id":"samoa-american-samoa-sas","name":"Samoa-American Samoa (SAS)","cable_id":1620}],"landing_points":[{"id":"apia-samoa","name":"Apia, Samoa","landing_point_id":5705},{"id":"tuasivi-samoa","name":"Tuasivi, Samoa","landing_point_id":16520}],"latlon":[{"latlon":"-13.833407,-171.766679"},{"latlon":"-13.833407,-171.766678"},{"latlon":"-13.670589,-172.178161"},{"latlon":"-13.833675,-171.766684"}]}
