{"name":"Saudi Arabia","cables":[{"id":"africa-1","name":"Africa-1","cable_id":1878},{"id":"seamewe-5","name":"SeaMeWe-5","cable_id":1559},{"id":"asia-africa-europe-1-aae-1","name":"Asia Africa Europe-1 (AAE-1)","cable_id":1739},{"id":"seacomtata-tgn-eurasia","name":"SEACOM/Tata TGN-Eurasia","cable_id":1552},{"id":"saudi-arabia-sudan-2-sas-2","name":"Saudi Arabia-Sudan-2 (SAS-2)","cable_id":1675},{"id":"flag-europe-asia-fea","name":"FLAG Europe-Asia (FEA)","cable_id":1027},{"id":"seamewe-3","name":"SeaMeWe-3","cable_id":1031},{"id":"saudi-arabia-sudan-1-sas-1","name":"Saudi Arabia-Sudan-1 (SAS-1)","cable_id":1247},{"id":"seamewe-4","name":"SeaMeWe-4","cable_id":1035},{"id":"falcon","name":"FALCON","cable_id":1346},{"id":"imewe","name":"IMEWE","cable_id":1536},{"id":"middle-east-north-africa-mena-cable-systemgulf-bridge-international","name":"Middle East North Africa (MENA) Cable System/Gulf Bridge International","cable_id":1558},{"id":"europe-india-gateway-eig","name":"Europe India Gateway (EIG)","cable_id":1580},{"id":"gulf-bridge-international-cable-system-gbicsmiddle-east-north-africa-mena-cable-system","name":"Gulf Bridge International Cable System (GBICS)/Middle East North Africa (MENA) Cable System","cable_id":1598},{"id":"tata-tgn-gulf","name":"Tata TGN-Gulf","cable_id":1631}],"landing_points":[{"id":"yanbu-saudi-arabia","name":"Yanbu, Saudi Arabia","landing_point_id":9269},{"id":"jeddah-saudi-arabia","name":"Jeddah, Saudi Arabia","landing_point_id":4361},{"id":"al-khobar-saudi-arabia","name":"Al Khobar, Saudi Arabia","landing_point_id":7729}],"latlon":[{"latlon":"24.070555,38.106971"},{"latlon":"21.481262,39.182751"},{"latlon":"26.286167,50.214191"}]}
