{"name":"Singapore","cables":[{"id":"south-asia-express-saex2","name":"South Asia Express (SAEx2)","cable_id":1973},{"id":"indonesia-global-gateway-igg-system","name":"Indonesia Global Gateway (IGG) System","cable_id":1895},{"id":"seax-1","name":"SEAX-1","cable_id":1887},{"id":"australia-singapore-cable-asc","name":"Australia-Singapore Cable (ASC)","cable_id":1683},{"id":"asia-pacific-gateway-apg","name":"Asia Pacific Gateway (APG)","cable_id":1617},{"id":"pgascom","name":"PGASCOM","cable_id":1680},{"id":"singapore-myanmar-sigmar","name":"Singapore-Myanmar (SIGMAR)","cable_id":1986},{"id":"indigo-west","name":"INDIGO-West","cable_id":1744},{"id":"seamewe-5","name":"SeaMeWe-5","cable_id":1559},{"id":"seamewe-3","name":"SeaMeWe-3","cable_id":1031},{"id":"apcn-2","name":"APCN-2","cable_id":1049},{"id":"bay-to-bay-express-btobe-cable-system","name":"Bay to Bay Express (BtoBE) Cable System","cable_id":1969},{"id":"moratelindo-international-cable-system-1-mic-1","name":"Moratelindo International Cable System-1 (MIC-1)","cable_id":1561},{"id":"thailand-indonesia-singapore-tis","name":"Thailand-Indonesia-Singapore (TIS)","cable_id":1238},{"id":"i2i-cable-network-i2icn","name":"i2i Cable Network (i2icn)","cable_id":1179},{"id":"tata-tgn-tata-indicom","name":"Tata TGN-Tata Indicom","cable_id":1252},{"id":"asia-america-gateway-aag-cable-system","name":"Asia-America Gateway (AAG) Cable System","cable_id":1507},{"id":"tata-tgn-intra-asia-tgn-ia","name":"Tata TGN-Intra Asia (TGN-IA)","cable_id":1534},{"id":"seamewe-4","name":"SeaMeWe-4","cable_id":1035},{"id":"eac-c2c","name":"EAC-C2C","cable_id":1592},{"id":"jakabare","name":"JAKABARE","cable_id":1597},{"id":"southeast-asia-japan-cable-sjc","name":"Southeast Asia Japan Cable (SJC)","cable_id":1604},{"id":"jakarta-bangka-bintan-batam-singapore-b3js","name":"Jakarta-Bangka-Bintan-Batam-Singapore (B3JS)","cable_id":1833},{"id":"batam-singapore-cable-system-bscs","name":"Batam Singapore Cable System (BSCS)","cable_id":1785},{"id":"southeast-asia-japan-cable-2-sjc2","name":"Southeast Asia-Japan Cable 2 (SJC2)","cable_id":1958},{"id":"matrix-cable-system","name":"Matrix Cable System","cable_id":1535},{"id":"asia-submarine-cable-express-asecahaya-malaysia","name":"Asia Submarine-cable Express (ASE)/Cahaya Malaysia","cable_id":1679}],"landing_points":[{"id":"singapore-singapore","name":"Singapore, Singapore","landing_point_id":3029},{"id":"tanah-merah-singapore","name":"Tanah Merah, Singapore","landing_point_id":9135},{"id":"sakra-island-singapore","name":"Sakra Island, Singapore","landing_point_id":10307},{"id":"tuas-singapore","name":"Tuas, Singapore","landing_point_id":5938},{"id":"katong-singapore","name":"Katong, Singapore","landing_point_id":5939},{"id":"changi-north-singapore","name":"Changi North, Singapore","landing_point_id":5940},{"id":"changi-south-singapore","name":"Changi South, Singapore","landing_point_id":5937}],"latlon":[{"latlon":"1.293881,103.853106"},{"latlon":"1.327255,103.946588"},{"latlon":"1.258920,103.704205"},{"latlon":"1.338193,103.647076"},{"latlon":"1.309286,103.904693"},{"latlon":"1.389047,103.987017"},{"latlon":"1.293661,103.853033"},{"latlon":"1.389438,103.987017"}]}
