{"name":"Sint Eustatius and Saba","cables":[{"id":"saba-statia-cable-system-sscs","name":"Saba, Statia Cable System (SSCS)","cable_id":1807},{"id":"deep-blue-cable","name":"Deep Blue Cable","cable_id":1913}],"landing_points":[{"id":"great-level-bay-bonaire-sint-eustatius-and-saba","name":"Great Level Bay, Bonaire, Sint Eustatius and Saba","landing_point_id":17404},{"id":"gallows-bay-bonaire-sint-eustatius-and-saba","name":"Gallows Bay, Bonaire, Sint Eustatius and Saba","landing_point_id":17405},{"id":"kralendijk-bonaire-sint-eustatius-and-saba","name":"Kralendijk, Bonaire, Sint Eustatius and Saba","landing_point_id":17005}],"latlon":[{"latlon":"17.615126,-63.244214"},{"latlon":"17.475917,-62.985523"},{"latlon":"12.144340,-68.265549"}]}
