{"name":"Sint Maarten","cables":[{"id":"saint-maarten-puerto-rico-network-one-smpr-1","name":"Saint Maarten Puerto Rico Network One (SMPR-1)","cable_id":1245},{"id":"eastern-caribbean-fiber-system-ecfs","name":"Eastern Caribbean Fiber System (ECFS)","cable_id":1290}],"landing_points":[{"id":"philipsburg-sint-maarten","name":"Philipsburg, Sint Maarten","landing_point_id":10783},{"id":"saint-maarten-sint-maarten","name":"Saint Maarten, Sint Maarten","landing_point_id":10728}],"latlon":[{"latlon":"18.030201,-63.045825"},{"latlon":"18.031043,-63.073706"}]}
