{"name":"Solomon Islands","cables":[{"id":"coral-sea-cable-system-cscs","name":"Coral Sea Cable System (CSCS)","cable_id":1934},{"id":"interchange-cable-network-2-icn2","name":"Interchange Cable Network 2 (ICN2)","cable_id":1795}],"landing_points":[{"id":"honiara-solomon-islands","name":"Honiara, Solomon Islands","landing_point_id":10892},{"id":"auki-solomon-islands","name":"Auki, Solomon Islands","landing_point_id":10893},{"id":"noro-solomon-islands","name":"Noro, Solomon Islands","landing_point_id":10894},{"id":"taro-solomon-islands","name":"Taro, Solomon Islands","landing_point_id":17241}],"latlon":[{"latlon":"-9.429087,159.949784"},{"latlon":"-8.774644,160.701321"},{"latlon":"-8.242076,157.190654"},{"latlon":"-6.708996,156.395904"}]}
