{"name":"South Africa","cables":[{"id":"iox-cable-system","name":"IOX Cable System","cable_id":1901},{"id":"south-asia-express-saex2","name":"South Asia Express (SAEx2)","cable_id":1973},{"id":"africa-1","name":"Africa-1","cable_id":1878},{"id":"meltingpot-indianoceanic-submarine-system-metiss","name":"Meltingpot Indianoceanic Submarine System (METISS)","cable_id":1892},{"id":"africa-coast-to-europe-ace","name":"Africa Coast to Europe (ACE)","cable_id":1629},{"id":"sat-3wasc","name":"SAT-3/WASC","cable_id":1219},{"id":"safe","name":"SAFE","cable_id":1220},{"id":"eastern-africa-submarine-system-eassy","name":"Eastern Africa Submarine System (EASSy)","cable_id":1246},{"id":"seacomtata-tgn-eurasia","name":"SEACOM/Tata TGN-Eurasia","cable_id":1552},{"id":"west-african-cable-system-wacs","name":"West African Cable System (WACS)","cable_id":1560},{"id":"south-atlantic-express-saex1","name":"South Atlantic Express (SAEx1)","cable_id":1669},{"id":"sabr","name":"SABR","cable_id":1929}],"landing_points":[{"id":"east-london-south-africa","name":"East London, South Africa","landing_point_id":9248},{"id":"mtunzini-south-africa","name":"Mtunzini, South Africa","landing_point_id":5942},{"id":"durban-south-africa","name":"Durban, South Africa","landing_point_id":5044},{"id":"duynefontein-south-africa","name":"Duynefontein, South Africa","landing_point_id":17037},{"id":"melkbosstrand-south-africa","name":"Melkbosstrand, South Africa","landing_point_id":5941},{"id":"yzerfontein-south-africa","name":"Yzerfontein, South Africa","landing_point_id":9844},{"id":"cape-town-south-africa","name":"Cape Town, South Africa","landing_point_id":3921}],"latlon":[{"latlon":"-32.983324,27.866668"},{"latlon":"-28.950440,31.757853"},{"latlon":"-29.855738,31.035123"},{"latlon":"-33.693309,18.449912"},{"latlon":"-33.727220,18.445762"},{"latlon":"-28.950636,31.757853"},{"latlon":"-33.348217,18.155528"},{"latlon":"-33.919164,18.421934"}]}
