{"name":"Spain","cables":[{"id":"pencan-8","name":"Pencan-8","cable_id":1701},{"id":"pencan-9","name":"Pencan-9","cable_id":1866},{"id":"sat-3wasc","name":"SAT-3/WASC","cable_id":1219},{"id":"transcan-3","name":"TRANSCAN-3","cable_id":1449},{"id":"canalink","name":"Canalink","cable_id":1666},{"id":"penbal-5","name":"PENBAL-5","cable_id":1187},{"id":"subcan-link-2","name":"Subcan Link 2","cable_id":1778},{"id":"subcan-link-1","name":"Subcan Link 1","cable_id":1777},{"id":"balalink","name":"Balalink","cable_id":1696},{"id":"estepona-tetouan","name":"Estepona-Tetouan","cable_id":1251},{"id":"flag-europe-asia-fea","name":"FLAG Europe-Asia (FEA)","cable_id":1027},{"id":"atlantis-2","name":"Atlantis-2","cable_id":1045},{"id":"columbus-iii","name":"Columbus-III","cable_id":1046},{"id":"marea","name":"MAREA","cable_id":1890},{"id":"tata-tgn-western-europe","name":"Tata TGN-Western Europe","cable_id":1173},{"id":"alpal-2","name":"ALPAL-2","cable_id":1234},{"id":"west-african-cable-system-wacs","name":"West African Cable System (WACS)","cable_id":1560},{"id":"oran-valencia-orval","name":"Oran-Valencia (ORVAL)","cable_id":1664},{"id":"africa-coast-to-europe-ace","name":"Africa Coast to Europe (ACE)","cable_id":1629}],"landing_points":[{"id":"candelaria-canary-islands-spain","name":"Candelaria, Canary Islands, Spain","landing_point_id":7775},{"id":"tarahales-spain","name":"Tarahales, Spain","landing_point_id":16517},{"id":"chipiona-spain","name":"Chipiona, Spain","landing_point_id":7777},{"id":"gran-canaria-canary-islands-spain","name":"Gran Canaria, Canary Islands, Spain","landing_point_id":5721},{"id":"lanzarote-canary-islands-spain","name":"Lanzarote, Canary Islands, Spain","landing_point_id":7781},{"id":"rota-spain","name":"Rota, Spain","landing_point_id":10400},{"id":"tinocas-canary-islands-spain","name":"Tinocas, Canary Islands, Spain","landing_point_id":16016},{"id":"gimar-canary-islands-spain","name":"Güimar, Canary Islands, Spain","landing_point_id":16017},{"id":"gav-spain","name":"Gavá, Spain","landing_point_id":7762},{"id":"piedra-santa-spain","name":"Piedra Santa, Spain","landing_point_id":14646},{"id":"las-caletillas-spain","name":"Las Caletillas, Spain","landing_point_id":14645},{"id":"palma-spain","name":"Palma, Spain","landing_point_id":4723},{"id":"santa-cruz-de-la-palma-canary-islands-spain","name":"Santa Cruz de La Palma, Canary Islands, Spain","landing_point_id":7776},{"id":"estepona-spain","name":"Estepona, Spain","landing_point_id":5943},{"id":"conil-spain","name":"Conil, Spain","landing_point_id":5944},{"id":"el-goro-canary-islands-spain","name":"El Goro, Canary Islands, Spain","landing_point_id":10726},{"id":"bilbao-spain","name":"Bilbao, Spain","landing_point_id":3067},{"id":"el-mdano-canary-islands-spain","name":"El Médano, Canary Islands, Spain","landing_point_id":5722},{"id":"ses-covetes-spain","name":"Ses Covetes, Spain","landing_point_id":5948},{"id":"alta-vista-canary-islands-spain","name":"Alta Vista, Canary Islands, Spain","landing_point_id":5720},{"id":"tenerife-canary-islands-spain","name":"Tenerife, Canary Islands, Spain","landing_point_id":7713},{"id":"valencia-spain","name":"Valencia, Spain","landing_point_id":3066}],"latlon":[{"latlon":"28.355538,-16.371739"},{"latlon":"28.096371,-15.450743"},{"latlon":"36.731303,-6.428872"},{"latlon":"27.957760,-15.596593"},{"latlon":"29.038509,-13.650402"},{"latlon":"36.626274,-6.363003"},{"latlon":"28.134359,-15.487706"},{"latlon":"28.310580,-16.412559"},{"latlon":"41.304006,2.001348"},{"latlon":"28.040621,-15.408800"},{"latlon":"28.377279,-16.362364"},{"latlon":"39.552322,2.605254"},{"latlon":"28.663180,-17.765244"},{"latlon":"36.427104,-5.145865"},{"latlon":"36.276567,-6.087222"},{"latlon":"27.999496,-15.699962"},{"latlon":"43.268348,-2.946159"},{"latlon":"28.046652,-16.538584"},{"latlon":"39.354544,2.970964"},{"latlon":"27.959396,-15.398741"},{"latlon":"28.292782,-16.522764"},{"latlon":"39.468314,-0.376971"}]}
