{"name":"Sri Lanka","cables":[{"id":"seamewe-5","name":"SeaMeWe-5","cable_id":1559},{"id":"bay-of-bengal-gateway-bbg","name":"Bay of Bengal Gateway (BBG)","cable_id":1735},{"id":"seamewe-3","name":"SeaMeWe-3","cable_id":1031},{"id":"seamewe-4","name":"SeaMeWe-4","cable_id":1035},{"id":"bharat-lanka-cable-system","name":"Bharat Lanka Cable System","cable_id":1356},{"id":"dhiraagu-slt-submarine-cable-network","name":"Dhiraagu-SLT Submarine Cable Network","cable_id":1369},{"id":"warf-submarine-cable","name":"WARF Submarine Cable","cable_id":1517}],"landing_points":[{"id":"matara-sri-lanka","name":"Matara, Sri Lanka","landing_point_id":15021},{"id":"ratmalana-sri-lanka","name":"Ratmalana, Sri Lanka","landing_point_id":14621},{"id":"mt-lavinia-sri-lanka","name":"Mt. Lavinia, Sri Lanka","landing_point_id":5949},{"id":"colombo-sri-lanka","name":"Colombo, Sri Lanka","landing_point_id":3887}],"latlon":[{"latlon":"5.940827,80.539861"},{"latlon":"6.820392,79.889275"},{"latlon":"6.832697,79.866716"},{"latlon":"6.926740,79.871990"}]}
