{"name":"Sudan","cables":[{"id":"africa-1","name":"Africa-1","cable_id":1878},{"id":"saudi-arabia-sudan-2-sas-2","name":"Saudi Arabia-Sudan-2 (SAS-2)","cable_id":1675},{"id":"saudi-arabia-sudan-1-sas-1","name":"Saudi Arabia-Sudan-1 (SAS-1)","cable_id":1247},{"id":"eastern-africa-submarine-system-eassy","name":"Eastern Africa Submarine System (EASSy)","cable_id":1246},{"id":"falcon","name":"FALCON","cable_id":1346}],"landing_points":[{"id":"port-sudan-sudan","name":"Port Sudan, Sudan","landing_point_id":5950}],"latlon":[{"latlon":"19.615552,37.219691"},{"latlon":"19.615564,37.219666"}]}
