{"name":"Sweden","cables":[{"id":"eastern-light","name":"Eastern Light","cable_id":1710},{"id":"energinet-laeso-varberg","name":"Energinet Laeso-Varberg","cable_id":2003},{"id":"nordbalt","name":"NordBalt","cable_id":1963},{"id":"ip-only-denmark-sweden","name":"IP-Only Denmark-Sweden","cable_id":1765},{"id":"denmark-sweden-17","name":"Denmark-Sweden 17","cable_id":1730},{"id":"denmark-sweden-16","name":"Denmark-Sweden 16","cable_id":1261},{"id":"botnia","name":"Botnia","cable_id":1271},{"id":"latvia-sweden-1-lv-se-1","name":"Latvia-Sweden 1 (LV-SE 1)","cable_id":1270},{"id":"sweden-finland-link-sfl","name":"Sweden-Finland Link (SFL)","cable_id":1208},{"id":"sweden-finland-4-sfs-4","name":"Sweden-Finland 4 (SFS-4)","cable_id":1207},{"id":"sweden-estonia-ee-s-1","name":"Sweden-Estonia (EE-S 1)","cable_id":1221},{"id":"baltica","name":"Baltica","cable_id":1199},{"id":"bcs-east-west-interlink","name":"BCS East-West Interlink","cable_id":1222},{"id":"sweden-latvia","name":"Sweden-Latvia","cable_id":1364},{"id":"globalconnect-2-gc2","name":"GlobalConnect 2 (GC2)","cable_id":1760},{"id":"kattegat-1","name":"Kattegat 1","cable_id":1218},{"id":"denmark-sweden-18","name":"Denmark-Sweden 18","cable_id":1731},{"id":"denmark-sweden-15","name":"Denmark-Sweden 15","cable_id":1259},{"id":"scandinavian-ring-north","name":"Scandinavian Ring North","cable_id":1544},{"id":"scandinavian-ring-south","name":"Scandinavian Ring South","cable_id":1545},{"id":"danica-north","name":"Danica North","cable_id":1541},{"id":"kattegat-2","name":"Kattegat 2","cable_id":1688},{"id":"bcs-north---phase-1","name":"BCS North - Phase 1","cable_id":1609},{"id":"baltic-sea-submarine-cable","name":"Baltic Sea Submarine Cable","cable_id":1624}],"landing_points":[{"id":"stockholm-sweden","name":"Stockholm, Sweden","landing_point_id":3063},{"id":"varberg-sweden","name":"Varberg, Sweden","landing_point_id":17311},{"id":"nybro-sweden","name":"Nybro, Sweden","landing_point_id":13064},{"id":"klagshamn-sweden","name":"Klagshamn, Sweden","landing_point_id":14586},{"id":"kristinelund-sweden","name":"Kristinelund, Sweden","landing_point_id":10739},{"id":"velling-sweden","name":"Velling, Sweden","landing_point_id":14584},{"id":"ume-sweden","name":"Umeå, Sweden","landing_point_id":6004},{"id":"nynashamn-sweden","name":"Nynashamn, Sweden","landing_point_id":5951},{"id":"vdd-sweden","name":"Väddö, Sweden","landing_point_id":6000},{"id":"norrtalge-sweden","name":"Norrtalge, Sweden","landing_point_id":6171},{"id":"stavsnas-sweden","name":"Stavsnas, Sweden","landing_point_id":5952},{"id":"ystad-sweden","name":"Ystad, Sweden","landing_point_id":5954},{"id":"katthammarsvik-sweden","name":"Katthammarsvik, Sweden","landing_point_id":10365},{"id":"farosund-sweden","name":"Farosund, Sweden","landing_point_id":7412},{"id":"kungsbacka-sweden","name":"Kungsbacka, Sweden","landing_point_id":10605},{"id":"helsingborg-sweden","name":"Helsingborg, Sweden","landing_point_id":3268},{"id":"bunkeflostand-sweden","name":"Bunkeflostand, Sweden","landing_point_id":8401},{"id":"barsebck-sweden","name":"Barsebäck, Sweden","landing_point_id":8403},{"id":"skalvik-sweden","name":"Skalvik, Sweden","landing_point_id":10323}],"latlon":[{"latlon":"59.332208,18.062852"},{"latlon":"57.105305,12.251270"},{"latlon":"56.743794,15.908678"},{"latlon":"55.533296,12.916663"},{"latlon":"56.134736,12.588636"},{"latlon":"55.471065,12.963831"},{"latlon":"63.825870,20.262948"},{"latlon":"58.902923,17.946543"},{"latlon":"59.983379,18.816562"},{"latlon":"59.759661,18.701328"},{"latlon":"59.292779,18.688328"},{"latlon":"55.431331,13.828284"},{"latlon":"57.431037,18.845273"},{"latlon":"57.862983,19.055332"},{"latlon":"57.487482,12.076234"},{"latlon":"56.043843,12.695862"},{"latlon":"55.556807,12.918714"},{"latlon":"55.770381,12.955432"},{"latlon":"56.683186,12.683265"}]}
