{"name":"Taiwan","cables":[{"id":"southeast-asia-japan-cable-2-sjc2","name":"Southeast Asia-Japan Cable 2 (SJC2)","cable_id":1958},{"id":"hong-kong-americas-hka","name":"Hong Kong-Americas (HKA)","cable_id":1933},{"id":"pacific-light-cable-network-plcn","name":"Pacific Light Cable Network (PLCN)","cable_id":1858},{"id":"new-cross-pacific-ncp-cable-system","name":"New Cross Pacific (NCP) Cable System","cable_id":1786},{"id":"asia-pacific-gateway-apg","name":"Asia Pacific Gateway (APG)","cable_id":1617},{"id":"seamewe-3","name":"SeaMeWe-3","cable_id":1031},{"id":"flag-north-asia-loopreach-north-asia-loop","name":"FLAG North Asia Loop/REACH North Asia Loop","cable_id":1150},{"id":"faster","name":"FASTER","cable_id":1794},{"id":"apcn-2","name":"APCN-2","cable_id":1049},{"id":"taiwan-strait-express-1-tse-1","name":"Taiwan Strait Express-1 (TSE-1)","cable_id":1636},{"id":"trans-pacific-express-tpe-cable-system","name":"Trans-Pacific Express (TPE) Cable System","cable_id":1513},{"id":"eac-c2c","name":"EAC-C2C","cable_id":1592},{"id":"cross-straits-cable-network","name":"Cross Straits Cable Network","cable_id":1632}],"landing_points":[{"id":"tanshui-taiwan","name":"Tanshui, Taiwan","landing_point_id":5982},{"id":"fangshan-taiwan","name":"Fangshan, Taiwan","landing_point_id":5980},{"id":"toucheng-taiwan","name":"Toucheng, Taiwan","landing_point_id":5981},{"id":"pa-li-taiwan","name":"Pa Li, Taiwan","landing_point_id":5983},{"id":"guningtou-taiwan","name":"Guningtou, Taiwan","landing_point_id":10366},{"id":"lake-ci-taiwan","name":"Lake Ci, Taiwan","landing_point_id":10367}],"latlon":[{"latlon":"25.181602,121.462644"},{"latlon":"22.249206,120.662156"},{"latlon":"24.863596,121.801462"},{"latlon":"22.249254,120.662107"},{"latlon":"25.181357,121.462595"},{"latlon":"25.149985,121.383200"},{"latlon":"24.476145,118.307128"},{"latlon":"24.455516,118.289745"}]}
