{"name":"Thailand","cables":[{"id":"southeast-asia-japan-cable-2-sjc2","name":"Southeast Asia-Japan Cable 2 (SJC2)","cable_id":1958},{"id":"malaysia-cambodia-thailand-mct-cable","name":"Malaysia-Cambodia-Thailand (MCT) Cable","cable_id":1776},{"id":"asia-africa-europe-1-aae-1","name":"Asia Africa Europe-1 (AAE-1)","cable_id":1739},{"id":"asia-pacific-gateway-apg","name":"Asia Pacific Gateway (APG)","cable_id":1617},{"id":"flag-europe-asia-fea","name":"FLAG Europe-Asia (FEA)","cable_id":1027},{"id":"seamewe-3","name":"SeaMeWe-3","cable_id":1031},{"id":"thailand-indonesia-singapore-tis","name":"Thailand-Indonesia-Singapore (TIS)","cable_id":1238},{"id":"seamewe-4","name":"SeaMeWe-4","cable_id":1035},{"id":"asia-america-gateway-aag-cable-system","name":"Asia-America Gateway (AAG) Cable System","cable_id":1507}],"landing_points":[{"id":"songkhla-thailand","name":"Songkhla, Thailand","landing_point_id":4265},{"id":"rayong-thailand","name":"Rayong, Thailand","landing_point_id":10985},{"id":"satun-thailand","name":"Satun, Thailand","landing_point_id":5956},{"id":"sriracha-thailand","name":"Sriracha, Thailand","landing_point_id":6014}],"latlon":[{"latlon":"7.078571,100.596956"},{"latlon":"12.670658,101.277351"},{"latlon":"7.078449,100.596980"},{"latlon":"6.613214,100.066121"},{"latlon":"13.174369,100.930574"}]}
