{"name":"Tonga","cables":[{"id":"tonga-domestic-cable-extension-tcde","name":"Tonga Domestic Cable Extension (TCDE)","cable_id":1951},{"id":"tonga-cable","name":"Tonga Cable","cable_id":1687}],"landing_points":[{"id":"pangai-tonga","name":"Pangai, Tonga","landing_point_id":17155},{"id":"neiafu-tonga","name":"Neiafu, Tonga","landing_point_id":17156},{"id":"nukualofa-tonga","name":"Nukualofa, Tonga","landing_point_id":17154},{"id":"nukualofa-tonga","name":"Nuku'alofa, Tonga","landing_point_id":9087}],"latlon":[{"latlon":"-19.811431,-174.350261"},{"latlon":"-18.647687,-173.983685"},{"latlon":"-21.139336,-175.204947"},{"latlon":"-21.133281,-175.200032"}]}
