{"name":"Tunisia","cables":[{"id":"seamewe-4","name":"SeaMeWe-4","cable_id":1035},{"id":"didon","name":"Didon","cable_id":1772},{"id":"trapani-kelibia","name":"Trapani-Kelibia","cable_id":1555},{"id":"hannibal-system","name":"HANNIBAL System","cable_id":1621}],"landing_points":[{"id":"bizerte-tunisia","name":"Bizerte, Tunisia","landing_point_id":5958},{"id":"kelibia-tunisia","name":"Kelibia, Tunisia","landing_point_id":6015}],"latlon":[{"latlon":"37.276347,9.867348"},{"latlon":"36.849308,11.089906"}]}
