{"name":"Turkey","cables":[{"id":"turcyos-2","name":"Turcyos-2","cable_id":1705},{"id":"turcyos-1","name":"Turcyos-1","cable_id":1341},{"id":"seamewe-5","name":"SeaMeWe-5","cable_id":1559},{"id":"seamewe-3","name":"SeaMeWe-3","cable_id":1031},{"id":"mednautilus-submarine-system","name":"MedNautilus Submarine System","cable_id":1185}],"landing_points":[{"id":"samandag-turkey","name":"Samandag, Turkey","landing_point_id":10382},{"id":"mersin-turkey","name":"Mersin, Turkey","landing_point_id":9080},{"id":"marmaris-turkey","name":"Marmaris, Turkey","landing_point_id":5959},{"id":"istanbul-turkey","name":"Istanbul, Turkey","landing_point_id":3221}],"latlon":[{"latlon":"36.082341,35.999257"},{"latlon":"36.799980,34.633340"},{"latlon":"36.855253,28.253679"},{"latlon":"41.040615,28.986101"}]}
