{"name":"United States","cables":[{"id":"terra-aleutian","name":"TERRA-Aleutian","cable_id":1942},{"id":"jupiter","name":"JUPITER","cable_id":1928},{"id":"sea2shore","name":"sea2shore","cable_id":1966},{"id":"southern-cross-next","name":"Southern Cross NEXT                                                                                           ","cable_id":1894},{"id":"nynj-1","name":"NYNJ-1","cable_id":1961},{"id":"havfrueaec-2","name":"Havfrue/AEC-2","cable_id":1931},{"id":"sxs","name":"SxS","cable_id":2027},{"id":"japan-guam-australia-south-jga-s","name":"Japan-Guam-Australia South (JGA-S)","cable_id":1959},{"id":"japan-guam-australia-north-jga-n","name":"Japan-Guam-Australia North (JGA-N)","cable_id":1919},{"id":"paniolo-cable-network","name":"Paniolo Cable Network","cable_id":1948},{"id":"hong-kong-americas-hka","name":"Hong Kong-Americas (HKA)","cable_id":1933},{"id":"wall-li","name":"WALL-LI","cable_id":1926},{"id":"crosslake-fibre","name":"Crosslake Fibre","cable_id":1925},{"id":"gtmo-pr","name":"GTMO-PR","cable_id":1918},{"id":"gtmo-1","name":"GTMO-1","cable_id":1917},{"id":"deep-blue-cable","name":"Deep Blue Cable","cable_id":1913},{"id":"pacific-light-cable-network-plcn","name":"Pacific Light Cable Network (PLCN)","cable_id":1858},{"id":"south-atlantic-express-saex1","name":"South Atlantic Express (SAEx1)","cable_id":1669},{"id":"dunant","name":"Dunant","cable_id":1971},{"id":"marea","name":"MAREA","cable_id":1890},{"id":"brusa","name":"BRUSA","cable_id":1873},{"id":"quintillion-subsea-cable-network","name":"Quintillion Subsea Cable Network","cable_id":1862},{"id":"hawaiki","name":"Hawaiki","cable_id":1733},{"id":"lynn-canal-fiber","name":"Lynn Canal Fiber","cable_id":1840},{"id":"hifn-hawaii-island-fibre-network","name":"HIFN (Hawaii Island Fibre Network)","cable_id":1456},{"id":"hics-hawaii-inter-island-cable-system","name":"HICS (Hawaii Inter-Island Cable System)","cable_id":1455},{"id":"terra-sw","name":"TERRA SW","cable_id":1693},{"id":"alaska-united-turnagain-arm-auta","name":"Alaska United Turnagain Arm (AUTA)","cable_id":1813},{"id":"new-cross-pacific-ncp-cable-system","name":"New Cross Pacific (NCP) Cable System","cable_id":1786},{"id":"global-caribbean-network-gcn","name":"Global Caribbean Network (GCN)","cable_id":1829},{"id":"st-thomas-st-croix-system","name":"St. Thomas-St. Croix System","cable_id":1756},{"id":"sea-us","name":"SEA-US","cable_id":1823},{"id":"taino-carib","name":"Taino-Carib","cable_id":1229},{"id":"columbus-ii-b","name":"Columbus-II b","cable_id":1643},{"id":"americas-i-north","name":"Americas-I North","cable_id":1645},{"id":"bay-to-bay-express-btobe-cable-system","name":"Bay to Bay Express (BtoBE) Cable System","cable_id":1969},{"id":"pacific-crossing-1-pc-1","name":"Pacific Crossing-1 (PC-1)","cable_id":1007},{"id":"atlantic-crossing-1-ac-1","name":"Atlantic Crossing-1 (AC-1)","cable_id":1143},{"id":"mid-atlantic-crossing-mac","name":"Mid-Atlantic Crossing (MAC)","cable_id":1070},{"id":"america-movil-submarine-cable-system-1-amx-1","name":"America Movil Submarine Cable System-1 (AMX-1)","cable_id":1686},{"id":"pan-american-crossing-pac","name":"Pan-American Crossing (PAC)","cable_id":1072},{"id":"flag-atlantic-1-fa-1","name":"FLAG Atlantic-1 (FA-1)","cable_id":1028},{"id":"southern-cross-cable-network-sccn","name":"Southern Cross Cable Network (SCCN)","cable_id":1009},{"id":"south-american-crossing-sac","name":"South American Crossing (SAC)","cable_id":1084},{"id":"japan-u-s-cable-network-jus","name":"Japan-U.S. Cable Network (JUS)","cable_id":1010},{"id":"globenet","name":"GlobeNet","cable_id":1076},{"id":"monet","name":"Monet","cable_id":1787},{"id":"tat-14","name":"TAT-14","cable_id":1043},{"id":"columbus-iii","name":"Columbus-III","cable_id":1046},{"id":"gtt-atlantic","name":"GTT Atlantic","cable_id":1080},{"id":"south-america-1-sam-1","name":"South America-1 (SAm-1)","cable_id":1083},{"id":"southern-caribbean-fiber","name":"Southern Caribbean Fiber","cable_id":1619},{"id":"pacific-caribbean-cable-system-pccs","name":"Pacific Caribbean Cable System (PCCS)","cable_id":1727},{"id":"bahamas-2","name":"Bahamas 2","cable_id":1069},{"id":"faster","name":"FASTER","cable_id":1794},{"id":"antillas-1","name":"Antillas 1","cable_id":1227},{"id":"americas-ii","name":"Americas-II","cable_id":1148},{"id":"seabras-1","name":"Seabras-1","cable_id":1728},{"id":"tata-tgn-atlantic","name":"Tata TGN-Atlantic","cable_id":1149},{"id":"alaska-united-east","name":"Alaska United East","cable_id":1168},{"id":"aeconnect-1","name":"AEConnect-1","cable_id":1691},{"id":"apollo","name":"Apollo","cable_id":1213},{"id":"yellow","name":"Yellow","cable_id":1081},{"id":"maya-1","name":"Maya-1","cable_id":1071},{"id":"northstar","name":"NorthStar","cable_id":1166},{"id":"pan-american-pan-am","name":"Pan American (PAN-AM)","cable_id":1073},{"id":"curie","name":"Curie","cable_id":1932},{"id":"tata-tgn-pacific","name":"Tata TGN-Pacific","cable_id":1155},{"id":"arcos","name":"ARCOS ","cable_id":1078},{"id":"bahamas-internet-cable-system-bics","name":"Bahamas Internet Cable System (BICS)","cable_id":1232},{"id":"hong-kong-guam-hk-g","name":"Hong Kong-Guam (HK-G)","cable_id":1902},{"id":"atisa","name":"Atisa","cable_id":1874},{"id":"hantru1-cable-system","name":"HANTRU1 Cable System","cable_id":1605},{"id":"saint-maarten-puerto-rico-network-one-smpr-1","name":"Saint Maarten Puerto Rico Network One (SMPR-1)","cable_id":1245},{"id":"alaska-united-west","name":"Alaska United West","cable_id":1348},{"id":"pipe-pacific-cable-1-ppc-1","name":"PIPE Pacific Cable-1 (PPC-1)","cable_id":1520},{"id":"trans-pacific-express-tpe-cable-system","name":"Trans-Pacific Express (TPE) Cable System","cable_id":1513},{"id":"kodiak-kenai-fiber-link-kkfl","name":"Kodiak Kenai Fiber Link (KKFL)","cable_id":1530},{"id":"telstra-endeavour","name":"Telstra Endeavour","cable_id":1526},{"id":"colombia-florida-subsea-fiber-cfx-1","name":"Colombia-Florida Subsea Fiber (CFX-1)","cable_id":1554},{"id":"gemini-bermuda","name":"Gemini Bermuda","cable_id":1551},{"id":"asia-america-gateway-aag-cable-system","name":"Asia-America Gateway (AAG) Cable System","cable_id":1507},{"id":"honotua","name":"Honotua","cable_id":1556},{"id":"unityeac-pacific","name":"Unity/EAC-Pacific","cable_id":1525},{"id":"acs-alaska-oregon-network-akorn","name":"ACS Alaska-Oregon Network (AKORN)","cable_id":1571},{"id":"alaska-united-southeast","name":"Alaska United Southeast","cable_id":1567},{"id":"challenger-bermuda-1-cb-1","name":"Challenger Bermuda-1 (CB-1)","cable_id":1596},{"id":"american-samoa-hawaii-ash","name":"American Samoa-Hawaii (ASH)","cable_id":1600}],"landing_points":[{"id":"false-pass-ak-united-states","name":"False Pass, AK, United States","landing_point_id":17105},{"id":"akutan-ak-united-states","name":"Akutan, AK, United States","landing_point_id":17106},{"id":"kodiak-ak-united-states","name":"Kodiak, AK, United States","landing_point_id":8394},{"id":"king-cove-ak-united-states","name":"King Cove, AK, United States","landing_point_id":17367},{"id":"cold-bay-ak-united-states","name":"Cold Bay, AK, United States","landing_point_id":17368},{"id":"sand-point-ak-united-states","name":"Sand Point, AK, United States","landing_point_id":17369},{"id":"perryville-ak-united-states","name":"Perryville, AK, United States","landing_point_id":17370},{"id":"chignik-bay-ak-united-states","name":"Chignik Bay, AK, United States","landing_point_id":17371},{"id":"chignik-lagoon-ak-united-states","name":"Chignik Lagoon, AK, United States","landing_point_id":17372},{"id":"chignik-lake-ak-united-states","name":"Chignik Lake, AK, United States","landing_point_id":17373},{"id":"larsen-bay-ak-united-states","name":"Larsen Bay, AK, United States","landing_point_id":17374},{"id":"unalaska-ak-united-states","name":"Unalaska, AK, United States","landing_point_id":17107},{"id":"t-b-d-or-united-states","name":"t.b.d., OR, United States","landing_point_id":17248},{"id":"narragansett-ri-united-states","name":"Narragansett, RI, United States","landing_point_id":17231},{"id":"crescent-beach-ri-united-states","name":"Crescent Beach, RI, United States","landing_point_id":17232},{"id":"los-angeles-ca-united-states","name":"Los Angeles, CA, United States","landing_point_id":3678},{"id":"wall-township-nj-united-states","name":"Wall Township, NJ, United States","landing_point_id":3822},{"id":"piti-gu-united-states","name":"Piti, GU, United States","landing_point_id":5973},{"id":"kekaha-hi-united-states","name":"Kekaha, HI, United States","landing_point_id":17138},{"id":"kawaihae-hi-united-states","name":"Kawaihae, HI, United States","landing_point_id":8973},{"id":"makaha-hi-united-states","name":"Makaha, HI, United States","landing_point_id":5760},{"id":"makena-hi-united-states","name":"Makena, HI, United States","landing_point_id":17135},{"id":"lahaina-hi-united-states","name":"Lahaina, HI, United States","landing_point_id":17136},{"id":"kaunakakai-hi-united-states","name":"Kaunakakai, HI, United States","landing_point_id":16121},{"id":"hawaii-kai-hi-united-states","name":"Hawaii Kai, HI, United States","landing_point_id":17139},{"id":"hermosa-beach-ca-united-states","name":"Hermosa Beach, CA, United States","landing_point_id":4966},{"id":"westbury-ny-united-states","name":"Westbury, NY, United States","landing_point_id":7194},{"id":"buffalo-ny-united-states","name":"Buffalo, NY, United States","landing_point_id":3569},{"id":"punta-salina-pr-united-states","name":"Punta Salina, PR, United States","landing_point_id":17029},{"id":"dania-beach-fl-united-states","name":"Dania Beach, FL, United States","landing_point_id":17028},{"id":"boca-raton-fl-united-states","name":"Boca Raton, FL, United States","landing_point_id":3563},{"id":"naples-fl-united-states","name":"Naples, FL, United States","landing_point_id":3708},{"id":"san-juan-pr-united-states","name":"San Juan, PR, United States","landing_point_id":4262},{"id":"el-segundo-ca-united-states","name":"El Segundo, CA, United States","landing_point_id":4096},{"id":"virginia-beach-va-united-states","name":"Virginia Beach, VA, United States","landing_point_id":4862},{"id":"utqiavik-ak-united-states","name":"Utqiaġvik, AK, United States","landing_point_id":16441},{"id":"point-hope-ak-united-states","name":"Point Hope, AK, United States","landing_point_id":16440},{"id":"wainwright-ak-united-states","name":"Wainwright, AK, United States","landing_point_id":16439},{"id":"kotzebue-ak-united-states","name":"Kotzebue, AK, United States","landing_point_id":16438},{"id":"nome-ak-united-states","name":"Nome, AK, United States","landing_point_id":16437},{"id":"prudhoe-bay-ak-united-states","name":"Prudhoe Bay, AK, United States","landing_point_id":13390},{"id":"kapolei-hi-united-states","name":"Kapolei, HI, United States","landing_point_id":16358},{"id":"skagway-ak-united-states","name":"Skagway, AK, United States","landing_point_id":16208},{"id":"haines-ak-united-states","name":"Haines, AK, United States","landing_point_id":16207},{"id":"manele-bay-hi-united-states","name":"Manele Bay, HI, United States","landing_point_id":16122},{"id":"ko-olina-hi-united-states","name":"Ko Olina, HI, United States","landing_point_id":16118},{"id":"koko-head-hi-united-states","name":"Koko Head, HI, United States","landing_point_id":16116},{"id":"kihei-maui-hi-united-states","name":"Kihei, Maui, HI, United States","landing_point_id":7795},{"id":"lihue-hi-united-states","name":"Lihue, HI, United States","landing_point_id":4822},{"id":"igiugig-ak-united-states","name":"Igiugig, AK, United States","landing_point_id":15033},{"id":"port-alsworth-ak-united-states","name":"Port Alsworth, AK, United States","landing_point_id":15032},{"id":"fish-camp-ak-united-states","name":"Fish Camp, AK, United States","landing_point_id":15031},{"id":"nondalton-ak-united-states","name":"Nondalton, AK, United States","landing_point_id":15030},{"id":"newhalen-ak-united-states","name":"Newhalen, AK, United States","landing_point_id":15029},{"id":"kokhanok-ak-united-states","name":"Kokhanok, AK, United States","landing_point_id":15028},{"id":"pile-bay-ak-united-states","name":"Pile Bay, AK, United States","landing_point_id":15026},{"id":"illiamna-ak-united-states","name":"Illiamna, AK, United States","landing_point_id":15027},{"id":"pedro-bay-ak-united-states","name":"Pedro Bay, AK, United States","landing_point_id":15025},{"id":"williamsport-ak-united-states","name":"Williamsport, AK, United States","landing_point_id":15024},{"id":"mchugh-point-ak-united-states","name":"McHugh Point, AK, United States","landing_point_id":15023},{"id":"portage-ak-united-states","name":"Portage, AK, United States","landing_point_id":15022},{"id":"pacific-city-or-united-states","name":"Pacific City, OR, United States","landing_point_id":3730},{"id":"st-croix-vi-united-states","name":"St. Croix, VI, United States","landing_point_id":5750},{"id":"christiansted-vi-united-states","name":"Christiansted, VI, United States","landing_point_id":13396},{"id":"condado-beach-pr-united-states","name":"Condado Beach, PR, United States","landing_point_id":6084},{"id":"west-palm-beach-fl-united-states","name":"West Palm Beach, FL, United States","landing_point_id":3824},{"id":"magens-bay-vi-united-states","name":"Magen’s Bay, VI, United States","landing_point_id":5758},{"id":"grover-beach-ca-united-states","name":"Grover Beach, CA, United States","landing_point_id":5748},{"id":"brookhaven-ny-united-states","name":"Brookhaven, NY, United States","landing_point_id":4512},{"id":"hollywood-fl-united-states","name":"Hollywood, FL, United States","landing_point_id":3650},{"id":"northport-ny-united-states","name":"Northport, NY, United States","landing_point_id":9762},{"id":"morro-bay-ca-united-states","name":"Morro Bay, CA, United States","landing_point_id":5751},{"id":"spencer-beach-hi-united-states","name":"Spencer Beach, HI, United States","landing_point_id":5752},{"id":"manchester-ca-united-states","name":"Manchester, CA, United States","landing_point_id":3687},{"id":"island-park-ny-united-states","name":"Island Park, NY, United States","landing_point_id":9763},{"id":"tuckerton-nj-united-states","name":"Tuckerton, NJ, United States","landing_point_id":3808},{"id":"manasquan-nj-united-states","name":"Manasquan, NJ, United States","landing_point_id":3686},{"id":"hillsboro-or-united-states","name":"Hillsboro, OR, United States","landing_point_id":3649},{"id":"kahe-point-hi-united-states","name":"Kahe Point, HI, United States","landing_point_id":5753},{"id":"lynn-ma-united-states","name":"Lynn, MA, United States","landing_point_id":3683},{"id":"vero-beach-fl-united-states","name":"Vero Beach, FL, United States","landing_point_id":3813},{"id":"bandon-or-united-states","name":"Bandon, OR, United States","landing_point_id":3554},{"id":"miramar-pr-united-states","name":"Miramar, PR, United States","landing_point_id":5762},{"id":"whittier-ak-united-states","name":"Whittier, AK, United States","landing_point_id":6255},{"id":"valdez-ak-united-states","name":"Valdez, AK, United States","landing_point_id":5764},{"id":"juneau-ak-united-states","name":"Juneau, AK, United States","landing_point_id":4816},{"id":"shirley-ny-united-states","name":"Shirley, NY, United States","landing_point_id":3783},{"id":"bellport-ny-united-states","name":"Bellport, NY, United States","landing_point_id":5767},{"id":"lena-point-ak-united-states","name":"Lena Point, AK, United States","landing_point_id":5765},{"id":"lynnwood-wa-united-states","name":"Lynnwood, WA, United States","landing_point_id":5770},{"id":"north-miami-beach-fl-united-states","name":"North Miami Beach, FL, United States","landing_point_id":5772},{"id":"isla-verde-pr-united-states","name":"Isla Verde, PR, United States","landing_point_id":5773},{"id":"harbour-pointe-wa-united-states","name":"Harbour Pointe, WA, United States","landing_point_id":3641},{"id":"seward-ak-united-states","name":"Seward, AK, United States","landing_point_id":5755},{"id":"warrenton-or-united-states","name":"Warrenton, OR, United States","landing_point_id":6191},{"id":"nedonna-beach-or-united-states","name":"Nedonna Beach, OR, United States","landing_point_id":3711},{"id":"spanish-river-park-fl-united-states","name":"Spanish River Park, FL, United States","landing_point_id":8357},{"id":"anchorage-ak-united-states","name":"Anchorage, AK, United States","landing_point_id":4067},{"id":"homer-ak-united-states","name":"Homer, AK, United States","landing_point_id":8392},{"id":"kenai-ak-united-states","name":"Kenai, AK, United States","landing_point_id":8393},{"id":"narrow-cape-ak-united-states","name":"Narrow Cape, AK, United States","landing_point_id":8395},{"id":"keawaula-hi-united-states","name":"Keawaula, HI, United States","landing_point_id":5754},{"id":"san-luis-obispo-ca-united-states","name":"San Luis Obispo, CA, United States","landing_point_id":3772},{"id":"redondo-beach-ca-united-states","name":"Redondo Beach, CA, United States","landing_point_id":4992},{"id":"jacksonville-fl-united-states","name":"Jacksonville, FL, United States","landing_point_id":3655},{"id":"florence-or-united-states","name":"Florence, OR, United States","landing_point_id":8539},{"id":"nikiski-ak-united-states","name":"Nikiski, AK, United States","landing_point_id":8540},{"id":"wrangell-ak-united-states","name":"Wrangell, AK, United States","landing_point_id":8549},{"id":"petersburg-ak-united-states","name":"Petersburg, AK, United States","landing_point_id":8550},{"id":"hawk-inlet-ak-united-states","name":"Hawk Inlet, AK, United States","landing_point_id":8552},{"id":"angoon-ak-united-states","name":"Angoon, AK, United States","landing_point_id":8553},{"id":"sitka-ak-united-states","name":"Sitka, AK, United States","landing_point_id":8554},{"id":"charlestown-ri-united-states","name":"Charlestown, RI, United States","landing_point_id":3580}],"latlon":[{"latlon":"54.850838,-163.415000"},{"latlon":"54.135555,-165.773056"},{"latlon":"57.794342,-152.395148"},{"latlon":"55.049129,-162.304421"},{"latlon":"55.204048,-162.704030"},{"latlon":"55.341451,-160.496301"},{"latlon":"55.917415,-159.144791"},{"latlon":"56.294441,-158.408809"},{"latlon":"56.321260,-158.507230"},{"latlon":"56.254890,-158.772090"},{"latlon":"57.537238,-153.985971"},{"latlon":"53.884432,-166.533242"},{"latlon":"44.861914,-124.067262"},{"latlon":"41.441372,-71.442806"},{"latlon":"41.191958,-71.593673"},{"latlon":"34.053485,-118.245335"},{"latlon":"40.152871,-74.062873"},{"latlon":"13.464664,144.694737"},{"latlon":"21.970299,-159.724200"},{"latlon":"20.040295,-155.831236"},{"latlon":"21.463439,-158.220649"},{"latlon":"20.663598,-156.439999"},{"latlon":"20.900903,-156.684500"},{"latlon":"21.093335,-157.023889"},{"latlon":"21.271997,-157.668900"},{"latlon":"33.862237,-118.399546"},{"latlon":"40.757107,-73.586824"},{"latlon":"42.885438,-78.878459"},{"latlon":"18.472999,-66.185753"},{"latlon":"26.052317,-80.143943"},{"latlon":"26.350510,-80.088939"},{"latlon":"26.139096,-81.795792"},{"latlon":"18.466029,-66.106664"},{"latlon":"33.919915,-118.415953"},{"latlon":"36.755009,-76.059198"},{"latlon":"71.290552,-156.788640"},{"latlon":"68.347768,-166.808068"},{"latlon":"70.636951,-160.038345"},{"latlon":"66.898342,-162.596669"},{"latlon":"64.501114,-165.406409"},{"latlon":"70.255640,-148.338448"},{"latlon":"21.335424,-158.056901"},{"latlon":"59.458343,-135.313894"},{"latlon":"59.235833,-135.444997"},{"latlon":"21.093359,-157.023893"},{"latlon":"20.743432,-156.896891"},{"latlon":"21.339697,-158.119498"},{"latlon":"21.277563,-157.696012"},{"latlon":"20.782153,-156.463103"},{"latlon":"21.974938,-159.368570"},{"latlon":"59.327801,-155.894743"},{"latlon":"60.200372,-154.336932"},{"latlon":"59.949200,-154.858855"},{"latlon":"59.972649,-154.847722"},{"latlon":"59.718145,-154.899773"},{"latlon":"59.442157,-154.752752"},{"latlon":"59.776055,-153.880487"},{"latlon":"59.754766,-154.906121"},{"latlon":"59.787213,-154.106121"},{"latlon":"59.682403,-153.632147"},{"latlon":"61.015715,-149.732198"},{"latlon":"60.828289,-148.989815"},{"latlon":"45.201929,-123.962630"},{"latlon":"17.771864,-64.819408"},{"latlon":"17.746656,-64.703149"},{"latlon":"18.459901,-66.077953"},{"latlon":"26.715353,-80.053349"},{"latlon":"18.372987,-64.937084"},{"latlon":"35.120635,-120.621420"},{"latlon":"40.773147,-72.912276"},{"latlon":"26.010202,-80.160234"},{"latlon":"40.909451,-73.344111"},{"latlon":"35.366680,-120.847202"},{"latlon":"20.023108,-155.822087"},{"latlon":"38.969205,-123.686946"},{"latlon":"40.600308,-73.655928"},{"latlon":"39.603885,-74.337910"},{"latlon":"26.350327,-80.088945"},{"latlon":"40.123343,-74.047041"},{"latlon":"45.522901,-122.989797"},{"latlon":"21.353979,-158.130582"},{"latlon":"42.463673,-70.950265"},{"latlon":"18.465833,-66.106664"},{"latlon":"27.638388,-80.394267"},{"latlon":"43.118556,-124.408235"},{"latlon":"18.453419,-66.082884"},{"latlon":"40.152908,-74.062861"},{"latlon":"60.772930,-148.684737"},{"latlon":"61.130352,-146.353342"},{"latlon":"58.299506,-134.406863"},{"latlon":"40.800283,-72.872237"},{"latlon":"40.755544,-72.937813"},{"latlon":"58.550946,-134.747293"},{"latlon":"47.823998,-122.315853"},{"latlon":"34.053399,-118.245347"},{"latlon":"25.932944,-80.162382"},{"latlon":"18.441651,-66.016869"},{"latlon":"13.464688,144.694688"},{"latlon":"47.886217,-122.302181"},{"latlon":"60.112188,-149.443135"},{"latlon":"46.165124,-123.923860"},{"latlon":"45.643738,-123.940071"},{"latlon":"26.378061,-80.067704"},{"latlon":"61.217461,-149.858369"},{"latlon":"59.646368,-151.544306"},{"latlon":"60.552910,-151.259785"},{"latlon":"57.794135,-152.395282"},{"latlon":"57.426838,-152.329169"},{"latlon":"21.548779,-158.242038"},{"latlon":"35.285015,-120.662729"},{"latlon":"20.039990,-155.831413"},{"latlon":"33.844476,-118.388023"},{"latlon":"30.331758,-81.655741"},{"latlon":"43.982130,-124.099837"},{"latlon":"60.689824,-151.291718"},{"latlon":"56.470796,-132.383817"},{"latlon":"56.807612,-132.970047"},{"latlon":"58.128107,-134.741824"},{"latlon":"57.501838,-134.582254"},{"latlon":"57.052912,-135.334402"},{"latlon":"41.411904,-71.645870"}]}
