{"name":"United Kingdom","cables":[{"id":"tat-14","name":"TAT-14","cable_id":1043},{"id":"north-sea-connect-nsc","name":"North Sea Connect (NSC)","cable_id":1912},{"id":"shefa-2","name":"SHEFA-2","cable_id":1576},{"id":"northern-lights","name":"Northern Lights","cable_id":1836},{"id":"lanis-3","name":"Lanis-3","cable_id":1834},{"id":"tampnet-offshore-foc-network","name":"Tampnet Offshore FOC Network","cable_id":1203},{"id":"bt-highlands-and-islands-submarine-cable-system","name":"BT Highlands and Islands Submarine Cable System","cable_id":1827},{"id":"isles-of-scilly-cable","name":"Isles of Scilly Cable","cable_id":1826},{"id":"farland-north","name":"Farland North","cable_id":1819},{"id":"channel-islands-9-liberty-submarine-cable","name":"Channel Islands-9 Liberty Submarine Cable","cable_id":1784},{"id":"scotland-northern-ireland-2","name":"Scotland-Northern Ireland 2","cable_id":1614},{"id":"scotland-northern-ireland-1","name":"Scotland-Northern Ireland 1","cable_id":1387},{"id":"sirius-north","name":"Sirius North","cable_id":1754},{"id":"bt-mt-1","name":"BT-MT-1","cable_id":1752},{"id":"lanis-2","name":"Lanis-2","cable_id":1751},{"id":"uk-netherlands-14","name":"UK-Netherlands 14","cable_id":1365},{"id":"uk-channel-islands-7","name":"UK-Channel Islands-7","cable_id":1703},{"id":"atlantic-crossing-1-ac-1","name":"Atlantic Crossing-1 (AC-1)","cable_id":1143},{"id":"high-capacity-undersea-guernsey-optical-fibre-hugo","name":"High-capacity Undersea Guernsey Optical-fibre (HUGO)","cable_id":1697},{"id":"flag-europe-asia-fea","name":"FLAG Europe-Asia (FEA)","cable_id":1027},{"id":"uk-channel-islands-8","name":"UK-Channel Islands-8","cable_id":1704},{"id":"seamewe-3","name":"SeaMeWe-3","cable_id":1031},{"id":"gtt-atlantic","name":"GTT Atlantic","cable_id":1080},{"id":"yellow","name":"Yellow","cable_id":1081},{"id":"apollo","name":"Apollo","cable_id":1213},{"id":"flag-atlantic-1-fa-1","name":"FLAG Atlantic-1 (FA-1)","cable_id":1028},{"id":"ulysses-2","name":"Ulysses 2","cable_id":1936},{"id":"celtic","name":"Celtic","cable_id":1054},{"id":"esat-1","name":"ESAT-1","cable_id":1223},{"id":"esat-2","name":"ESAT-2","cable_id":1224},{"id":"swansea-brean","name":"Swansea-Brean","cable_id":1835},{"id":"solas","name":"Solas","cable_id":1205},{"id":"tata-tgn-atlantic","name":"Tata TGN-Atlantic","cable_id":1149},{"id":"tata-tgn-western-europe","name":"Tata TGN-Western Europe","cable_id":1173},{"id":"farice-1","name":"FARICE-1","cable_id":1240},{"id":"circe-north","name":"Circe North","cable_id":1137},{"id":"circe-south","name":"Circe South","cable_id":1323},{"id":"tangerine","name":"Tangerine","cable_id":1324},{"id":"glo-1","name":"Glo-1","cable_id":1357},{"id":"pan-european-crossing-uk-belgium","name":"Pan European Crossing (UK-Belgium)","cable_id":1539},{"id":"concerto","name":"Concerto","cable_id":1538},{"id":"pan-european-crossing-uk-ireland","name":"Pan European Crossing (UK-Ireland)","cable_id":1547},{"id":"celtixconnect-2-cc-2","name":"CeltixConnect-2 (CC-2)","cable_id":1911},{"id":"e-llan","name":"E-LLAN","cable_id":1753},{"id":"lanis-1","name":"Lanis-1","cable_id":1616},{"id":"sirius-south","name":"Sirius South","cable_id":1092},{"id":"geo-eirgrid","name":"Geo-Eirgrid","cable_id":1685},{"id":"europe-india-gateway-eig","name":"Europe India Gateway (EIG)","cable_id":1580},{"id":"emerald-bridge-fibres","name":"Emerald Bridge Fibres","cable_id":1684},{"id":"celtixconnect-1-cc-1","name":"CeltixConnect-1 (CC-1)","cable_id":1641},{"id":"gtt-express","name":"GTT Express","cable_id":1673}],"landing_points":[{"id":"st-austell-united-kingdom","name":"St. Austell, United Kingdom","landing_point_id":8787},{"id":"newcastle-united-kingdom","name":"Newcastle, United Kingdom","landing_point_id":4495},{"id":"bp-clair-ridge-united-kingdom","name":"BP Clair Ridge, United Kingdom","landing_point_id":16809},{"id":"skaill-united-kingdom","name":"Skaill, United Kingdom","landing_point_id":16021},{"id":"dunnet-head-united-kingdom","name":"Dunnet Head, United Kingdom","landing_point_id":16020},{"id":"whitehead-united-kingdom","name":"Whitehead, United Kingdom","landing_point_id":16018},{"id":"troon-united-kingdom","name":"Troon, United Kingdom","landing_point_id":11461},{"id":"aberdeen-united-kingdom","name":"Aberdeen, United Kingdom","landing_point_id":3537},{"id":"largs-united-kingdom","name":"Largs, United Kingdom","landing_point_id":15837},{"id":"kilchatten-bay-united-kingdom","name":"Kilchatten Bay, United Kingdom","landing_point_id":15838},{"id":"otter-ferry-united-kingdom","name":"Otter Ferry, United Kingdom","landing_point_id":15839},{"id":"achnaba-united-kingdom","name":"Achnaba, United Kingdom","landing_point_id":15840},{"id":"blackwaterfoot-united-kingdom","name":"Blackwaterfoot, United Kingdom","landing_point_id":15841},{"id":"ardnacross-united-kingdom","name":"Ardnacross, United Kingdom","landing_point_id":15842},{"id":"down-craig-united-kingdom","name":"Down Craig, United Kingdom","landing_point_id":15843},{"id":"corrie-united-kingdom","name":"Corrie, United Kingdom","landing_point_id":15844},{"id":"ardneil-bay-united-kingdom","name":"Ardneil Bay, United Kingdom","landing_point_id":15845},{"id":"port-askaig-united-kingdom","name":"Port Askaig, United Kingdom","landing_point_id":15846},{"id":"feolin-ferry-united-kingdom","name":"Feolin Ferry, United Kingdom","landing_point_id":15847},{"id":"lavagulin-united-kingdom","name":"Lavagulin, United Kingdom","landing_point_id":15848},{"id":"glenbarr-united-kingdom","name":"Glenbarr, United Kingdom","landing_point_id":15849},{"id":"craighouse-united-kingdom","name":"Craighouse, United Kingdom","landing_point_id":15850},{"id":"ormsary-united-kingdom","name":"Ormsary, United Kingdom","landing_point_id":15851},{"id":"kilchoan-ferry-united-kingdom","name":"Kilchoan Ferry, United Kingdom","landing_point_id":15852},{"id":"tobermory-united-kingdom","name":"Tobermory, United Kingdom","landing_point_id":15853},{"id":"duart-bay-united-kingdom","name":"Duart Bay, United Kingdom","landing_point_id":15854},{"id":"ganavan-bay-united-kingdom","name":"Ganavan Bay, United Kingdom","landing_point_id":15855},{"id":"corran-united-kingdom","name":"Corran, United Kingdom","landing_point_id":15856},{"id":"ardmair-united-kingdom","name":"Ardmair, United Kingdom","landing_point_id":15857},{"id":"branahuie-bay-united-kingdom","name":"Branahuie Bay, United Kingdom","landing_point_id":15858},{"id":"leverburgh-united-kingdom","name":"Leverburgh, United Kingdom","landing_point_id":15859},{"id":"lochmaddy-united-kingdom","name":"Lochmaddy, United Kingdom","landing_point_id":15860},{"id":"dunvegan-united-kingdom","name":"Dunvegan, United Kingdom","landing_point_id":15861},{"id":"sandwick-village-united-kingdom","name":"Sandwick Village, United Kingdom","landing_point_id":15862},{"id":"ardvasar-united-kingdom","name":"Ardvasar, United Kingdom","landing_point_id":15863},{"id":"mallaigvaig-united-kingdom","name":"Mallaigvaig, United Kingdom","landing_point_id":15864},{"id":"scarinish-united-kingdom","name":"Scarinish, United Kingdom","landing_point_id":15865},{"id":"calgary-united-kingdom","name":"Calgary, United Kingdom","landing_point_id":15866},{"id":"ludag-united-kingdom","name":"Ludag, United Kingdom","landing_point_id":15867},{"id":"balla-united-kingdom","name":"Balla, United Kingdom","landing_point_id":15868},{"id":"north-bay-united-kingdom","name":"North Bay, United Kingdom","landing_point_id":15869},{"id":"bay-of-tuquoy-united-kingdom","name":"Bay of Tuquoy, United Kingdom","landing_point_id":15870},{"id":"aikerness-united-kingdom","name":"Aikerness , United Kingdom","landing_point_id":15871},{"id":"portachur-point-united-kingdom","name":"Portachur Point, United Kingdom","landing_point_id":15872},{"id":"coilleag-united-kingdom","name":"Coilleag, United Kingdom","landing_point_id":15873},{"id":"ardbeg-point-united-kingdom","name":"Ardbeg Point, United Kingdom","landing_point_id":15874},{"id":"ardyne-point-united-kingdom","name":"Ardyne Point, United Kingdom","landing_point_id":15875},{"id":"ardgour-united-kingdom","name":"Ardgour, United Kingdom","landing_point_id":15876},{"id":"porthcressa-beach-united-kingdom","name":"Porthcressa Beach, United Kingdom","landing_point_id":15836},{"id":"aldeburgh-united-kingdom","name":"Aldeburgh, United Kingdom","landing_point_id":3225},{"id":"blackpool-sands-united-kingdom","name":"Blackpool Sands, United Kingdom","landing_point_id":14677},{"id":"larne-united-kingdom","name":"Larne, United Kingdom","landing_point_id":11390},{"id":"girvan-united-kingdom","name":"Girvan, United Kingdom","landing_point_id":13378},{"id":"donaghadee-united-kingdom","name":"Donaghadee, United Kingdom","landing_point_id":7732},{"id":"portpatrick-united-kingdom","name":"Portpatrick, United Kingdom","landing_point_id":7731},{"id":"carrickfergus-united-kingdom","name":"Carrickfergus, United Kingdom","landing_point_id":13377},{"id":"saltcoats-united-kingdom","name":"Saltcoats, United Kingdom","landing_point_id":13376},{"id":"ballyhornan-united-kingdom","name":"Ballyhornan, United Kingdom","landing_point_id":13373},{"id":"silecroft-beach-united-kingdom","name":"Silecroft Beach, United Kingdom","landing_point_id":13375},{"id":"ballywater-united-kingdom","name":"Ballywater, United Kingdom","landing_point_id":13371},{"id":"winterton-on-sea-united-kingdom","name":"Winterton-on-Sea, United Kingdom","landing_point_id":3269},{"id":"dartmouth-united-kingdom","name":"Dartmouth, United Kingdom","landing_point_id":10381},{"id":"whitesands-bay-united-kingdom","name":"Whitesands Bay, United Kingdom","landing_point_id":3081},{"id":"porthcurno-united-kingdom","name":"Porthcurno, United Kingdom","landing_point_id":3082},{"id":"goonhilly-downs-united-kingdom","name":"Goonhilly Downs, United Kingdom","landing_point_id":3292},{"id":"bude-united-kingdom","name":"Bude, United Kingdom","landing_point_id":4554},{"id":"southport-united-kingdom","name":"Southport, United Kingdom","landing_point_id":3324},{"id":"skewjack-united-kingdom","name":"Skewjack, United Kingdom","landing_point_id":5741},{"id":"lowestoft-united-kingdom","name":"Lowestoft, United Kingdom","landing_point_id":3084},{"id":"sennen-cove-united-kingdom","name":"Sennen Cove, United Kingdom","landing_point_id":5742},{"id":"oxwich-bay-united-kingdom","name":"Oxwich Bay, United Kingdom","landing_point_id":3145},{"id":"highbridge-united-kingdom","name":"Highbridge, United Kingdom","landing_point_id":5745},{"id":"dunnet-bay-united-kingdom","name":"Dunnet Bay, United Kingdom","landing_point_id":5746},{"id":"pevensey-bay-united-kingdom","name":"Pevensey Bay, United Kingdom","landing_point_id":6050},{"id":"broadstairs-united-kingdom","name":"Broadstairs, United Kingdom","landing_point_id":6033},{"id":"dumpton-gap-united-kingdom","name":"Dumpton Gap, United Kingdom","landing_point_id":8397},{"id":"sizewell-united-kingdom","name":"Sizewell, United Kingdom","landing_point_id":8398},{"id":"thorpeness-united-kingdom","name":"Thorpeness, United Kingdom","landing_point_id":8399},{"id":"blackpool-united-kingdom","name":"Blackpool, United Kingdom","landing_point_id":8408},{"id":"coleraine-united-kingdom","name":"Coleraine, United Kingdom","landing_point_id":9038},{"id":"deeside-clwyd-united-kingdom","name":"Deeside Clwyd, United Kingdom","landing_point_id":10338},{"id":"glen-lyon-united-kingdom","name":"Glen Lyon, United Kingdom","landing_point_id":10353},{"id":"banff-united-kingdom","name":"Banff, United Kingdom","landing_point_id":8680},{"id":"ayre-of-cara-united-kingdom","name":"Ayre of Cara, United Kingdom","landing_point_id":8682},{"id":"sandwick-united-kingdom","name":"Sandwick, United Kingdom","landing_point_id":8683},{"id":"maywick-united-kingdom","name":"Maywick, United Kingdom","landing_point_id":8684},{"id":"holyhead-united-kingdom","name":"Holyhead, United Kingdom","landing_point_id":6035},{"id":"brean-united-kingdom","name":"Brean, United Kingdom","landing_point_id":5736}],"latlon":[{"latlon":"50.337425,-4.792301"},{"latlon":"54.978255,-1.617778"},{"latlon":"60.441045,-2.294927"},{"latlon":"59.051459,-3.354948"},{"latlon":"58.670331,-3.376579"},{"latlon":"54.753707,-5.718716"},{"latlon":"55.541328,-4.659928"},{"latlon":"57.153791,-2.106804"},{"latlon":"55.793342,-4.867301"},{"latlon":"55.751839,-5.028092"},{"latlon":"56.008284,-5.321207"},{"latlon":"56.019416,-5.365787"},{"latlon":"55.501948,-5.332096"},{"latlon":"55.476546,-5.533414"},{"latlon":"55.780159,-4.900455"},{"latlon":"55.643648,-5.141422"},{"latlon":"55.693049,-4.889371"},{"latlon":"55.847737,-6.106314"},{"latlon":"55.846748,-6.089908"},{"latlon":"55.636116,-6.125406"},{"latlon":"55.565498,-5.697574"},{"latlon":"55.833674,-5.953824"},{"latlon":"55.891682,-5.614566"},{"latlon":"56.688569,-6.093960"},{"latlon":"56.621845,-6.070279"},{"latlon":"56.455842,-5.669351"},{"latlon":"56.437763,-5.475797"},{"latlon":"56.722529,-5.245377"},{"latlon":"57.934076,-5.196207"},{"latlon":"58.209064,-6.310757"},{"latlon":"57.769403,-7.008364"},{"latlon":"57.603693,-7.163345"},{"latlon":"57.436323,-6.581655"},{"latlon":"57.366694,-7.274136"},{"latlon":"57.059370,-5.906460"},{"latlon":"57.008479,-5.820425"},{"latlon":"56.503791,-6.808511"},{"latlon":"56.582124,-6.272378"},{"latlon":"57.105537,-7.328139"},{"latlon":"57.081525,-7.312173"},{"latlon":"57.025288,-7.449477"},{"latlon":"59.279767,-2.939519"},{"latlon":"59.350457,-2.959147"},{"latlon":"55.742769,-4.943863"},{"latlon":"57.073615,-7.302212"},{"latlon":"55.858589,-5.063590"},{"latlon":"55.869417,-5.019986"},{"latlon":"56.721565,-5.233658"},{"latlon":"49.919908,-6.308169"},{"latlon":"52.157846,1.590606"},{"latlon":"50.318833,-3.610905"},{"latlon":"54.857491,-5.809879"},{"latlon":"55.240205,-4.854215"},{"latlon":"54.642867,-5.538785"},{"latlon":"54.843721,-5.115543"},{"latlon":"54.713668,-5.808170"},{"latlon":"55.637581,-4.783512"},{"latlon":"54.302047,-5.559390"},{"latlon":"54.210628,-3.357145"},{"latlon":"54.542745,-5.484390"},{"latlon":"52.715231,1.693536"},{"latlon":"50.351743,-3.578385"},{"latlon":"50.078514,-5.698453"},{"latlon":"50.043052,-5.654507"},{"latlon":"50.024803,-5.174527"},{"latlon":"50.828110,-4.544401"},{"latlon":"53.647933,-3.006364"},{"latlon":"50.063560,-5.675064"},{"latlon":"52.471359,1.729180"},{"latlon":"50.076060,-5.698746"},{"latlon":"51.557785,-4.169596"},{"latlon":"51.222226,-2.975017"},{"latlon":"58.615314,-3.346208"},{"latlon":"50.819016,0.366681"},{"latlon":"51.358884,1.439434"},{"latlon":"51.358579,1.439337"},{"latlon":"52.207126,1.620294"},{"latlon":"52.180844,1.613067"},{"latlon":"53.808663,-3.050749"},{"latlon":"55.130733,-6.676187"},{"latlon":"53.201730,-3.027556"},{"latlon":"60.333074,-4.333414"},{"latlon":"57.666864,-2.523650"},{"latlon":"58.833270,-2.900114"},{"latlon":"59.995977,-1.238689"},{"latlon":"60.003985,-1.323797"},{"latlon":"53.306039,-4.630387"},{"latlon":"51.293735,-3.010905"}]}
