{"name":"United Arab Emirates","cables":[{"id":"africa-1","name":"Africa-1","cable_id":1878},{"id":"seamewe-5","name":"SeaMeWe-5","cable_id":1559},{"id":"asia-africa-europe-1-aae-1","name":"Asia Africa Europe-1 (AAE-1)","cable_id":1739},{"id":"bay-of-bengal-gateway-bbg","name":"Bay of Bengal Gateway (BBG)","cable_id":1735},{"id":"flag-europe-asia-fea","name":"FLAG Europe-Asia (FEA)","cable_id":1027},{"id":"seamewe-3","name":"SeaMeWe-3","cable_id":1031},{"id":"fiber-optic-gulf-fog","name":"Fiber Optic Gulf (FOG)","cable_id":1209},{"id":"qatar-u-a-e-submarine-cable-system","name":"Qatar-U.A.E. Submarine Cable System","cable_id":1254},{"id":"uae-iran","name":"UAE-Iran","cable_id":1308},{"id":"seamewe-4","name":"SeaMeWe-4","cable_id":1035},{"id":"transworld-tw1","name":"Transworld (TW1)","cable_id":1351},{"id":"falcon","name":"FALCON","cable_id":1346},{"id":"the-east-african-marine-system-teams","name":"The East African Marine System (TEAMS)","cable_id":1516},{"id":"imewe","name":"IMEWE","cable_id":1536},{"id":"europe-india-gateway-eig","name":"Europe India Gateway (EIG)","cable_id":1580},{"id":"gulf-bridge-international-cable-system-gbicsmiddle-east-north-africa-mena-cable-system","name":"Gulf Bridge International Cable System (GBICS)/Middle East North Africa (MENA) Cable System","cable_id":1598},{"id":"tata-tgn-gulf","name":"Tata TGN-Gulf","cable_id":1631}],"landing_points":[{"id":"kalba-united-arab-emirates","name":"Kalba, United Arab Emirates","landing_point_id":17183},{"id":"fujairah-united-arab-emirates","name":"Fujairah, United Arab Emirates","landing_point_id":5962},{"id":"dubai-united-arab-emirates","name":"Dubai, United Arab Emirates","landing_point_id":3270},{"id":"das-island-united-arab-emirates","name":"Das Island, United Arab Emirates","landing_point_id":6020},{"id":"abu-dhabi-united-arab-emirates","name":"Abu Dhabi, United Arab Emirates","landing_point_id":3858}],"latlon":[{"latlon":"25.051524,56.339970"},{"latlon":"25.121690,56.333720"},{"latlon":"25.269346,55.308427"},{"latlon":"25.152634,52.865948"},{"latlon":"24.443785,54.418877"}]}
