{"name":"Venezuela","cables":[{"id":"venezuela-festoon","name":"Venezuela Festoon","cable_id":1094},{"id":"americas-ii","name":"Americas-II","cable_id":1148},{"id":"south-american-crossing-sac","name":"South American Crossing (SAC)","cable_id":1084},{"id":"arcos","name":"ARCOS ","cable_id":1078},{"id":"pan-american-pan-am","name":"Pan American (PAN-AM)","cable_id":1073},{"id":"globenet","name":"GlobeNet","cable_id":1076},{"id":"alba-1","name":"ALBA-1","cable_id":1529}],"landing_points":[{"id":"punto-fijo-venezuela","name":"Punto Fijo, Venezuela","landing_point_id":5965},{"id":"coro-venezuela","name":"Coro, Venezuela","landing_point_id":7785},{"id":"puerto-cabello-venezuela","name":"Puerto Cabello, Venezuela","landing_point_id":7786},{"id":"camuri-venezuela","name":"Camuri, Venezuela","landing_point_id":5966},{"id":"puerto-la-cruz-venezuela","name":"Puerto La Cruz, Venezuela","landing_point_id":7348},{"id":"cuman-venezuela","name":"Cumaná, Venezuela","landing_point_id":7787},{"id":"porlamar-venezuela","name":"Porlamar, Venezuela","landing_point_id":7788},{"id":"carpano-venezuela","name":"Carúpano, Venezuela","landing_point_id":7789},{"id":"maracaibo-venezuela","name":"Maracaibo, Venezuela","landing_point_id":4314},{"id":"cabimas-venezuela","name":"Cabimas, Venezuela","landing_point_id":7862},{"id":"chichiriviche-venezuela","name":"Chichiriviche, Venezuela","landing_point_id":7863},{"id":"higuerote-venezuela","name":"Higuerote, Venezuela","landing_point_id":17038},{"id":"puerto-viejo-venezuela","name":"Puerto Viejo, Venezuela","landing_point_id":5967},{"id":"maiquetia-venezuela","name":"Maiquetia, Venezuela","landing_point_id":5968},{"id":"la-guaira-venezuela","name":"La Guaira, Venezuela","landing_point_id":8352}],"latlon":[{"latlon":"11.708793,-70.204257"},{"latlon":"11.402812,-69.677817"},{"latlon":"10.478130,-68.009580"},{"latlon":"10.606450,-66.878197"},{"latlon":"10.202544,-64.644872"},{"latlon":"10.454302,-64.182116"},{"latlon":"10.955253,-63.847607"},{"latlon":"10.666801,-63.250525"},{"latlon":"10.688213,-71.598385"},{"latlon":"10.395952,-71.451095"},{"latlon":"10.928569,-68.284495"},{"latlon":"10.480351,-66.098107"},{"latlon":"10.606108,-66.878294"},{"latlon":"10.611211,-67.029954"},{"latlon":"11.708598,-70.204367"},{"latlon":"10.599394,-66.960325"},{"latlon":"10.603154,-66.889622"}]}
