{"name":"Vietnam","cables":[{"id":"southeast-asia-japan-cable-2-sjc2","name":"Southeast Asia-Japan Cable 2 (SJC2)","cable_id":1958},{"id":"asia-pacific-gateway-apg","name":"Asia Pacific Gateway (APG)","cable_id":1617},{"id":"seamewe-3","name":"SeaMeWe-3","cable_id":1031},{"id":"asia-africa-europe-1-aae-1","name":"Asia Africa Europe-1 (AAE-1)","cable_id":1739},{"id":"asia-america-gateway-aag-cable-system","name":"Asia-America Gateway (AAG) Cable System","cable_id":1507},{"id":"tata-tgn-intra-asia-tgn-ia","name":"Tata TGN-Intra Asia (TGN-IA)","cable_id":1534}],"landing_points":[{"id":"quy-nhon-vietnam","name":"Quy Nhon, Vietnam","landing_point_id":17229},{"id":"danang-vietnam","name":"Danang, Vietnam","landing_point_id":5986},{"id":"vung-tau-vietnam","name":"Vung Tau, Vietnam","landing_point_id":6013}],"latlon":[{"latlon":"13.782962,109.219656"},{"latlon":"16.051564,108.214750"},{"latlon":"10.341850,107.079203"}]}
