{"name":"Virgin Islands (U.S.)","cables":[{"id":"st-thomas-st-croix-system","name":"St. Thomas-St. Croix System","cable_id":1756},{"id":"pan-american-pan-am","name":"Pan American (PAN-AM)","cable_id":1073}],"landing_points":[{"id":"vila-olga-virgin-islands-u-s-","name":"Vila Olga, Virgin Islands (U.S.)","landing_point_id":13402},{"id":"banana-bay-virgin-islands-u-s-","name":"Banana Bay, Virgin Islands (U.S.)","landing_point_id":13401},{"id":"flamingo-bay-virgin-islands-u-s-","name":"Flamingo Bay, Virgin Islands (U.S.)","landing_point_id":13400},{"id":"great-bay-virgin-islands-u-s-","name":"Great Bay, Virgin Islands (U.S.)","landing_point_id":13399},{"id":"brewers-bay-virgin-islands-u-s-","name":"Brewer's Bay, Virgin Islands (U.S.)","landing_point_id":13398},{"id":"frederiksted-virgin-islands-u-s-","name":"Frederiksted, Virgin Islands (U.S.)","landing_point_id":13397},{"id":"st-thomas-virgin-islands-u-s-","name":"St. Thomas, Virgin Islands (U.S.)","landing_point_id":4359}],"latlon":[{"latlon":"18.335731,-64.948022"},{"latlon":"18.328224,-64.943774"},{"latlon":"18.312830,-64.957787"},{"latlon":"18.322474,-64.843188"},{"latlon":"18.342408,-64.975317"},{"latlon":"17.712428,-64.881518"},{"latlon":"18.324513,-64.904418"}]}
