{"name":"Yemen","cables":[{"id":"aden-djibouti","name":"Aden-Djibouti","cable_id":1307},{"id":"asia-africa-europe-1-aae-1","name":"Asia Africa Europe-1 (AAE-1)","cable_id":1739},{"id":"falcon","name":"FALCON","cable_id":1346},{"id":"seamewe-5","name":"SeaMeWe-5","cable_id":1559}],"landing_points":[{"id":"aden-yemen","name":"Aden, Yemen","landing_point_id":5969},{"id":"al-ghaydah-yemen","name":"Al Ghaydah, Yemen","landing_point_id":7679},{"id":"al-hudaydah-yemen","name":"Al Hudaydah, Yemen","landing_point_id":7681}],"latlon":[{"latlon":"12.800687,45.033530"},{"latlon":"16.210378,52.182355"},{"latlon":"14.685562,43.008531"}]}
