{"rfs":"1992","cables":[{"id":"taino-carib","name":"Taino-Carib","cable_id":1229},{"id":"finland-estonia-2-eesf-2","name":"Finland-Estonia 2 (EESF-2)","cable_id":1263},{"id":"uae-iran","name":"UAE-Iran","cable_id":1308},{"id":"denmark-norway-5","name":"Denmark-Norway 5","cable_id":1326},{"id":"denmark-norway-6","name":"Denmark-Norway 6","cable_id":1327},{"id":"corse-continent-4-cc4","name":"Corse-Continent 4 (CC4)","cable_id":1427},{"id":"lanis-1","name":"Lanis-1","cable_id":1616},{"id":"lanis-2","name":"Lanis-2","cable_id":1751},{"id":"lanis-3","name":"Lanis-3","cable_id":1834}]}
