{"rfs":"1994","cables":[{"id":"celtic","name":"Celtic","cable_id":1054},{"id":"penbal-5","name":"PENBAL-5","cable_id":1187},{"id":"sweden-finland-link-sfl","name":"Sweden-Finland Link (SFL)","cable_id":1208},{"id":"estepona-tetouan","name":"Estepona-Tetouan","cable_id":1251},{"id":"finland-estonia-3-eesf-3","name":"Finland-Estonia 3 (EESF-3)","cable_id":1268},{"id":"latvia-sweden-1-lv-se-1","name":"Latvia-Sweden 1 (LV-SE 1)","cable_id":1270},{"id":"botnia","name":"Botnia","cable_id":1271},{"id":"italy-croatia","name":"Italy-Croatia","cable_id":1286},{"id":"aphrodite-2","name":"Aphrodite 2","cable_id":1303},{"id":"aden-djibouti","name":"Aden-Djibouti","cable_id":1307},{"id":"hics-hawaii-inter-island-cable-system","name":"HICS (Hawaii Inter-Island Cable System)","cable_id":1455},{"id":"columbus-ii-b","name":"Columbus-II b","cable_id":1643},{"id":"americas-i-north","name":"Americas-I North","cable_id":1645},{"id":"guernsey-jersey-4","name":"Guernsey-Jersey-4","cable_id":1702},{"id":"uk-channel-islands-7","name":"UK-Channel Islands-7","cable_id":1703},{"id":"uk-channel-islands-8","name":"UK-Channel Islands-8","cable_id":1704},{"id":"denmark-sweden-17","name":"Denmark-Sweden 17","cable_id":1730},{"id":"cantat-3","name":"CANTAT-3","cable_id":1737},{"id":"ip-only-denmark-sweden","name":"IP-Only Denmark-Sweden","cable_id":1765}]}
