{"rfs":"1995","cables":[{"id":"unisur","name":"Unisur","cable_id":1132},{"id":"germany-denmark-2","name":"Germany-Denmark 2","cable_id":1200},{"id":"kattegat-1","name":"Kattegat 1","cable_id":1218},{"id":"sweden-estonia-ee-s-1","name":"Sweden-Estonia (EE-S 1)","cable_id":1221},{"id":"eastern-caribbean-fiber-system-ecfs","name":"Eastern Caribbean Fiber System (ECFS)","cable_id":1290},{"id":"italy-greece-1","name":"Italy-Greece 1","cable_id":1299},{"id":"italy-malta","name":"Italy-Malta","cable_id":1301},{"id":"italy-monaco","name":"Italy-Monaco","cable_id":1302},{"id":"cadmos","name":"CADMOS","cable_id":1305},{"id":"ugarit","name":"UGARIT","cable_id":1306},{"id":"corse-continent-5-cc5","name":"Corse-Continent 5 (CC5)","cable_id":1428},{"id":"bass-strait-1","name":"Bass Strait-1","cable_id":1472},{"id":"trapani-kelibia","name":"Trapani-Kelibia","cable_id":1555},{"id":"bcs-east","name":"BCS East","cable_id":1611}]}
