{"rfs":"1997","cables":[{"id":"flag-europe-asia-fea","name":"FLAG Europe-Asia (FEA)","cable_id":1027},{"id":"cayman-jamaica-fiber-system","name":"Cayman-Jamaica Fiber System","cable_id":1068},{"id":"bahamas-2","name":"Bahamas 2","cable_id":1069},{"id":"baltica","name":"Baltica","cable_id":1199},{"id":"bcs-east-west-interlink","name":"BCS East-West Interlink","cable_id":1222},{"id":"antillas-1","name":"Antillas 1","cable_id":1227},{"id":"italy-albania","name":"Italy-Albania","cable_id":1296},{"id":"aletar","name":"Aletar","cable_id":1319},{"id":"berytar","name":"BERYTAR","cable_id":1321},{"id":"hifn-hawaii-island-fibre-network","name":"HIFN (Hawaii Island Fibre Network)","cable_id":1456},{"id":"mariana-guam-cable","name":"Mariana-Guam Cable","cable_id":1757},{"id":"pldt-domestic-fiber-optic-network-dfon","name":"PLDT Domestic Fiber Optic Network (DFON)","cable_id":1839},{"id":"ulysses-2","name":"Ulysses 2","cable_id":1936},{"id":"cabo-verde-telecom-domestic-submarine-cable-phase-1","name":"Cabo Verde Telecom Domestic Submarine Cable Phase 1","cable_id":2024},{"id":"miyazaki-okinawa-cable-moc","name":"Miyazaki-Okinawa Cable (MOC)","cable_id":2035}]}
