{"rfs":"1998","cables":[{"id":"venezuela-festoon","name":"Venezuela Festoon","cable_id":1094},{"id":"atlantic-crossing-1-ac-1","name":"Atlantic Crossing-1 (AC-1)","cable_id":1143},{"id":"fiber-optic-gulf-fog","name":"Fiber Optic Gulf (FOG)","cable_id":1209},{"id":"italy-libya","name":"Italy-Libya","cable_id":1287},{"id":"danica-north","name":"Danica North","cable_id":1541},{"id":"bcs-north---phase-1","name":"BCS North - Phase 1","cable_id":1609},{"id":"azores-fiber-optic-system-afos","name":"Azores Fiber Optic System (AFOS)","cable_id":1801},{"id":"taba-aqaba","name":"Taba-Aqaba","cable_id":1806}]}
