{"rfs":"1999","cables":[{"id":"seamewe-3","name":"SeaMeWe-3","cable_id":1031},{"id":"columbus-iii","name":"Columbus-III","cable_id":1046},{"id":"lev-submarine-system","name":"Lev Submarine System","cable_id":1065},{"id":"pan-american-pan-am","name":"Pan American (PAN-AM)","cable_id":1073},{"id":"japan-information-highway-jih","name":"Japan Information Highway (JIH)","cable_id":1075},{"id":"sirius-south","name":"Sirius South","cable_id":1092},{"id":"circe-north","name":"Circe North","cable_id":1137},{"id":"northstar","name":"NorthStar","cable_id":1166},{"id":"alaska-united-east","name":"Alaska United East","cable_id":1168},{"id":"lfon-libyan-fiber-optic-network","name":"LFON (Libyan Fiber Optic Network)","cable_id":1184},{"id":"tampnet-offshore-foc-network","name":"Tampnet Offshore FOC Network","cable_id":1203},{"id":"solas","name":"Solas","cable_id":1205},{"id":"esat-1","name":"ESAT-1","cable_id":1223},{"id":"alonso-de-ojeda","name":"Alonso de Ojeda","cable_id":1289},{"id":"circe-south","name":"Circe South","cable_id":1323},{"id":"pacific-crossing-1-pc-1","name":"Pacific Crossing-1 (PC-1)","cable_id":1007},{"id":"national-digital-transmission-network-ndtn","name":"National Digital Transmission Network (NDTN)","cable_id":1482},{"id":"amerigo-vespucci","name":"Amerigo Vespucci","cable_id":1494},{"id":"concerto","name":"Concerto","cable_id":1538},{"id":"pan-european-crossing-uk-belgium","name":"Pan European Crossing (UK-Belgium)","cable_id":1539},{"id":"sirius-north","name":"Sirius North","cable_id":1754}]}
