{"rfs":"2000","cables":[{"id":"atlantis-2","name":"Atlantis-2","cable_id":1045},{"id":"mid-atlantic-crossing-mac","name":"Mid-Atlantic Crossing (MAC)","cable_id":1070},{"id":"maya-1","name":"Maya-1","cable_id":1071},{"id":"pan-american-crossing-pac","name":"Pan-American Crossing (PAC)","cable_id":1072},{"id":"globenet","name":"GlobeNet","cable_id":1076},{"id":"yellow","name":"Yellow","cable_id":1081},{"id":"south-american-crossing-sac","name":"South American Crossing (SAC)","cable_id":1084},{"id":"americas-ii","name":"Americas-II","cable_id":1148},{"id":"georgia-russia","name":"Georgia-Russia","cable_id":1192},{"id":"esat-2","name":"ESAT-2","cable_id":1224},{"id":"finland-estonia-connection-fec","name":"Finland Estonia Connection (FEC)","cable_id":1242},{"id":"tangerine","name":"Tangerine","cable_id":1324},{"id":"fehmarn-blt","name":"Fehmarn Bält","cable_id":1336},{"id":"transcan-3","name":"TRANSCAN-3","cable_id":1449},{"id":"scandinavian-ring-north","name":"Scandinavian Ring North","cable_id":1544},{"id":"scandinavian-ring-south","name":"Scandinavian Ring South","cable_id":1545},{"id":"pan-european-crossing-uk-ireland","name":"Pan European Crossing (UK-Ireland)","cable_id":1547},{"id":"bcs-north---phase-2","name":"BCS North - Phase 2","cable_id":1610},{"id":"baltic-sea-submarine-cable","name":"Baltic Sea Submarine Cable","cable_id":1624},{"id":"elektra-globalconnect-1-gc1","name":"Elektra-GlobalConnect 1 (GC1)","cable_id":1759},{"id":"germany-denmark-3","name":"Germany-Denmark 3","cable_id":1764}]}
