{"rfs":"2001","cables":[{"id":"japan-u-s-cable-network-jus","name":"Japan-U.S. Cable Network (JUS)","cable_id":1010},{"id":"flag-atlantic-1-fa-1","name":"FLAG Atlantic-1 (FA-1)","cable_id":1028},{"id":"tat-14","name":"TAT-14","cable_id":1043},{"id":"apcn-2","name":"APCN-2","cable_id":1049},{"id":"arcos","name":"ARCOS ","cable_id":1078},{"id":"gtt-atlantic","name":"GTT Atlantic","cable_id":1080},{"id":"south-america-1-sam-1","name":"South America-1 (SAm-1)","cable_id":1083},{"id":"australia-japan-cable-ajc","name":"Australia-Japan Cable (AJC)","cable_id":1102},{"id":"tata-tgn-atlantic","name":"Tata TGN-Atlantic","cable_id":1149},{"id":"flag-north-asia-loopreach-north-asia-loop","name":"FLAG North Asia Loop/REACH North Asia Loop","cable_id":1150},{"id":"mednautilus-submarine-system","name":"MedNautilus Submarine System","cable_id":1185},{"id":"bahamas-internet-cable-system-bics","name":"Bahamas Internet Cable System (BICS)","cable_id":1232},{"id":"nelson-levin","name":"Nelson-Levin","cable_id":1486},{"id":"aqualink","name":"Aqualink","cable_id":1487},{"id":"kattegat-2","name":"Kattegat 2","cable_id":1688},{"id":"balalink","name":"Balalink","cable_id":1696},{"id":"globalconnect-2-gc2","name":"GlobalConnect 2 (GC2)","cable_id":1760}]}
