{"rfs":"2002","cables":[{"id":"tata-tgn-pacific","name":"Tata TGN-Pacific","cable_id":1155},{"id":"tata-tgn-western-europe","name":"Tata TGN-Western Europe","cable_id":1173},{"id":"i2i-cable-network-i2icn","name":"i2i Cable Network (i2icn)","cable_id":1179},{"id":"sat-3wasc","name":"SAT-3/WASC","cable_id":1219},{"id":"safe","name":"SAFE","cable_id":1220},{"id":"korea-japan-cable-network-kjcn","name":"Korea-Japan Cable Network (KJCN)","cable_id":1231},{"id":"alpal-2","name":"ALPAL-2","cable_id":1234},{"id":"eac-c2c","name":"EAC-C2C","cable_id":1592},{"id":"subcan-link-1","name":"Subcan Link 1","cable_id":1777},{"id":"subcan-link-2","name":"Subcan Link 2","cable_id":1778},{"id":"cabo-verde-telecom-domestic-submarine-cable-phase-2","name":"Cabo Verde Telecom Domestic Submarine Cable Phase 2","cable_id":2025}]}
