{"rfs":"2003","cables":[{"id":"apollo","name":"Apollo","cable_id":1213},{"id":"thailand-indonesia-singapore-tis","name":"Thailand-Indonesia-Singapore (TIS)","cable_id":1238},{"id":"saudi-arabia-sudan-1-sas-1","name":"Saudi Arabia-Sudan-1 (SAS-1)","cable_id":1247},{"id":"bass-strait-2","name":"Bass Strait-2 ","cable_id":1492},{"id":"cam-ring","name":"CAM Ring","cable_id":1800},{"id":"link-1-phase-1","name":"Link 1 Phase-1","cable_id":1988},{"id":"link-3-phase-1","name":"Link 3 Phase-1","cable_id":1990}]}
