{"rfs":"2005","cables":[{"id":"seamewe-4","name":"SeaMeWe-4","cable_id":1035},{"id":"kuwait-iran","name":"Kuwait-Iran","cable_id":1250},{"id":"dumai-melaka-cable-system","name":"Dumai-Melaka Cable System","cable_id":1350},{"id":"sweden-latvia","name":"Sweden-Latvia","cable_id":1364},{"id":"med-cable-network","name":"Med Cable Network","cable_id":1366},{"id":"janna","name":"Janna","cable_id":1729},{"id":"basslink","name":"Basslink","cable_id":1742},{"id":"link-1-phase-2","name":"Link 1 Phase-2","cable_id":1991},{"id":"link-2-phase-2","name":"Link 2 Phase-2","cable_id":1992},{"id":"link-3-phase-2","name":"Link 3 Phase-2","cable_id":1993},{"id":"link-4-phase-2","name":"Link 4 Phase-2","cable_id":1994},{"id":"link-5-phase-2","name":"Link 5 Phase-2","cable_id":1995}]}
