{"rfs":"2007","cables":[{"id":"dhiraagu-slt-submarine-cable-network","name":"Dhiraagu-SLT Submarine Cable Network","cable_id":1369},{"id":"atlas-offshore","name":"Atlas Offshore","cable_id":1512},{"id":"warf-submarine-cable","name":"WARF Submarine Cable","cable_id":1517},{"id":"kodiak-kenai-fiber-link-kkfl","name":"Kodiak Kenai Fiber Link (KKFL)","cable_id":1530},{"id":"eclink","name":"ECLink","cable_id":1532},{"id":"gemini-bermuda","name":"Gemini Bermuda","cable_id":1551},{"id":"batam-rengit-cable-system-brcs","name":"Batam-Rengit Cable System (BRCS)","cable_id":1601},{"id":"high-capacity-undersea-guernsey-optical-fibre-hugo","name":"High-capacity Undersea Guernsey Optical-fibre (HUGO)","cable_id":1697},{"id":"e-llan","name":"E-LLAN","cable_id":1753},{"id":"jerry-newton","name":"Jerry Newton","cable_id":1774},{"id":"polar-circle-cable","name":"Polar Circle Cable","cable_id":1980},{"id":"lazaro-cardenas-manzanillo-santiago-submarine-cable-system-lcmsscs","name":"Lazaro Cardenas-Manzanillo Santiago Submarine Cable System (LCMSSCS)","cable_id":2032}]}
