{"rfs":"2008","cables":[{"id":"trans-pacific-express-tpe-cable-system","name":"Trans-Pacific Express (TPE) Cable System","cable_id":1513},{"id":"gondwana-1","name":"Gondwana-1","cable_id":1514},{"id":"russia-japan-cable-network-rjcn","name":"Russia-Japan Cable Network (RJCN)","cable_id":1518},{"id":"telstra-endeavour","name":"Telstra Endeavour","cable_id":1526},{"id":"hokkaido-sakhalin-cable-system-hscs","name":"Hokkaido-Sakhalin Cable System (HSCS)","cable_id":1528},{"id":"matrix-cable-system","name":"Matrix Cable System","cable_id":1535},{"id":"colombia-florida-subsea-fiber-cfx-1","name":"Colombia-Florida Subsea Fiber (CFX-1)","cable_id":1554},{"id":"moratelindo-international-cable-system-1-mic-1","name":"Moratelindo International Cable System-1 (MIC-1)","cable_id":1561},{"id":"caucasus-cable-system","name":"Caucasus Cable System","cable_id":1563},{"id":"alaska-united-southeast","name":"Alaska United Southeast","cable_id":1567},{"id":"shefa-2","name":"SHEFA-2","cable_id":1576},{"id":"persona","name":"Persona","cable_id":1577},{"id":"go-1-mediterranean-cable-system","name":"GO-1 Mediterranean Cable System","cable_id":1581},{"id":"challenger-bermuda-1-cb-1","name":"Challenger Bermuda-1 (CB-1)","cable_id":1596},{"id":"channel-islands-9-liberty-submarine-cable","name":"Channel Islands-9 Liberty Submarine Cable","cable_id":1784},{"id":"picot-1","name":"Picot-1","cable_id":1802},{"id":"northern-lights","name":"Northern Lights","cable_id":1836},{"id":"s-u-b-cable-system","name":"S-U-B Cable System","cable_id":1880},{"id":"sjjk","name":"SJJK","cable_id":1996}]}
