{"rfs":"2009","cables":[{"id":"asia-america-gateway-aag-cable-system","name":"Asia-America Gateway (AAG) Cable System","cable_id":1507},{"id":"the-east-african-marine-system-teams","name":"The East African Marine System (TEAMS)","cable_id":1516},{"id":"pipe-pacific-cable-1-ppc-1","name":"PIPE Pacific Cable-1 (PPC-1)","cable_id":1520},{"id":"tata-tgn-intra-asia-tgn-ia","name":"Tata TGN-Intra Asia (TGN-IA)","cable_id":1534},{"id":"seacomtata-tgn-eurasia","name":"SEACOM/Tata TGN-Eurasia","cable_id":1552},{"id":"danice","name":"DANICE","cable_id":1568},{"id":"greenland-connect","name":"Greenland Connect","cable_id":1569},{"id":"acs-alaska-oregon-network-akorn","name":"ACS Alaska-Oregon Network (AKORN)","cable_id":1571},{"id":"lower-indian-ocean-network-lion","name":"Lower Indian Ocean Network (LION)","cable_id":1594},{"id":"jakabare","name":"JAKABARE","cable_id":1597},{"id":"american-samoa-hawaii-ash","name":"American Samoa-Hawaii (ASH)","cable_id":1600},{"id":"melita-1","name":"Melita 1","cable_id":1602},{"id":"samoa-american-samoa-sas","name":"Samoa-American Samoa (SAS)","cable_id":1620},{"id":"hannibal-system","name":"HANNIBAL System","cable_id":1621},{"id":"caribbean-bermuda-u-s-cbus","name":"Caribbean-Bermuda U.S. (CBUS)","cable_id":1634},{"id":"batam-dumai-melaka-bdm-cable-system","name":"Batam Dumai Melaka (BDM) Cable System ","cable_id":1648},{"id":"batam-singapore-cable-system-bscs","name":"Batam Singapore Cable System (BSCS)","cable_id":1785},{"id":"paniolo-cable-network","name":"Paniolo Cable Network","cable_id":1948}]}
