{"rfs":"2010","cables":[{"id":"eastern-africa-submarine-system-eassy","name":"Eastern Africa Submarine System (EASSy)","cable_id":1246},{"id":"glo-1","name":"Glo-1","cable_id":1357},{"id":"unityeac-pacific","name":"Unity/EAC-Pacific","cable_id":1525},{"id":"imewe","name":"IMEWE","cable_id":1536},{"id":"honotua","name":"Honotua","cable_id":1556},{"id":"mainone","name":"MainOne","cable_id":1565},{"id":"hantru1-cable-system","name":"HANTRU1 Cable System","cable_id":1605},{"id":"suriname-guyana-submarine-cable-system-sg-scs","name":"Suriname-Guyana Submarine Cable System (SG-SCS)","cable_id":1612},{"id":"pgascom","name":"PGASCOM","cable_id":1680},{"id":"jaka2ladema","name":"JaKa2LaDeMa","cable_id":1767},{"id":"tobrok-emasaed-cable-system","name":"Tobrok-Emasaed Cable System","cable_id":1779},{"id":"comoros-domestic-cable-system","name":"Comoros Domestic Cable System","cable_id":1803},{"id":"san-andres-isla-tolu-submarine-cable-sait","name":"San Andres Isla Tolu Submarine Cable (SAIT)","cable_id":1843},{"id":"tverrlinken","name":"Tverrlinken","cable_id":1981}]}
