{"rfs":"2011","cables":[{"id":"hawk","name":"Hawk","cable_id":1523},{"id":"te-northtgn-eurasiaseacomalexandrosmedex","name":"TE North/TGN-Eurasia/SEACOM/Alexandros/Medex","cable_id":1573},{"id":"europe-india-gateway-eig","name":"Europe India Gateway (EIG)","cable_id":1580},{"id":"bicentenario","name":"Bicentenario","cable_id":1633},{"id":"canalink","name":"Canalink","cable_id":1666},{"id":"east-west","name":"East-West","cable_id":1671},{"id":"saudi-arabia-sudan-2-sas-2","name":"Saudi Arabia-Sudan-2 (SAS-2)","cable_id":1675},{"id":"ceiba-1","name":"Ceiba-1","cable_id":1699},{"id":"pencan-8","name":"Pencan-8","cable_id":1701},{"id":"turcyos-2","name":"Turcyos-2","cable_id":1705},{"id":"mataram-kupang-cable-system-mkcs","name":"Mataram Kupang Cable System (MKCS)","cable_id":1780},{"id":"energinet-lyngsa-laeso","name":"Energinet Lyngsa-Laeso","cable_id":2002},{"id":"energinet-laeso-varberg","name":"Energinet Laeso-Varberg","cable_id":2003},{"id":"cabo-verde-telecom-domestic-submarine-cable-phase-3","name":"Cabo Verde Telecom Domestic Submarine Cable Phase 3","cable_id":2026}]}
