{"rfs":"2012","cables":[{"id":"alba-1","name":"ALBA-1","cable_id":1529},{"id":"west-african-cable-system-wacs","name":"West African Cable System (WACS)","cable_id":1560},{"id":"gulf-bridge-international-cable-system-gbicsmiddle-east-north-africa-mena-cable-system","name":"Gulf Bridge International Cable System (GBICS)/Middle East North Africa (MENA) Cable System","cable_id":1598},{"id":"africa-coast-to-europe-ace","name":"Africa Coast to Europe (ACE)","cable_id":1629},{"id":"tata-tgn-gulf","name":"Tata TGN-Gulf","cable_id":1631},{"id":"cross-straits-cable-network","name":"Cross Straits Cable Network","cable_id":1632},{"id":"celtixconnect-1-cc-1","name":"CeltixConnect-1 (CC-1)","cable_id":1641},{"id":"lower-indian-ocean-network-2-lion2","name":"Lower Indian Ocean Network 2 (LION2)","cable_id":1667},{"id":"seychelles-to-east-africa-system-seas","name":"Seychelles to East Africa System (SEAS)","cable_id":1672},{"id":"jonah","name":"Jonah","cable_id":1677},{"id":"asia-submarine-cable-express-asecahaya-malaysia","name":"Asia Submarine-cable Express (ASE)/Cahaya Malaysia","cable_id":1679},{"id":"emerald-bridge-fibres","name":"Emerald Bridge Fibres","cable_id":1684},{"id":"geo-eirgrid","name":"Geo-Eirgrid","cable_id":1685},{"id":"pishgaman-oman-iran-poi-network","name":"Pishgaman Oman Iran (POI) Network","cable_id":1689},{"id":"terra-sw","name":"TERRA SW","cable_id":1693},{"id":"tamares-north","name":"Tamares North","cable_id":1713},{"id":"dhiraagu-cable-network","name":"Dhiraagu Cable Network","cable_id":1746},{"id":"libreville-port-gentil-cable","name":"Libreville-Port Gentil Cable","cable_id":1747},{"id":"tt-1","name":"TT-1","cable_id":1799},{"id":"alaska-united-turnagain-arm-auta","name":"Alaska United Turnagain Arm (AUTA)","cable_id":1813},{"id":"jakarta-bangka-bintan-batam-singapore-b3js","name":"Jakarta-Bangka-Bintan-Batam-Singapore (B3JS)","cable_id":1833},{"id":"arsat-submarine-fiber-optic-cable","name":"ARSAT Submarine Fiber Optic Cable ","cable_id":1871}]}
