{"rfs":"2013","cables":[{"id":"southeast-asia-japan-cable-sjc","name":"Southeast Asia Japan Cable (SJC)","cable_id":1604},{"id":"taiwan-strait-express-1-tse-1","name":"Taiwan Strait Express-1 (TSE-1)","cable_id":1636},{"id":"silphium","name":"Silphium","cable_id":1665},{"id":"tonga-cable","name":"Tonga Cable","cable_id":1687},{"id":"guam-okinawa-kyushu-incheon-goki","name":"Guam Okinawa Kyushu Incheon (GOKI)","cable_id":1692},{"id":"omranepeg-cable-system","name":"OMRAN/EPEG Cable System","cable_id":1695},{"id":"st-thomas-st-croix-system","name":"St. Thomas-St. Croix System","cable_id":1756},{"id":"boracay-palawan-submarine-cable-system","name":"Boracay-Palawan Submarine Cable System","cable_id":1781},{"id":"saba-statia-cable-system-sscs","name":"Saba, Statia Cable System (SSCS)","cable_id":1807},{"id":"java-bali-cable-system-jbcs","name":"Java Bali Cable System (JBCS)","cable_id":1955}]}
