{"rfs":"2014","cables":[{"id":"middle-east-north-africa-mena-cable-systemgulf-bridge-international","name":"Middle East North Africa (MENA) Cable System/Gulf Bridge International","cable_id":1558},{"id":"interchange-cable-network-1-icn1","name":"Interchange Cable Network 1 (ICN1)","cable_id":1682},{"id":"america-movil-submarine-cable-system-1-amx-1","name":"America Movil Submarine Cable System-1 (AMX-1)","cable_id":1686},{"id":"poseidon","name":"POSEIDON","cable_id":1740},{"id":"didon","name":"Didon","cable_id":1772},{"id":"flores-corvo-cable-system","name":"Flores-Corvo Cable System","cable_id":1782},{"id":"palawa-iloilo-cable-system","name":"Palawa-Iloilo Cable System","cable_id":1796},{"id":"kerch-strait-cable","name":"Kerch Strait Cable","cable_id":1822},{"id":"isles-of-scilly-cable","name":"Isles of Scilly Cable","cable_id":1826},{"id":"bt-highlands-and-islands-submarine-cable-system","name":"BT Highlands and Islands Submarine Cable System","cable_id":1827},{"id":"jambi-batam-cable-system-jiba","name":"Jambi-Batam Cable System (JIBA)","cable_id":1832},{"id":"skagerrak-4","name":"Skagerrak 4","cable_id":1875},{"id":"sumatera-bangka-cable-system-sbcs","name":"Sumatera Bangka Cable System (SBCS)","cable_id":1881},{"id":"tarakan-selor-cable-system-tscs","name":"Tarakan Selor Cable System (TSCS)","cable_id":1882},{"id":"png-lng","name":"PNG LNG","cable_id":1898}]}
