{"rfs":"2015","cables":[{"id":"gtt-express","name":"GTT Express","cable_id":1673},{"id":"pacific-caribbean-cable-system-pccs","name":"Pacific Caribbean Cable System (PCCS)","cable_id":1727},{"id":"fos-quellon-chacabuco","name":"FOS Quellon-Chacabuco","cable_id":1805},{"id":"nigeria-cameroon-submarine-cable-system-ncscs","name":"Nigeria Cameroon Submarine Cable System (NCSCS)","cable_id":1821},{"id":"segunda-fos-canal-de-chacao","name":"Segunda FOS Canal de Chacao","cable_id":1830},{"id":"luwuk-tutuyan-cable-system-ltcs","name":"Luwuk Tutuyan Cable System (LTCS)","cable_id":1883},{"id":"smpcs-packet-1","name":"SMPCS Packet-1","cable_id":1884},{"id":"smpcs-packet-2","name":"SMPCS Packet-2","cable_id":1885},{"id":"malta-italy-interconnector","name":"Malta-Italy Interconnector","cable_id":2007}]}
