{"rfs":"2016","cables":[{"id":"seamewe-5","name":"SeaMeWe-5","cable_id":1559},{"id":"asia-pacific-gateway-apg","name":"Asia Pacific Gateway (APG)","cable_id":1617},{"id":"aeconnect-1","name":"AEConnect-1","cable_id":1691},{"id":"bay-of-bengal-gateway-bbg","name":"Bay of Bengal Gateway (BBG)","cable_id":1735},{"id":"faster","name":"FASTER","cable_id":1794},{"id":"c-lion1","name":"C-Lion1","cable_id":1816},{"id":"north-west-cable-system","name":"North West Cable System","cable_id":1817},{"id":"far-east-submarine-cable-system","name":"Far East Submarine Cable System","cable_id":1825},{"id":"lynn-canal-fiber","name":"Lynn Canal Fiber","cable_id":1840},{"id":"balok","name":"BALOK","cable_id":1867},{"id":"avassa","name":"Avassa","cable_id":1872},{"id":"gtmo-1","name":"GTMO-1","cable_id":1917},{"id":"bodo-rost-cable","name":"Bodo-Rost Cable","cable_id":1950},{"id":"nordbalt","name":"NordBalt","cable_id":1963},{"id":"sea2shore","name":"sea2shore","cable_id":1966}]}
