{"rfs":"2017","cables":[{"id":"seabras-1","name":"Seabras-1","cable_id":1728},{"id":"asia-africa-europe-1-aae-1","name":"Asia Africa Europe-1 (AAE-1)","cable_id":1739},{"id":"tasman-global-access-tga-cable","name":"Tasman Global Access (TGA) Cable","cable_id":1750},{"id":"malaysia-cambodia-thailand-mct-cable","name":"Malaysia-Cambodia-Thailand (MCT) Cable","cable_id":1776},{"id":"monet","name":"Monet","cable_id":1787},{"id":"sea-us","name":"SEA-US","cable_id":1823},{"id":"sistem-kabel-rakyat-1malaysia-skr1m","name":"Sistem Kabel Rakyat 1Malaysia (SKR1M)","cable_id":1828},{"id":"ceiba-2","name":"Ceiba-2","cable_id":1842},{"id":"gulf2africa-g2a","name":"Gulf2Africa (G2A)","cable_id":1850},{"id":"quintillion-subsea-cable-network","name":"Quintillion Subsea Cable Network","cable_id":1862},{"id":"nationwide-submarine-cable-ooredoo-maldives-nascom","name":"Nationwide Submarine Cable Ooredoo Maldives (NaSCOM)","cable_id":1868},{"id":"atisa","name":"Atisa","cable_id":1874},{"id":"labuan-brunei-submarine-cable","name":"Labuan-Brunei Submarine Cable","cable_id":1891},{"id":"strategic-evolution-underwater-link-seul","name":"Strategic Evolution Underwater Link (SEUL)","cable_id":1893},{"id":"greenland-connect-north","name":"Greenland Connect North","cable_id":1897}]}
