{"rfs":"2018","cables":[{"id":"australia-singapore-cable-asc","name":"Australia-Singapore Cable (ASC)","cable_id":1683},{"id":"south-atlantic-cable-system-sacs","name":"South Atlantic Cable System (SACS)","cable_id":1709},{"id":"hawaiki","name":"Hawaiki","cable_id":1733},{"id":"new-cross-pacific-ncp-cable-system","name":"New Cross Pacific (NCP) Cable System","cable_id":1786},{"id":"tui-samoa","name":"Tui-Samoa","cable_id":1855},{"id":"south-atlantic-inter-link-sail","name":"South Atlantic Inter Link (SAIL)","cable_id":1856},{"id":"tannat","name":"Tannat","cable_id":1860},{"id":"brusa","name":"BRUSA","cable_id":1873},{"id":"junior","name":"Junior","cable_id":1876},{"id":"seax-1","name":"SEAX-1","cable_id":1887},{"id":"marea","name":"MAREA","cable_id":1890},{"id":"indonesia-global-gateway-igg-system","name":"Indonesia Global Gateway (IGG) System","cable_id":1895},{"id":"natitua","name":"NATITUA","cable_id":1916},{"id":"palapa-ring-west","name":"Palapa Ring West","cable_id":1939},{"id":"palapa-ring-middle","name":"Palapa Ring Middle","cable_id":1940},{"id":"tonga-domestic-cable-extension-tcde","name":"Tonga Domestic Cable Extension (TCDE)","cable_id":1951},{"id":"jakarta-surabaya-cable-system-jayabaya","name":"Jakarta Surabaya Cable System (JAYABAYA)","cable_id":1956},{"id":"st-pierre-and-miquelon-cable","name":"St. Pierre and Miquelon Cable","cable_id":1967},{"id":"ultramar-ge","name":"Ultramar GE","cable_id":1998}]}
