{"rfs":"2019","cables":[{"id":"eastern-light","name":"Eastern Light","cable_id":1710},{"id":"indigo-west","name":"INDIGO-West","cable_id":1744},{"id":"indigo-central","name":"INDIGO-Central","cable_id":1818},{"id":"pacific-light-cable-network-plcn","name":"Pacific Light Cable Network (PLCN)","cable_id":1858},{"id":"chennai-andaman-nicobar-islands-cable","name":"Chennai-Andaman & Nicobar Islands Cable","cable_id":1861},{"id":"djibouti-africa-regional-express-1-dare-1","name":"Djibouti Africa Regional Express 1 (DARE 1)","cable_id":1863},{"id":"meltingpot-indianoceanic-submarine-system-metiss","name":"Meltingpot Indianoceanic Submarine System (METISS)","cable_id":1892},{"id":"kumul-domestic-submarine-cable-system","name":"Kumul Domestic Submarine Cable System","cable_id":1899},{"id":"cobracable","name":"COBRAcable","cable_id":1904},{"id":"chuuk-pohnpei-cable","name":"Chuuk-Pohnpei Cable","cable_id":1908},{"id":"celtixconnect-2-cc-2","name":"CeltixConnect-2 (CC-2)","cable_id":1911},{"id":"north-sea-connect-nsc","name":"North Sea Connect (NSC)","cable_id":1912},{"id":"kanawa","name":"Kanawa","cable_id":1914},{"id":"fly-lion3","name":"FLY-LION3","cable_id":1915},{"id":"gtmo-pr","name":"GTMO-PR","cable_id":1918},{"id":"japan-guam-australia-north-jga-n","name":"Japan-Guam-Australia North (JGA-N)","cable_id":1919},{"id":"international-gateway-igw","name":"International Gateway (IGW)","cable_id":1921},{"id":"fibra-optica-austral","name":"Fibra Optica Austral","cable_id":1922},{"id":"crosslake-fibre","name":"Crosslake Fibre","cable_id":1925},{"id":"havfrueaec-2","name":"Havfrue/AEC-2","cable_id":1931},{"id":"curie","name":"Curie","cable_id":1932},{"id":"coral-sea-cable-system-cscs","name":"Coral Sea Cable System (CSCS)","cable_id":1934},{"id":"mauritius-and-rodrigues-submarine-cable-system-mars","name":"Mauritius and Rodrigues Submarine Cable System (MARS)","cable_id":1935},{"id":"palapa-ring-east","name":"Palapa Ring East","cable_id":1938},{"id":"sakhalin-kuril-islands-cable","name":"Sakhalin-Kuril Islands Cable","cable_id":1943},{"id":"damai-cable-system","name":"DAMAI Cable System","cable_id":1957},{"id":"japan-guam-australia-south-jga-s","name":"Japan-Guam-Australia South (JGA-S)","cable_id":1959},{"id":"nynj-1","name":"NYNJ-1","cable_id":1961},{"id":"gulf-of-california-cable","name":"Gulf of California Cable","cable_id":1968},{"id":"pasuli","name":"PASULI","cable_id":1987},{"id":"sorsogon-samar-submarine-fiber-optical-interconnection-project-sssfoip","name":"Sorsogon-Samar Submarine Fiber Optical Interconnection Project (SSSFOIP)","cable_id":2001},{"id":"caribbean-regional-communications-infrastructure-program-carcip","name":"Caribbean Regional Communications Infrastructure Program (CARCIP)","cable_id":2004}]}
