{"rfs":"2020","cables":[{"id":"oran-valencia-orval","name":"Oran-Valencia (ORVAL)","cable_id":1664},{"id":"ellalink","name":"EllaLink","cable_id":1725},{"id":"interchange-cable-network-2-icn2","name":"Interchange Cable Network 2 (ICN2)","cable_id":1795},{"id":"silk-route-gateway-srg-1","name":"Silk Route Gateway (SRG-1)","cable_id":1849},{"id":"iox-cable-system","name":"IOX Cable System","cable_id":1901},{"id":"hong-kong-guam-hk-g","name":"Hong Kong-Guam (HK-G)","cable_id":1902},{"id":"peace-cable","name":"PEACE Cable","cable_id":1923},{"id":"jupiter","name":"JUPITER","cable_id":1928},{"id":"hong-kong-americas-hka","name":"Hong Kong-Americas (HKA)","cable_id":1933},{"id":"terra-aleutian","name":"TERRA-Aleutian","cable_id":1942},{"id":"malta-gozo-cable","name":"Malta-Gozo Cable","cable_id":1947},{"id":"manatua","name":"Manatua","cable_id":1949},{"id":"malbec","name":"Malbec","cable_id":1964},{"id":"glo-2","name":"Glo-2","cable_id":1965},{"id":"maple-leaf-fibre","name":"Maple Leaf Fibre","cable_id":1970},{"id":"dunant","name":"Dunant","cable_id":1971},{"id":"singapore-myanmar-sigmar","name":"Singapore-Myanmar (SIGMAR)","cable_id":1986},{"id":"prat","name":"Prat","cable_id":1997},{"id":"skagenfiber-west","name":"Skagenfiber West","cable_id":1999},{"id":"skagenfiber-east","name":"Skagenfiber East","cable_id":2000},{"id":"batam-sarawak-internet-cable-system-basics","name":"Batam Sarawak Internet Cable System (BaSICS)","cable_id":2014},{"id":"diamond-link-global","name":"Diamond Link Global","cable_id":2015},{"id":"okinawa-cellular-cable","name":"Okinawa Cellular Cable","cable_id":2042}]}
