{"rfs":"2021","cables":[{"id":"south-atlantic-express-saex1","name":"South Atlantic Express (SAEx1)","cable_id":1669},{"id":"africa-1","name":"Africa-1","cable_id":1878},{"id":"ireland-france-cable-1-ifc-1","name":"Ireland-France Cable-1 (IFC-1)","cable_id":1889},{"id":"southern-cross-next","name":"Southern Cross NEXT                                                                                           ","cable_id":1894},{"id":"arbr","name":"ARBR","cable_id":1906},{"id":"deep-blue-cable","name":"Deep Blue Cable","cable_id":1913},{"id":"wall-li","name":"WALL-LI","cable_id":1926},{"id":"sabr","name":"SABR","cable_id":1929},{"id":"southeast-asia-japan-cable-2-sjc2","name":"Southeast Asia-Japan Cable 2 (SJC2)","cable_id":1958},{"id":"bay-to-bay-express-btobe-cable-system","name":"Bay to Bay Express (BtoBE) Cable System","cable_id":1969},{"id":"south-asia-express-saex2","name":"South Asia Express (SAEx2)","cable_id":1973},{"id":"sxs","name":"SxS","cable_id":2027}]}
