{"id":"africa-coast-to-europe-ace","name":"Africa Coast to Europe (ACE)","cable_id":1629,"landing_points":[{"landing_point_id":3316,"id":"abidjan-cte-divoire","name":"Abidjan, Côte d'Ivoire","latlon":"5.323518,-4.026237","url":"#/landing-point/abidjan-cte-divoire"},{"landing_point_id":4181,"id":"accra-ghana","name":"Accra, Ghana","latlon":"5.558283,-0.201092","url":"#/landing-point/accra-ghana"},{"landing_point_id":4348,"id":"banjul-gambia","name":"Banjul, Gambia","latlon":"13.455948,-16.581358","url":"#/landing-point/banjul-gambia"},{"landing_point_id":9434,"id":"bata-equatorial-guinea","name":"Bata, Equatorial Guinea","latlon":"1.860067,9.768227","url":"#/landing-point/bata-equatorial-guinea"},{"landing_point_id":14331,"id":"carcavelos-portugal","name":"Carcavelos, Portugal","latlon":"38.690165,-9.331557","url":"#/landing-point/carcavelos-portugal"},{"landing_point_id":4208,"id":"conakry-guinea","name":"Conakry, Guinea","latlon":"9.513628,-13.703820","url":"#/landing-point/conakry-guinea"},{"landing_point_id":3315,"id":"cotonou-benin","name":"Cotonou, Benin","latlon":"6.356574,2.439922","url":"#/landing-point/cotonou-benin"},{"landing_point_id":4180,"id":"dakar-senegal","name":"Dakar, Senegal","latlon":"14.686599,-17.451914","url":"#/landing-point/dakar-senegal"},{"landing_point_id":17037,"id":"duynefontein-south-africa","name":"Duynefontein, South Africa","latlon":"-33.693309,18.449912","url":"#/landing-point/duynefontein-south-africa"},{"landing_point_id":4212,"id":"freetown-sierra-leone","name":"Freetown, Sierra Leone","latlon":"8.485333,-13.238098","url":"#/landing-point/freetown-sierra-leone"},{"landing_point_id":10095,"id":"kribi-cameroon","name":"Kribi, Cameroon","latlon":"2.932918,9.910414","url":"#/landing-point/kribi-cameroon"},{"landing_point_id":3280,"id":"lagos-nigeria","name":"Lagos, Nigeria","latlon":"6.438874,3.423210","url":"#/landing-point/lagos-nigeria"},{"landing_point_id":4221,"id":"libreville-gabon","name":"Libreville, Gabon","latlon":"0.394272,9.454360","url":"#/landing-point/libreville-gabon"},{"landing_point_id":4190,"id":"luanda-angola","name":"Luanda, Angola","latlon":"-8.812852,13.235022","url":"#/landing-point/luanda-angola"},{"landing_point_id":4178,"id":"monrovia-liberia","name":"Monrovia, Liberia","latlon":"6.300080,-10.797181","url":"#/landing-point/monrovia-liberia"},{"landing_point_id":9426,"id":"muanda-congo-dem-rep-","name":"Muanda, Congo, Dem. Rep.","latlon":"-5.933362,12.349866","url":"#/landing-point/muanda-congo-dem-rep-"},{"landing_point_id":4192,"id":"nouakchott-mauritania","name":"Nouakchott, Mauritania","latlon":"18.083876,-15.978282","url":"#/landing-point/nouakchott-mauritania"},{"landing_point_id":3119,"id":"penmarch-france","name":"Penmarch, France","latlon":"47.811315,-4.338688","url":"#/landing-point/penmarch-france"},{"landing_point_id":10094,"id":"santana-sao-tome-and-principe","name":"Santana, Sao Tome and Principe","latlon":"0.859580,6.532877","url":"#/landing-point/santana-sao-tome-and-principe"},{"landing_point_id":17036,"id":"suro-guinea-bissau","name":"Suro, Guinea-Bissau","latlon":"11.774125,-15.791148","url":"#/landing-point/suro-guinea-bissau"},{"landing_point_id":9845,"id":"swakopmund-namibia","name":"Swakopmund, Namibia","latlon":"-22.678324,14.528088","url":"#/landing-point/swakopmund-namibia"},{"landing_point_id":7713,"id":"tenerife-canary-islands-spain","name":"Tenerife, Canary Islands, Spain","latlon":"28.292782,-16.522764","url":"#/landing-point/tenerife-canary-islands-spain"}],"length":"17,000 km","rfs":"2012 December","owners":"Orange,  Dolphin Telecom,  Cote d’Ivoire Telecom,  Gambia Submarine Cable Company,  MTN,  Orange Cameroun,  Sonatel,  Cable Consortium of Liberia,  STP Cabo,  International Mauritania Telecom,  Canalink,  Orange Mali,  Orange Niger,  Republic of Equatorial Guinea,  Sierra Leone Cable Company,  GUILAB,  Benin ACE GIE,  Republic of Gabon,  Republic of Guinea Bissau,  Republic of Cameroon","url":"http://www.ace-submarinecable.com","notes":"The Guinea-Bissau landing, Cameroon landing, and all landings south of Sao Tome are planned."}
