{"id":"alaska-united-east","name":"Alaska United East","cable_id":1168,"landing_points":[{"landing_point_id":4816,"id":"juneau-ak-united-states","name":"Juneau, AK, United States","latlon":"58.299506,-134.406863","url":"#/landing-point/juneau-ak-united-states"},{"landing_point_id":5770,"id":"lynnwood-wa-united-states","name":"Lynnwood, WA, United States","latlon":"47.823998,-122.315853","url":"#/landing-point/lynnwood-wa-united-states"},{"landing_point_id":5764,"id":"valdez-ak-united-states","name":"Valdez, AK, United States","latlon":"61.130352,-146.353342","url":"#/landing-point/valdez-ak-united-states"},{"landing_point_id":6255,"id":"whittier-ak-united-states","name":"Whittier, AK, United States","latlon":"60.772930,-148.684737","url":"#/landing-point/whittier-ak-united-states"}],"length":"3,751 km","rfs":"1999 February","owners":"GCI","url":"http://www.alaskaunited.com","notes":null}
