{"id":"alaska-united-west","name":"Alaska United West","cable_id":1348,"landing_points":[{"landing_point_id":5755,"id":"seward-ak-united-states","name":"Seward, AK, United States","latlon":"60.112188,-149.443135","url":"#/landing-point/seward-ak-united-states"},{"landing_point_id":6191,"id":"warrenton-or-united-states","name":"Warrenton, OR, United States","latlon":"46.165124,-123.923860","url":"#/landing-point/warrenton-or-united-states"}],"length":"2,485 km","rfs":"2004 June","owners":"GCI","url":"http://www.alaskaunited.com","notes":null}
