{"id":"alaska-united-turnagain-arm-auta","name":"Alaska United Turnagain Arm (AUTA)","cable_id":1813,"landing_points":[{"landing_point_id":15023,"id":"mchugh-point-ak-united-states","name":"McHugh Point, AK, United States","latlon":"61.015715,-149.732198","url":"#/landing-point/mchugh-point-ak-united-states"},{"landing_point_id":15022,"id":"portage-ak-united-states","name":"Portage, AK, United States","latlon":"60.828289,-148.989815","url":"#/landing-point/portage-ak-united-states"}],"length":"53 km","rfs":"2012","owners":"GCI","url":"http://www.alaskaunited.com","notes":null}
