[{"id":"acs-alaska-oregon-network-akorn","cable_id":1571,"name":"ACS Alaska-Oregon Network (AKORN)"},{"id":"aden-djibouti","cable_id":1307,"name":"Aden-Djibouti"},{"id":"adria-1","cable_id":1317,"name":"Adria-1"},{"id":"aeconnect-1","cable_id":1691,"name":"AEConnect-1"},{"id":"africa-coast-to-europe-ace","cable_id":1629,"name":"Africa Coast to Europe (ACE)"},{"id":"africa-1","cable_id":1878,"name":"Africa-1"},{"id":"alaska-united-east","cable_id":1168,"name":"Alaska United East"},{"id":"alaska-united-southeast","cable_id":1567,"name":"Alaska United Southeast"},{"id":"alaska-united-turnagain-arm-auta","cable_id":1813,"name":"Alaska United Turnagain Arm (AUTA)"},{"id":"alaska-united-west","cable_id":1348,"name":"Alaska United West"},{"id":"alba-1","cable_id":1529,"name":"ALBA-1"},{"id":"aletar","cable_id":1319,"name":"Aletar"},{"id":"alonso-de-ojeda","cable_id":1289,"name":"Alonso de Ojeda"},{"id":"alpal-2","cable_id":1234,"name":"ALPAL-2"},{"id":"america-movil-submarine-cable-system-1-amx-1","cable_id":1686,"name":"America Movil Submarine Cable System-1 (AMX-1)"},{"id":"american-samoa-hawaii-ash","cable_id":1600,"name":"American Samoa-Hawaii (ASH)"},{"id":"americas-i-north","cable_id":1645,"name":"Americas-I North"},{"id":"americas-ii","cable_id":1148,"name":"Americas-II"},{"id":"amerigo-vespucci","cable_id":1494,"name":"Amerigo Vespucci"},{"id":"antillas-1","cable_id":1227,"name":"Antillas 1"},{"id":"apcn-2","cable_id":1049,"name":"APCN-2"},{"id":"aphrodite-2","cable_id":1303,"name":"Aphrodite 2"},{"id":"apollo","cable_id":1213,"name":"Apollo"},{"id":"aqualink","cable_id":1487,"name":"Aqualink"},{"id":"arbr","cable_id":1906,"name":"ARBR"},{"id":"arcos","cable_id":1078,"name":"ARCOS"},{"id":"arsat-submarine-fiber-optic-cable","cable_id":1871,"name":"ARSAT Submarine Fiber Optic Cable"},{"id":"asia-africa-europe-1-aae-1","cable_id":1739,"name":"Asia Africa Europe-1 (AAE-1)"},{"id":"asia-pacific-gateway-apg","cable_id":1617,"name":"Asia Pacific Gateway (APG)"},{"id":"asia-submarine-cable-express-asecahaya-malaysia","cable_id":1679,"name":"Asia Submarine-cable Express (ASE)/Cahaya Malaysia"},{"id":"asia-america-gateway-aag-cable-system","cable_id":1507,"name":"Asia-America Gateway (AAG) Cable System"},{"id":"atisa","cable_id":1874,"name":"Atisa"},{"id":"atlantic-crossing-1-ac-1","cable_id":1143,"name":"Atlantic Crossing-1 (AC-1)"},{"id":"atlantis-2","cable_id":1045,"name":"Atlantis-2"},{"id":"atlas-offshore","cable_id":1512,"name":"Atlas Offshore"},{"id":"australia-japan-cable-ajc","cable_id":1102,"name":"Australia-Japan Cable (AJC)"},{"id":"australia-papua-new-guinea-2-apng-2","cable_id":1527,"name":"Australia-Papua New Guinea-2 (APNG-2)"},{"id":"australia-singapore-cable-asc","cable_id":1683,"name":"Australia-Singapore Cable (ASC)"},{"id":"avassa","cable_id":1872,"name":"Avassa"},{"id":"azores-fiber-optic-system-afos","cable_id":1801,"name":"Azores Fiber Optic System (AFOS)"},{"id":"bahamas-2","cable_id":1069,"name":"Bahamas 2"},{"id":"bahamas-domestic-submarine-network-bdsni","cable_id":1510,"name":"Bahamas Domestic Submarine Network (BDSNi)"},{"id":"bahamas-internet-cable-system-bics","cable_id":1232,"name":"Bahamas Internet Cable System (BICS)"},{"id":"balalink","cable_id":1696,"name":"Balalink"},{"id":"balok","cable_id":1867,"name":"BALOK"},{"id":"baltic-sea-submarine-cable","cable_id":1624,"name":"Baltic Sea Submarine Cable"},{"id":"baltica","cable_id":1199,"name":"Baltica"},{"id":"bass-strait-1","cable_id":1472,"name":"Bass Strait-1"},{"id":"bass-strait-2","cable_id":1492,"name":"Bass Strait-2"},{"id":"basslink","cable_id":1742,"name":"Basslink"},{"id":"batam-dumai-melaka-bdm-cable-system","cable_id":1648,"name":"Batam Dumai Melaka (BDM) Cable System"},{"id":"batam-sarawak-internet-cable-system-basics","cable_id":2014,"name":"Batam Sarawak Internet Cable System (BaSICS)"},{"id":"batam-singapore-cable-system-bscs","cable_id":1785,"name":"Batam Singapore Cable System (BSCS)"},{"id":"batam-rengit-cable-system-brcs","cable_id":1601,"name":"Batam-Rengit Cable System (BRCS)"},{"id":"bay-of-bengal-gateway-bbg","cable_id":1735,"name":"Bay of Bengal Gateway (BBG)"},{"id":"bay-to-bay-express-btobe-cable-system","cable_id":1969,"name":"Bay to Bay Express (BtoBE) Cable System"},{"id":"bcs-east","cable_id":1611,"name":"BCS East"},{"id":"bcs-east-west-interlink","cable_id":1222,"name":"BCS East-West Interlink"},{"id":"bcs-north---phase-1","cable_id":1609,"name":"BCS North - Phase 1"},{"id":"bcs-north---phase-2","cable_id":1610,"name":"BCS North - Phase 2"},{"id":"berytar","cable_id":1321,"name":"BERYTAR"},{"id":"bharat-lanka-cable-system","cable_id":1356,"name":"Bharat Lanka Cable System"},{"id":"bicentenario","cable_id":1633,"name":"Bicentenario"},{"id":"bodo-rost-cable","cable_id":1950,"name":"Bodo-Rost Cable"},{"id":"boracay-palawan-submarine-cable-system","cable_id":1781,"name":"Boracay-Palawan Submarine Cable System"},{"id":"botnia","cable_id":1271,"name":"Botnia"},{"id":"brazilian-festoon","cable_id":1888,"name":"Brazilian Festoon"},{"id":"brusa","cable_id":1873,"name":"BRUSA"},{"id":"bt-highlands-and-islands-submarine-cable-system","cable_id":1827,"name":"BT Highlands and Islands Submarine Cable System"},{"id":"bt-mt-1","cable_id":1752,"name":"BT-MT-1"},{"id":"bugio","cable_id":1443,"name":"BUGIO"},{"id":"c-lion1","cable_id":1816,"name":"C-Lion1"},{"id":"cabo-verde-telecom-domestic-submarine-cable-phase-1","cable_id":2024,"name":"Cabo Verde Telecom Domestic Submarine Cable Phase 1"},{"id":"cabo-verde-telecom-domestic-submarine-cable-phase-2","cable_id":2025,"name":"Cabo Verde Telecom Domestic Submarine Cable Phase 2"},{"id":"cabo-verde-telecom-domestic-submarine-cable-phase-3","cable_id":2026,"name":"Cabo Verde Telecom Domestic Submarine Cable Phase 3"},{"id":"cadmos","cable_id":1305,"name":"CADMOS"},{"id":"cam-ring","cable_id":1800,"name":"CAM Ring"},{"id":"canalink","cable_id":1666,"name":"Canalink"},{"id":"cantat-3","cable_id":1737,"name":"CANTAT-3"},{"id":"caribbean-regional-communications-infrastructure-program-carcip","cable_id":2004,"name":"Caribbean Regional Communications Infrastructure Program (CARCIP)"},{"id":"caribbean-bermuda-u-s-cbus","cable_id":1634,"name":"Caribbean-Bermuda U.S. (CBUS)"},{"id":"caucasus-cable-system","cable_id":1563,"name":"Caucasus Cable System"},{"id":"cayman-jamaica-fiber-system","cable_id":1068,"name":"Cayman-Jamaica Fiber System"},{"id":"ceiba-1","cable_id":1699,"name":"Ceiba-1"},{"id":"ceiba-2","cable_id":1842,"name":"Ceiba-2"},{"id":"celtic","cable_id":1054,"name":"Celtic"},{"id":"celtixconnect-1-cc-1","cable_id":1641,"name":"CeltixConnect-1 (CC-1)"},{"id":"celtixconnect-2-cc-2","cable_id":1911,"name":"CeltixConnect-2 (CC-2)"},{"id":"challenger-bermuda-1-cb-1","cable_id":1596,"name":"Challenger Bermuda-1 (CB-1)"},{"id":"channel-islands-9-liberty-submarine-cable","cable_id":1784,"name":"Channel Islands-9 Liberty Submarine Cable"},{"id":"chennai-andaman-nicobar-islands-cable","cable_id":1861,"name":"Chennai-Andaman & Nicobar Islands Cable"},{"id":"chuuk-pohnpei-cable","cable_id":1908,"name":"Chuuk-Pohnpei Cable"},{"id":"circe-north","cable_id":1137,"name":"Circe North"},{"id":"circe-south","cable_id":1323,"name":"Circe South"},{"id":"cobracable","cable_id":1904,"name":"COBRAcable"},{"id":"colombia-florida-subsea-fiber-cfx-1","cable_id":1554,"name":"Colombia-Florida Subsea Fiber (CFX-1)"},{"id":"columbus-ii-b","cable_id":1643,"name":"Columbus-II b"},{"id":"columbus-iii","cable_id":1046,"name":"Columbus-III"},{"id":"comoros-domestic-cable-system","cable_id":1803,"name":"Comoros Domestic Cable System"},{"id":"concerto","cable_id":1538,"name":"Concerto"},{"id":"coral-sea-cable-system-cscs","cable_id":1934,"name":"Coral Sea Cable System (CSCS)"},{"id":"corse-continent-4-cc4","cable_id":1427,"name":"Corse-Continent 4 (CC4)"},{"id":"corse-continent-5-cc5","cable_id":1428,"name":"Corse-Continent 5 (CC5)"},{"id":"cross-straits-cable-network","cable_id":1632,"name":"Cross Straits Cable Network"},{"id":"crosslake-fibre","cable_id":1925,"name":"Crosslake Fibre"},{"id":"curie","cable_id":1932,"name":"Curie"},{"id":"damai-cable-system","cable_id":1957,"name":"DAMAI Cable System"},{"id":"danica-north","cable_id":1541,"name":"Danica North"},{"id":"danice","cable_id":1568,"name":"DANICE"},{"id":"deep-blue-cable","cable_id":1913,"name":"Deep Blue Cable"},{"id":"denmark-norway-5","cable_id":1326,"name":"Denmark-Norway 5"},{"id":"denmark-norway-6","cable_id":1327,"name":"Denmark-Norway 6"},{"id":"denmark-poland-2","cable_id":1262,"name":"Denmark-Poland 2"},{"id":"denmark-sweden-15","cable_id":1259,"name":"Denmark-Sweden 15"},{"id":"denmark-sweden-16","cable_id":1261,"name":"Denmark-Sweden 16"},{"id":"denmark-sweden-17","cable_id":1730,"name":"Denmark-Sweden 17"},{"id":"denmark-sweden-18","cable_id":1731,"name":"Denmark-Sweden 18"},{"id":"dhiraagu-cable-network","cable_id":1746,"name":"Dhiraagu Cable Network"},{"id":"dhiraagu-slt-submarine-cable-network","cable_id":1369,"name":"Dhiraagu-SLT Submarine Cable Network"},{"id":"diamond-link-global","cable_id":2015,"name":"Diamond Link Global"},{"id":"didon","cable_id":1772,"name":"Didon"},{"id":"djibouti-africa-regional-express-1-dare-1","cable_id":1863,"name":"Djibouti Africa Regional Express 1 (DARE 1)"},{"id":"dumai-melaka-cable-system","cable_id":1350,"name":"Dumai-Melaka Cable System"},{"id":"dunant","cable_id":1971,"name":"Dunant"},{"id":"e-llan","cable_id":1753,"name":"E-LLAN"},{"id":"eac-c2c","cable_id":1592,"name":"EAC-C2C"},{"id":"east-west","cable_id":1671,"name":"East-West"},{"id":"east-west-submarine-cable-system","cable_id":1886,"name":"East-West Submarine Cable System"},{"id":"eastern-africa-submarine-system-eassy","cable_id":1246,"name":"Eastern Africa Submarine System (EASSy)"},{"id":"eastern-caribbean-fiber-system-ecfs","cable_id":1290,"name":"Eastern Caribbean Fiber System (ECFS)"},{"id":"eastern-light","cable_id":1710,"name":"Eastern Light"},{"id":"eclink","cable_id":1532,"name":"ECLink"},{"id":"elektra-globalconnect-1-gc1","cable_id":1759,"name":"Elektra-GlobalConnect 1 (GC1)"},{"id":"ellalink","cable_id":1725,"name":"EllaLink"},{"id":"emerald-bridge-fibres","cable_id":1684,"name":"Emerald Bridge Fibres"},{"id":"energinet-laeso-varberg","cable_id":2003,"name":"Energinet Laeso-Varberg"},{"id":"energinet-lyngsa-laeso","cable_id":2002,"name":"Energinet Lyngsa-Laeso"},{"id":"esat-1","cable_id":1223,"name":"ESAT-1"},{"id":"esat-2","cable_id":1224,"name":"ESAT-2"},{"id":"estepona-tetouan","cable_id":1251,"name":"Estepona-Tetouan"},{"id":"europe-india-gateway-eig","cable_id":1580,"name":"Europe India Gateway (EIG)"},{"id":"falcon","cable_id":1346,"name":"FALCON"},{"id":"far-east-submarine-cable-system","cable_id":1825,"name":"Far East Submarine Cable System"},{"id":"farice-1","cable_id":1240,"name":"FARICE-1"},{"id":"farland-north","cable_id":1819,"name":"Farland North"},{"id":"faster","cable_id":1794,"name":"FASTER"},{"id":"fehmarn-blt","cable_id":1336,"name":"Fehmarn Bält"},{"id":"fiber-optic-gulf-fog","cable_id":1209,"name":"Fiber Optic Gulf (FOG)"},{"id":"fibra-optica-austral","cable_id":1922,"name":"Fibra Optica Austral"},{"id":"fibralink","cable_id":1361,"name":"Fibralink"},{"id":"finland-estonia-connection-fec","cable_id":1242,"name":"Finland Estonia Connection (FEC)"},{"id":"finland-estonia-2-eesf-2","cable_id":1263,"name":"Finland-Estonia 2 (EESF-2)"},{"id":"finland-estonia-3-eesf-3","cable_id":1268,"name":"Finland-Estonia 3 (EESF-3)"},{"id":"flag-atlantic-1-fa-1","cable_id":1028,"name":"FLAG Atlantic-1 (FA-1)"},{"id":"flag-europe-asia-fea","cable_id":1027,"name":"FLAG Europe-Asia (FEA)"},{"id":"flag-north-asia-loopreach-north-asia-loop","cable_id":1150,"name":"FLAG North Asia Loop/REACH North Asia Loop"},{"id":"flores-corvo-cable-system","cable_id":1782,"name":"Flores-Corvo Cable System"},{"id":"fly-lion3","cable_id":1915,"name":"FLY-LION3"},{"id":"fos-quellon-chacabuco","cable_id":1805,"name":"FOS Quellon-Chacabuco"},{"id":"gemini-bermuda","cable_id":1551,"name":"Gemini Bermuda"},{"id":"geo-eirgrid","cable_id":1685,"name":"Geo-Eirgrid"},{"id":"georgia-russia","cable_id":1192,"name":"Georgia-Russia"},{"id":"germany-denmark-2","cable_id":1200,"name":"Germany-Denmark 2"},{"id":"germany-denmark-3","cable_id":1764,"name":"Germany-Denmark 3"},{"id":"glo-1","cable_id":1357,"name":"Glo-1"},{"id":"glo-2","cable_id":1965,"name":"Glo-2"},{"id":"global-caribbean-network-gcn","cable_id":1829,"name":"Global Caribbean Network (GCN)"},{"id":"globalconnect-2-gc2","cable_id":1760,"name":"GlobalConnect 2 (GC2)"},{"id":"globalconnect-3-gc3","cable_id":1761,"name":"GlobalConnect 3 (GC3)"},{"id":"globalconnect-kpn","cable_id":1762,"name":"GlobalConnect-KPN"},{"id":"globenet","cable_id":1076,"name":"GlobeNet"},{"id":"go-1-mediterranean-cable-system","cable_id":1581,"name":"GO-1 Mediterranean Cable System"},{"id":"gondwana-1","cable_id":1514,"name":"Gondwana-1"},{"id":"greenland-connect","cable_id":1569,"name":"Greenland Connect"},{"id":"greenland-connect-north","cable_id":1897,"name":"Greenland Connect North"},{"id":"gtmo-1","cable_id":1917,"name":"GTMO-1"},{"id":"gtmo-pr","cable_id":1918,"name":"GTMO-PR"},{"id":"gtt-atlantic","cable_id":1080,"name":"GTT Atlantic"},{"id":"gtt-express","cable_id":1673,"name":"GTT Express"},{"id":"guam-okinawa-kyushu-incheon-goki","cable_id":1692,"name":"Guam Okinawa Kyushu Incheon (GOKI)"},{"id":"guernsey-jersey-4","cable_id":1702,"name":"Guernsey-Jersey-4"},{"id":"gulf-bridge-international-cable-system-gbicsmiddle-east-north-africa-mena-cable-system","cable_id":1598,"name":"Gulf Bridge International Cable System (GBICS)/Middle East North Africa (MENA) Cable System"},{"id":"gulf-of-california-cable","cable_id":1968,"name":"Gulf of California Cable"},{"id":"gulf2africa-g2a","cable_id":1850,"name":"Gulf2Africa (G2A)"},{"id":"hannibal-system","cable_id":1621,"name":"HANNIBAL System"},{"id":"hantru1-cable-system","cable_id":1605,"name":"HANTRU1 Cable System"},{"id":"havfrueaec-2","cable_id":1931,"name":"Havfrue/AEC-2"},{"id":"hawaiki","cable_id":1733,"name":"Hawaiki"},{"id":"hawk","cable_id":1523,"name":"Hawk"},{"id":"hics-hawaii-inter-island-cable-system","cable_id":1455,"name":"HICS (Hawaii Inter-Island Cable System)"},{"id":"hifn-hawaii-island-fibre-network","cable_id":1456,"name":"HIFN (Hawaii Island Fibre Network)"},{"id":"high-capacity-undersea-guernsey-optical-fibre-hugo","cable_id":1697,"name":"High-capacity Undersea Guernsey Optical-fibre (HUGO)"},{"id":"hokkaido-sakhalin-cable-system-hscs","cable_id":1528,"name":"Hokkaido-Sakhalin Cable System (HSCS)"},{"id":"hong-kong-americas-hka","cable_id":1933,"name":"Hong Kong-Americas (HKA)"},{"id":"hong-kong-guam-hk-g","cable_id":1902,"name":"Hong Kong-Guam (HK-G)"},{"id":"honotua","cable_id":1556,"name":"Honotua"},{"id":"i2i-cable-network-i2icn","cable_id":1179,"name":"i2i Cable Network (i2icn)"},{"id":"imewe","cable_id":1536,"name":"IMEWE"},{"id":"indigo-central","cable_id":1818,"name":"INDIGO-Central"},{"id":"indigo-west","cable_id":1744,"name":"INDIGO-West"},{"id":"indonesia-global-gateway-igg-system","cable_id":1895,"name":"Indonesia Global Gateway (IGG) System"},{"id":"ingrid","cable_id":1700,"name":"INGRID"},{"id":"interchange-cable-network-1-icn1","cable_id":1682,"name":"Interchange Cable Network 1 (ICN1)"},{"id":"interchange-cable-network-2-icn2","cable_id":1795,"name":"Interchange Cable Network 2 (ICN2)"},{"id":"international-gateway-igw","cable_id":1921,"name":"International Gateway (IGW)"},{"id":"iox-cable-system","cable_id":1901,"name":"IOX Cable System"},{"id":"ip-only-denmark-sweden","cable_id":1765,"name":"IP-Only Denmark-Sweden"},{"id":"ireland-france-cable-1-ifc-1","cable_id":1889,"name":"Ireland-France Cable-1 (IFC-1)"},{"id":"isles-of-scilly-cable","cable_id":1826,"name":"Isles of Scilly Cable"},{"id":"italy-albania","cable_id":1296,"name":"Italy-Albania"},{"id":"italy-croatia","cable_id":1286,"name":"Italy-Croatia"},{"id":"italy-greece-1","cable_id":1299,"name":"Italy-Greece 1"},{"id":"italy-libya","cable_id":1287,"name":"Italy-Libya"},{"id":"italy-malta","cable_id":1301,"name":"Italy-Malta"},{"id":"italy-monaco","cable_id":1302,"name":"Italy-Monaco"},{"id":"jaka2ladema","cable_id":1767,"name":"JaKa2LaDeMa"},{"id":"jakabare","cable_id":1597,"name":"JAKABARE"},{"id":"jakarta-surabaya-cable-system-jayabaya","cable_id":1956,"name":"Jakarta Surabaya Cable System (JAYABAYA)"},{"id":"jakarta-bangka-bintan-batam-singapore-b3js","cable_id":1833,"name":"Jakarta-Bangka-Bintan-Batam-Singapore (B3JS)"},{"id":"jambi-batam-cable-system-jiba","cable_id":1832,"name":"Jambi-Batam Cable System (JIBA)"},{"id":"janna","cable_id":1729,"name":"Janna"},{"id":"japan-information-highway-jih","cable_id":1075,"name":"Japan Information Highway (JIH)"},{"id":"japan-guam-australia-north-jga-n","cable_id":1919,"name":"Japan-Guam-Australia North (JGA-N)"},{"id":"japan-guam-australia-south-jga-s","cable_id":1959,"name":"Japan-Guam-Australia South (JGA-S)"},{"id":"japan-u-s-cable-network-jus","cable_id":1010,"name":"Japan-U.S. Cable Network (JUS)"},{"id":"jasuka","cable_id":1844,"name":"JASUKA"},{"id":"java-bali-cable-system-jbcs","cable_id":1955,"name":"Java Bali Cable System (JBCS)"},{"id":"jerry-newton","cable_id":1774,"name":"Jerry Newton"},{"id":"jonah","cable_id":1677,"name":"Jonah"},{"id":"junior","cable_id":1876,"name":"Junior"},{"id":"jupiter","cable_id":1928,"name":"JUPITER"},{"id":"kanawa","cable_id":1914,"name":"Kanawa"},{"id":"kattegat-1","cable_id":1218,"name":"Kattegat 1"},{"id":"kattegat-2","cable_id":1688,"name":"Kattegat 2"},{"id":"kerch-strait-cable","cable_id":1822,"name":"Kerch Strait Cable"},{"id":"kodiak-kenai-fiber-link-kkfl","cable_id":1530,"name":"Kodiak Kenai Fiber Link (KKFL)"},{"id":"korea-japan-cable-network-kjcn","cable_id":1231,"name":"Korea-Japan Cable Network (KJCN)"},{"id":"kumul-domestic-submarine-cable-system","cable_id":1899,"name":"Kumul Domestic Submarine Cable System"},{"id":"kuwait-iran","cable_id":1250,"name":"Kuwait-Iran"},{"id":"labuan-brunei-submarine-cable","cable_id":1891,"name":"Labuan-Brunei Submarine Cable"},{"id":"lanis-1","cable_id":1616,"name":"Lanis-1"},{"id":"lanis-2","cable_id":1751,"name":"Lanis-2"},{"id":"lanis-3","cable_id":1834,"name":"Lanis-3"},{"id":"latvia-sweden-1-lv-se-1","cable_id":1270,"name":"Latvia-Sweden 1 (LV-SE 1)"},{"id":"lazaro-cardenas-manzanillo-santiago-submarine-cable-system-lcmsscs","cable_id":2032,"name":"Lazaro Cardenas-Manzanillo Santiago Submarine Cable System (LCMSSCS)"},{"id":"lev-submarine-system","cable_id":1065,"name":"Lev Submarine System"},{"id":"lfon-libyan-fiber-optic-network","cable_id":1184,"name":"LFON (Libyan Fiber Optic Network)"},{"id":"libreville-port-gentil-cable","cable_id":1747,"name":"Libreville-Port Gentil Cable"},{"id":"link-1-phase-1","cable_id":1988,"name":"Link 1 Phase-1"},{"id":"link-1-phase-2","cable_id":1991,"name":"Link 1 Phase-2"},{"id":"link-2-phase-1","cable_id":1989,"name":"Link 2 Phase-1"},{"id":"link-2-phase-2","cable_id":1992,"name":"Link 2 Phase-2"},{"id":"link-3-phase-1","cable_id":1990,"name":"Link 3 Phase-1"},{"id":"link-3-phase-2","cable_id":1993,"name":"Link 3 Phase-2"},{"id":"link-4-phase-2","cable_id":1994,"name":"Link 4 Phase-2"},{"id":"link-5-phase-2","cable_id":1995,"name":"Link 5 Phase-2"},{"id":"lower-indian-ocean-network-lion","cable_id":1594,"name":"Lower Indian Ocean Network (LION)"},{"id":"lower-indian-ocean-network-2-lion2","cable_id":1667,"name":"Lower Indian Ocean Network 2 (LION2)"},{"id":"luwuk-tutuyan-cable-system-ltcs","cable_id":1883,"name":"Luwuk Tutuyan Cable System (LTCS)"},{"id":"lynn-canal-fiber","cable_id":1840,"name":"Lynn Canal Fiber"},{"id":"mainone","cable_id":1565,"name":"MainOne"},{"id":"malaysia-cambodia-thailand-mct-cable","cable_id":1776,"name":"Malaysia-Cambodia-Thailand (MCT) Cable"},{"id":"malbec","cable_id":1964,"name":"Malbec"},{"id":"malta-gozo-cable","cable_id":1947,"name":"Malta-Gozo Cable"},{"id":"malta-italy-interconnector","cable_id":2007,"name":"Malta-Italy Interconnector"},{"id":"manatua","cable_id":1949,"name":"Manatua"},{"id":"maple-leaf-fibre","cable_id":1970,"name":"Maple Leaf Fibre"},{"id":"marea","cable_id":1890,"name":"MAREA"},{"id":"mariana-guam-cable","cable_id":1757,"name":"Mariana-Guam Cable"},{"id":"mataram-kupang-cable-system-mkcs","cable_id":1780,"name":"Mataram Kupang Cable System (MKCS)"},{"id":"matrix-cable-system","cable_id":1535,"name":"Matrix Cable System"},{"id":"mauritius-and-rodrigues-submarine-cable-system-mars","cable_id":1935,"name":"Mauritius and Rodrigues Submarine Cable System (MARS)"},{"id":"maya-1","cable_id":1071,"name":"Maya-1"},{"id":"med-cable-network","cable_id":1366,"name":"Med Cable Network"},{"id":"mednautilus-submarine-system","cable_id":1185,"name":"MedNautilus Submarine System"},{"id":"melita-1","cable_id":1602,"name":"Melita 1"},{"id":"meltingpot-indianoceanic-submarine-system-metiss","cable_id":1892,"name":"Meltingpot Indianoceanic Submarine System (METISS)"},{"id":"mid-atlantic-crossing-mac","cable_id":1070,"name":"Mid-Atlantic Crossing (MAC)"},{"id":"middle-east-north-africa-mena-cable-systemgulf-bridge-international","cable_id":1558,"name":"Middle East North Africa (MENA) Cable System/Gulf Bridge International"},{"id":"miyazaki-okinawa-cable-moc","cable_id":2035,"name":"Miyazaki-Okinawa Cable (MOC)"},{"id":"monet","cable_id":1787,"name":"Monet"},{"id":"moratelindo-international-cable-system-1-mic-1","cable_id":1561,"name":"Moratelindo International Cable System-1 (MIC-1)"},{"id":"national-digital-transmission-network-ndtn","cable_id":1482,"name":"National Digital Transmission Network (NDTN)"},{"id":"nationwide-submarine-cable-ooredoo-maldives-nascom","cable_id":1868,"name":"Nationwide Submarine Cable Ooredoo Maldives (NaSCOM)"},{"id":"natitua","cable_id":1916,"name":"NATITUA"},{"id":"nelson-levin","cable_id":1486,"name":"Nelson-Levin"},{"id":"new-cross-pacific-ncp-cable-system","cable_id":1786,"name":"New Cross Pacific (NCP) Cable System"},{"id":"nigeria-cameroon-submarine-cable-system-ncscs","cable_id":1821,"name":"Nigeria Cameroon Submarine Cable System (NCSCS)"},{"id":"nordbalt","cable_id":1963,"name":"NordBalt"},{"id":"north-sea-connect-nsc","cable_id":1912,"name":"North Sea Connect (NSC)"},{"id":"north-west-cable-system","cable_id":1817,"name":"North West Cable System"},{"id":"northern-lights","cable_id":1836,"name":"Northern Lights"},{"id":"northstar","cable_id":1166,"name":"NorthStar"},{"id":"nynj-1","cable_id":1961,"name":"NYNJ-1"},{"id":"okinawa-cellular-cable","cable_id":2042,"name":"Okinawa Cellular Cable"},{"id":"omranepeg-cable-system","cable_id":1695,"name":"OMRAN/EPEG Cable System"},{"id":"oran-valencia-orval","cable_id":1664,"name":"Oran-Valencia (ORVAL)"},{"id":"oteglobe-kokkini-bari","cable_id":1383,"name":"OTEGLOBE Kokkini-Bari"},{"id":"pacific-caribbean-cable-system-pccs","cable_id":1727,"name":"Pacific Caribbean Cable System (PCCS)"},{"id":"pacific-crossing-1-pc-1","cable_id":1007,"name":"Pacific Crossing-1 (PC-1)"},{"id":"pacific-light-cable-network-plcn","cable_id":1858,"name":"Pacific Light Cable Network (PLCN)"},{"id":"palapa-ring-east","cable_id":1938,"name":"Palapa Ring East"},{"id":"palapa-ring-middle","cable_id":1940,"name":"Palapa Ring Middle"},{"id":"palapa-ring-west","cable_id":1939,"name":"Palapa Ring West"},{"id":"palawa-iloilo-cable-system","cable_id":1796,"name":"Palawa-Iloilo Cable System"},{"id":"pan-american-pan-am","cable_id":1073,"name":"Pan American (PAN-AM)"},{"id":"pan-european-crossing-uk-belgium","cable_id":1539,"name":"Pan European Crossing (UK-Belgium)"},{"id":"pan-european-crossing-uk-ireland","cable_id":1547,"name":"Pan European Crossing (UK-Ireland)"},{"id":"pan-american-crossing-pac","cable_id":1072,"name":"Pan-American Crossing (PAC)"},{"id":"paniolo-cable-network","cable_id":1948,"name":"Paniolo Cable Network"},{"id":"pasuli","cable_id":1987,"name":"PASULI"},{"id":"peace-cable","cable_id":1923,"name":"PEACE Cable"},{"id":"penbal-5","cable_id":1187,"name":"PENBAL-5"},{"id":"pencan-8","cable_id":1701,"name":"Pencan-8"},{"id":"pencan-9","cable_id":1866,"name":"Pencan-9"},{"id":"persona","cable_id":1577,"name":"Persona"},{"id":"pgascom","cable_id":1680,"name":"PGASCOM"},{"id":"picot-1","cable_id":1802,"name":"Picot-1"},{"id":"pipe-pacific-cable-1-ppc-1","cable_id":1520,"name":"PIPE Pacific Cable-1 (PPC-1)"},{"id":"pishgaman-oman-iran-poi-network","cable_id":1689,"name":"Pishgaman Oman Iran (POI) Network"},{"id":"pldt-domestic-fiber-optic-network-dfon","cable_id":1839,"name":"PLDT Domestic Fiber Optic Network (DFON)"},{"id":"png-lng","cable_id":1898,"name":"PNG LNG"},{"id":"polar-circle-cable","cable_id":1980,"name":"Polar Circle Cable"},{"id":"poseidon","cable_id":1740,"name":"POSEIDON"},{"id":"prat","cable_id":1997,"name":"Prat"},{"id":"qatar-u-a-e-submarine-cable-system","cable_id":1254,"name":"Qatar-U.A.E. Submarine Cable System"},{"id":"quintillion-subsea-cable-network","cable_id":1862,"name":"Quintillion Subsea Cable Network"},{"id":"russia-japan-cable-network-rjcn","cable_id":1518,"name":"Russia-Japan Cable Network (RJCN)"},{"id":"rnne-rdvig","cable_id":1975,"name":"Rønne-Rødvig"},{"id":"s-u-b-cable-system","cable_id":1880,"name":"S-U-B Cable System"},{"id":"sabastatia-cable-system-sscs","cable_id":1807,"name":"Saba, Statia Cable System (SSCS)"},{"id":"sabr","cable_id":1929,"name":"SABR"},{"id":"safe","cable_id":1220,"name":"SAFE"},{"id":"saint-maarten-puerto-rico-network-one-smpr-1","cable_id":1245,"name":"Saint Maarten Puerto Rico Network One (SMPR-1)"},{"id":"sakhalin-kuril-islands-cable","cable_id":1943,"name":"Sakhalin-Kuril Islands Cable"},{"id":"samoa-american-samoa-sas","cable_id":1620,"name":"Samoa-American Samoa (SAS)"},{"id":"san-andres-isla-tolu-submarine-cable-sait","cable_id":1843,"name":"San Andres Isla Tolu Submarine Cable (SAIT)"},{"id":"sat-3wasc","cable_id":1219,"name":"SAT-3/WASC"},{"id":"saudi-arabia-sudan-1-sas-1","cable_id":1247,"name":"Saudi Arabia-Sudan-1 (SAS-1)"},{"id":"saudi-arabia-sudan-2-sas-2","cable_id":1675,"name":"Saudi Arabia-Sudan-2 (SAS-2)"},{"id":"scandinavian-ring-north","cable_id":1544,"name":"Scandinavian Ring North"},{"id":"scandinavian-ring-south","cable_id":1545,"name":"Scandinavian Ring South"},{"id":"scotland-northern-ireland-1","cable_id":1387,"name":"Scotland-Northern Ireland 1"},{"id":"scotland-northern-ireland-2","cable_id":1614,"name":"Scotland-Northern Ireland 2"},{"id":"sea-us","cable_id":1823,"name":"SEA-US"},{"id":"sea2shore","cable_id":1966,"name":"sea2shore"},{"id":"seabras-1","cable_id":1728,"name":"Seabras-1"},{"id":"seacomtata-tgn-eurasia","cable_id":1552,"name":"SEACOM/Tata TGN-Eurasia"},{"id":"seamewe-3","cable_id":1031,"name":"SeaMeWe-3"},{"id":"seamewe-4","cable_id":1035,"name":"SeaMeWe-4"},{"id":"seamewe-5","cable_id":1559,"name":"SeaMeWe-5"},{"id":"seax-1","cable_id":1887,"name":"SEAX-1"},{"id":"segunda-fos-canal-de-chacao","cable_id":1830,"name":"Segunda FOS Canal de Chacao"},{"id":"seychelles-to-east-africa-system-seas","cable_id":1672,"name":"Seychelles to East Africa System (SEAS)"},{"id":"shefa-2","cable_id":1576,"name":"SHEFA-2"},{"id":"silk-route-gateway-srg-1","cable_id":1849,"name":"Silk Route Gateway (SRG-1)"},{"id":"silphium","cable_id":1665,"name":"Silphium"},{"id":"singapore-myanmar-sigmar","cable_id":1986,"name":"Singapore-Myanmar (SIGMAR)"},{"id":"sirius-north","cable_id":1754,"name":"Sirius North"},{"id":"sirius-south","cable_id":1092,"name":"Sirius South"},{"id":"sistem-kabel-rakyat-1malaysia-skr1m","cable_id":1828,"name":"Sistem Kabel Rakyat 1Malaysia (SKR1M)"},{"id":"sjjk","cable_id":1996,"name":"SJJK"},{"id":"skagenfiber-east","cable_id":2000,"name":"Skagenfiber East"},{"id":"skagenfiber-west","cable_id":1999,"name":"Skagenfiber West"},{"id":"skagerrak-4","cable_id":1875,"name":"Skagerrak 4"},{"id":"smpcs-packet-1","cable_id":1884,"name":"SMPCS Packet-1"},{"id":"smpcs-packet-2","cable_id":1885,"name":"SMPCS Packet-2"},{"id":"solas","cable_id":1205,"name":"Solas"},{"id":"sorsogon-samar-submarine-fiber-optical-interconnection-project-sssfoip","cable_id":2001,"name":"Sorsogon-Samar Submarine Fiber Optical Interconnection Project (SSSFOIP)"},{"id":"south-america-1-sam-1","cable_id":1083,"name":"South America-1 (SAm-1)"},{"id":"south-american-crossing-sac","cable_id":1084,"name":"South American Crossing (SAC)"},{"id":"south-asia-express-saex2","cable_id":1973,"name":"South Asia Express (SAEx2)"},{"id":"south-atlantic-cable-system-sacs","cable_id":1709,"name":"South Atlantic Cable System (SACS)"},{"id":"south-atlantic-express-saex1","cable_id":1669,"name":"South Atlantic Express (SAEx1)"},{"id":"south-atlantic-inter-link-sail","cable_id":1856,"name":"South Atlantic Inter Link (SAIL)"},{"id":"southeast-asia-japan-cable-sjc","cable_id":1604,"name":"Southeast Asia Japan Cable (SJC)"},{"id":"southeast-asia-japan-cable-2-sjc2","cable_id":1958,"name":"Southeast Asia-Japan Cable 2 (SJC2)"},{"id":"southern-caribbean-fiber","cable_id":1619,"name":"Southern Caribbean Fiber"},{"id":"southern-cross-cable-network-sccn","cable_id":1009,"name":"Southern Cross Cable Network (SCCN)"},{"id":"southern-cross-next","cable_id":1894,"name":"Southern Cross NEXT"},{"id":"st-pierre-and-miquelon-cable","cable_id":1967,"name":"St. Pierre and Miquelon Cable"},{"id":"st-thomas-st-croix-system","cable_id":1756,"name":"St. Thomas-St. Croix System"},{"id":"strategic-evolution-underwater-link-seul","cable_id":1893,"name":"Strategic Evolution Underwater Link (SEUL)"},{"id":"subcan-link-1","cable_id":1777,"name":"Subcan Link 1"},{"id":"subcan-link-2","cable_id":1778,"name":"Subcan Link 2"},{"id":"sumatera-bangka-cable-system-sbcs","cable_id":1881,"name":"Sumatera Bangka Cable System (SBCS)"},{"id":"suriname-guyana-submarine-cable-system-sg-scs","cable_id":1612,"name":"Suriname-Guyana Submarine Cable System (SG-SCS)"},{"id":"svalbard-undersea-cable-system","cable_id":1651,"name":"Svalbard Undersea Cable System"},{"id":"swansea-brean","cable_id":1835,"name":"Swansea-Brean"},{"id":"sweden-estonia-ee-s-1","cable_id":1221,"name":"Sweden-Estonia (EE-S 1)"},{"id":"sweden-finland-4-sfs-4","cable_id":1207,"name":"Sweden-Finland 4 (SFS-4)"},{"id":"sweden-finland-link-sfl","cable_id":1208,"name":"Sweden-Finland Link (SFL)"},{"id":"sweden-latvia","cable_id":1364,"name":"Sweden-Latvia"},{"id":"sxs","cable_id":2027,"name":"SxS"},{"id":"taba-aqaba","cable_id":1806,"name":"Taba-Aqaba"},{"id":"taino-carib","cable_id":1229,"name":"Taino-Carib"},{"id":"taiwan-strait-express-1-tse-1","cable_id":1636,"name":"Taiwan Strait Express-1 (TSE-1)"},{"id":"tamares-north","cable_id":1713,"name":"Tamares North"},{"id":"tampnet-offshore-foc-network","cable_id":1203,"name":"Tampnet Offshore FOC Network"},{"id":"tangerine","cable_id":1324,"name":"Tangerine"},{"id":"tannat","cable_id":1860,"name":"Tannat"},{"id":"tarakan-selor-cable-system-tscs","cable_id":1882,"name":"Tarakan Selor Cable System (TSCS)"},{"id":"tasman-global-access-tga-cable","cable_id":1750,"name":"Tasman Global Access (TGA) Cable"},{"id":"tat-14","cable_id":1043,"name":"TAT-14"},{"id":"tata-tgn-atlantic","cable_id":1149,"name":"Tata TGN-Atlantic"},{"id":"tata-tgn-gulf","cable_id":1631,"name":"Tata TGN-Gulf"},{"id":"tata-tgn-intra-asia-tgn-ia","cable_id":1534,"name":"Tata TGN-Intra Asia (TGN-IA)"},{"id":"tata-tgn-pacific","cable_id":1155,"name":"Tata TGN-Pacific"},{"id":"tata-tgn-tata-indicom","cable_id":1252,"name":"Tata TGN-Tata Indicom"},{"id":"tata-tgn-western-europe","cable_id":1173,"name":"Tata TGN-Western Europe"},{"id":"te-northtgn-eurasiaseacomalexandrosmedex","cable_id":1573,"name":"TE North/TGN-Eurasia/SEACOM/Alexandros/Medex"},{"id":"telstra-endeavour","cable_id":1526,"name":"Telstra Endeavour"},{"id":"terra-sw","cable_id":1693,"name":"TERRA SW"},{"id":"terra-aleutian","cable_id":1942,"name":"TERRA-Aleutian"},{"id":"thailand-indonesia-singapore-tis","cable_id":1238,"name":"Thailand-Indonesia-Singapore (TIS)"},{"id":"the-east-african-marine-system-teams","cable_id":1516,"name":"The East African Marine System (TEAMS)"},{"id":"tobrok-emasaed-cable-system","cable_id":1779,"name":"Tobrok-Emasaed Cable System"},{"id":"tonga-cable","cable_id":1687,"name":"Tonga Cable"},{"id":"tonga-domestic-cable-extension-tcde","cable_id":1951,"name":"Tonga Domestic Cable Extension (TCDE)"},{"id":"trans-pacific-express-tpe-cable-system","cable_id":1513,"name":"Trans-Pacific Express (TPE) Cable System"},{"id":"transcan-3","cable_id":1449,"name":"TRANSCAN-3"},{"id":"transworld-tw1","cable_id":1351,"name":"Transworld (TW1)"},{"id":"trapani-kelibia","cable_id":1555,"name":"Trapani-Kelibia"},{"id":"tt-1","cable_id":1799,"name":"TT-1"},{"id":"tui-samoa","cable_id":1855,"name":"Tui-Samoa"},{"id":"turcyos-1","cable_id":1341,"name":"Turcyos-1"},{"id":"turcyos-2","cable_id":1705,"name":"Turcyos-2"},{"id":"tverrlinken","cable_id":1981,"name":"Tverrlinken"},{"id":"uae-iran","cable_id":1308,"name":"UAE-Iran"},{"id":"ugarit","cable_id":1306,"name":"UGARIT"},{"id":"uk-channel-islands-7","cable_id":1703,"name":"UK-Channel Islands-7"},{"id":"uk-channel-islands-8","cable_id":1704,"name":"UK-Channel Islands-8"},{"id":"uk-netherlands-14","cable_id":1365,"name":"UK-Netherlands 14"},{"id":"ultramar-ge","cable_id":1998,"name":"Ultramar GE"},{"id":"ulysses-2","cable_id":1936,"name":"Ulysses 2"},{"id":"unisur","cable_id":1132,"name":"Unisur"},{"id":"unityeac-pacific","cable_id":1525,"name":"Unity/EAC-Pacific"},{"id":"venezuela-festoon","cable_id":1094,"name":"Venezuela Festoon"},{"id":"vodafone-malta-sicily-cable-system-vmscs","cable_id":1249,"name":"Vodafone Malta-Sicily Cable System (VMSCS)"},{"id":"wall-li","cable_id":1926,"name":"WALL-LI"},{"id":"warf-submarine-cable","cable_id":1517,"name":"WARF Submarine Cable"},{"id":"west-african-cable-system-wacs","cable_id":1560,"name":"West African Cable System (WACS)"},{"id":"yellow","cable_id":1081,"name":"Yellow"}]
