{"id":"alonso-de-ojeda","name":"Alonso de Ojeda","cable_id":1289,"landing_points":[{"landing_point_id":5776,"id":"baby-beach-aruba","name":"Baby Beach, Aruba","latlon":"12.414139,-69.878683","url":"#/landing-point/baby-beach-aruba"},{"landing_point_id":4275,"id":"willemstad-netherlands-antilles","name":"Willemstad, Netherlands Antilles","latlon":"12.095316,-68.896604","url":"#/landing-point/willemstad-netherlands-antilles"}],"length":"128 km","rfs":"1999","owners":"n.a.","url":null,"notes":null}
