{"id":"amerigo-vespucci","name":"Amerigo Vespucci","cable_id":1494,"landing_points":[{"landing_point_id":14635,"id":"kralendijk-bonaire-netherlands","name":"Kralendijk, Bonaire, Netherlands","latlon":"12.150687,-68.276682","url":"#/landing-point/kralendijk-bonaire-netherlands"},{"landing_point_id":4275,"id":"willemstad-netherlands-antilles","name":"Willemstad, Netherlands Antilles","latlon":"12.095316,-68.896604","url":"#/landing-point/willemstad-netherlands-antilles"}],"length":"85 km","rfs":"1999","owners":"Antelecom","url":null,"notes":null}
