{"id":"americas-ii","name":"Americas-II","cable_id":1148,"landing_points":[{"landing_point_id":5966,"id":"camuri-venezuela","name":"Camuri, Venezuela","latlon":"10.606108,-66.878294","url":"#/landing-point/camuri-venezuela"},{"landing_point_id":5575,"id":"cayenne-french-guiana","name":"Cayenne, French Guiana","latlon":"4.941365,-52.321075","url":"#/landing-point/cayenne-french-guiana"},{"landing_point_id":3347,"id":"fortaleza-brazil","name":"Fortaleza, Brazil","latlon":"-3.718836,-38.542968","url":"#/landing-point/fortaleza-brazil"},{"landing_point_id":3650,"id":"hollywood-fl-united-states","name":"Hollywood, FL, United States","latlon":"26.010202,-80.160234","url":"#/landing-point/hollywood-fl-united-states"},{"landing_point_id":5905,"id":"le-lamentin-martinique","name":"Le Lamentin, Martinique","latlon":"14.615542,-61.094264","url":"#/landing-point/le-lamentin-martinique"},{"landing_point_id":5762,"id":"miramar-pr-united-states","name":"Miramar, PR, United States","latlon":"18.453419,-66.082884","url":"#/landing-point/miramar-pr-united-states"},{"landing_point_id":4236,"id":"port-of-spain-trinidad-and-tobago","name":"Port of Spain, Trinidad and Tobago","latlon":"10.649785,-61.516676","url":"#/landing-point/port-of-spain-trinidad-and-tobago"},{"landing_point_id":5750,"id":"st-croix-vi-united-states","name":"St. Croix, VI, United States","latlon":"17.771864,-64.819408","url":"#/landing-point/st-croix-vi-united-states"},{"landing_point_id":4275,"id":"willemstad-netherlands-antilles","name":"Willemstad, Netherlands Antilles","latlon":"12.095316,-68.896604","url":"#/landing-point/willemstad-netherlands-antilles"}],"length":"8,373 km","rfs":"2000 August","owners":"Embratel,  AT&T,  Verizon,  Sprint,  CANTV,  Tata Communications,  CNT,  Orange,  Portugal Telecom,  C&W Networks,  Telecom Italia Sparkle,  CenturyLink","url":null,"notes":null}
