{"id":"american-samoa-hawaii-ash","name":"American Samoa-Hawaii (ASH)","cable_id":1600,"landing_points":[{"landing_point_id":5754,"id":"keawaula-hi-united-states","name":"Keawaula, HI, United States","latlon":"21.548779,-158.242038","url":"#/landing-point/keawaula-hi-united-states"},{"landing_point_id":9070,"id":"pago-pago-american-samoa","name":"Pago Pago, American Samoa","latlon":"-14.276546,-170.695713","url":"#/landing-point/pago-pago-american-samoa"}],"length":"4,250 km","rfs":"2009 May","owners":"American Samoa Government,  Elandia","url":null,"notes":null}
