{"id":"arbr","name":"ARBR","cable_id":1906,"landing_points":[{"landing_point_id":3330,"id":"las-toninas-argentina","name":"Las Toninas, Argentina","latlon":"-36.472532,-56.695487","url":"#/landing-point/las-toninas-argentina"},{"landing_point_id":16413,"id":"praia-grande-brazil","name":"Praia Grande, Brazil","latlon":"-24.008866,-46.412496","url":"#/landing-point/praia-grande-brazil"}],"length":"2,700 km","rfs":"2021","owners":"Werthein Group,  Seaborn Group","url":"http://www.seabornnetworks.com","notes":null}
