{"id":"asia-america-gateway-aag-cable-system","name":"Asia-America Gateway (AAG) Cable System","cable_id":1507,"landing_points":[{"landing_point_id":5940,"id":"changi-north-singapore","name":"Changi North, Singapore","latlon":"1.389047,103.987017","url":"#/landing-point/changi-north-singapore"},{"landing_point_id":5754,"id":"keawaula-hi-united-states","name":"Keawaula, HI, United States","latlon":"21.548779,-158.242038","url":"#/landing-point/keawaula-hi-united-states"},{"landing_point_id":10340,"id":"la-union-philippines","name":"La Union, Philippines","latlon":"16.582594,120.389646","url":"#/landing-point/la-union-philippines"},{"landing_point_id":5852,"id":"lantau-island-hong-kong-china","name":"Lantau Island, Hong Kong, China","latlon":"22.271496,113.948341","url":"#/landing-point/lantau-island-hong-kong-china"},{"landing_point_id":5902,"id":"mersing-malaysia","name":"Mersing, Malaysia","latlon":"2.295516,103.849908","url":"#/landing-point/mersing-malaysia"},{"landing_point_id":3772,"id":"san-luis-obispo-ca-united-states","name":"San Luis Obispo, CA, United States","latlon":"35.285015,-120.662729","url":"#/landing-point/san-luis-obispo-ca-united-states"},{"landing_point_id":6014,"id":"sriracha-thailand","name":"Sriracha, Thailand","latlon":"13.174369,100.930574","url":"#/landing-point/sriracha-thailand"},{"landing_point_id":3251,"id":"tanguisson-point-guam","name":"Tanguisson Point, Guam","latlon":"13.549100,144.809337","url":"#/landing-point/tanguisson-point-guam"},{"landing_point_id":5970,"id":"tungku-brunei","name":"Tungku, Brunei","latlon":"4.926374,114.885840","url":"#/landing-point/tungku-brunei"},{"landing_point_id":6013,"id":"vung-tau-vietnam","name":"Vung Tau, Vietnam","latlon":"10.341850,107.079203","url":"#/landing-point/vung-tau-vietnam"}],"length":"20,000 km","rfs":"2009 November","owners":"Telekom Malaysia,  AT&T,  Starhub,  PLDT,  CAT Telecom Public Company Limited,  Airtel (Bharti),  Telstra,  Telkom Indonesia,  BT,  Eastern Telecom,  Indosat Ooredoo,  Spark New Zealand,  Viettel Corporation,  Saigon Postel Corporation,  Vietnam Telecom International,  Brunei International Gateway,  BayanTel,  Ezecom","url":"http://www.asia-america-gateway.com","notes":null}
