{"id":"atlantic-crossing-1-ac-1","name":"Atlantic Crossing-1 (AC-1)","cable_id":1143,"landing_points":[{"landing_point_id":3080,"id":"beverwijk-netherlands","name":"Beverwijk, Netherlands","latlon":"52.486313,4.656901","url":"#/landing-point/beverwijk-netherlands"},{"landing_point_id":4512,"id":"brookhaven-ny-united-states","name":"Brookhaven, NY, United States","latlon":"40.773147,-72.912276","url":"#/landing-point/brookhaven-ny-united-states"},{"landing_point_id":3142,"id":"sylt-germany","name":"Sylt, Germany","latlon":"54.898506,8.383364","url":"#/landing-point/sylt-germany"},{"landing_point_id":3081,"id":"whitesands-bay-united-kingdom","name":"Whitesands Bay, United Kingdom","latlon":"50.078514,-5.698453","url":"#/landing-point/whitesands-bay-united-kingdom"}],"length":"14,301 km","rfs":"1998 May","owners":"CenturyLink","url":"http://www.centurylink.com/wholesale/","notes":null}
