{"id":"australia-japan-cable-ajc","name":"Australia-Japan Cable (AJC)","cable_id":1102,"landing_points":[{"landing_point_id":5887,"id":"maruyama-japan","name":"Maruyama, Japan","latlon":"35.037517,139.816956","url":"#/landing-point/maruyama-japan"},{"landing_point_id":5778,"id":"oxford-falls-australia","name":"Oxford Falls, Australia","latlon":"-33.737377,151.245076","url":"#/landing-point/oxford-falls-australia"},{"landing_point_id":5779,"id":"paddington-australia","name":"Paddington, Australia","latlon":"-33.882128,151.228670","url":"#/landing-point/paddington-australia"},{"landing_point_id":5883,"id":"shima-japan","name":"Shima, Japan","latlon":"34.336834,136.874380","url":"#/landing-point/shima-japan"},{"landing_point_id":3251,"id":"tanguisson-point-guam","name":"Tanguisson Point, Guam","latlon":"13.549100,144.809337","url":"#/landing-point/tanguisson-point-guam"},{"landing_point_id":5972,"id":"tumon-bay-guam","name":"Tumon Bay, Guam","latlon":"13.513590,144.800548","url":"#/landing-point/tumon-bay-guam"}],"length":"12,700 km","rfs":"2001 December","owners":"Softbank Telecom,  Telstra,  Verizon,  AT&T","url":"http://www.ajcable.com","notes":null}
