{"id":"azores-fiber-optic-system-afos","name":"Azores Fiber Optic System (AFOS)","cable_id":1801,"landing_points":[{"landing_point_id":14836,"id":"angra-do-heroismo-portugal","name":"Angra do Heroismo, Portugal","latlon":"38.658524,-27.215825","url":"#/landing-point/angra-do-heroismo-portugal"},{"landing_point_id":14659,"id":"faial-portugal","name":"Faial, Portugal","latlon":"38.525101,-28.647563","url":"#/landing-point/faial-portugal"},{"landing_point_id":14658,"id":"graciosa-portugal","name":"Graciosa, Portugal","latlon":"39.011026,-27.963481","url":"#/landing-point/graciosa-portugal"},{"landing_point_id":5945,"id":"ponta-delgada-portugal","name":"Ponta Delgada, Portugal","latlon":"37.739213,-25.668756","url":"#/landing-point/ponta-delgada-portugal"},{"landing_point_id":14834,"id":"sao-mateus-portugal","name":"Sao Mateus, Portugal","latlon":"38.432291,-28.461235","url":"#/landing-point/sao-mateus-portugal"},{"landing_point_id":14833,"id":"velas-portugal","name":"Velas, Portugal","latlon":"38.683841,-28.213188","url":"#/landing-point/velas-portugal"},{"landing_point_id":14835,"id":"vila-do-porto-portugal","name":"Vila do Porto, Portugal","latlon":"36.956767,-25.141266","url":"#/landing-point/vila-do-porto-portugal"}],"length":"1,100 km","rfs":"1998 July","owners":"Portugal Telecom","url":null,"notes":null}
