{"id":"bahamas-internet-cable-system-bics","name":"Bahamas Internet Cable System (BICS)","cable_id":1232,"landing_points":[{"landing_point_id":3563,"id":"boca-raton-fl-united-states","name":"Boca Raton, FL, United States","latlon":"26.350327,-80.088945","url":"#/landing-point/boca-raton-fl-united-states"},{"landing_point_id":5786,"id":"caves-point-bahamas","name":"Caves Point, Bahamas","latlon":"25.068455,-77.452996","url":"#/landing-point/caves-point-bahamas"},{"landing_point_id":8355,"id":"crown-haven-bahamas","name":"Crown Haven, Bahamas","latlon":"26.912509,-77.821954","url":"#/landing-point/crown-haven-bahamas"},{"landing_point_id":5787,"id":"current-bahamas","name":"Current, Bahamas","latlon":"25.407834,-76.787664","url":"#/landing-point/current-bahamas"},{"landing_point_id":5785,"id":"hawksbill-bahamas","name":"Hawksbill, Bahamas","latlon":"26.516904,-78.736846","url":"#/landing-point/hawksbill-bahamas"},{"landing_point_id":8354,"id":"riding-point-bahamas","name":"Riding Point, Bahamas","latlon":"26.616745,-78.245879","url":"#/landing-point/riding-point-bahamas"},{"landing_point_id":5788,"id":"sandy-point-bahamas","name":"Sandy Point, Bahamas","latlon":"26.025205,-77.399529","url":"#/landing-point/sandy-point-bahamas"},{"landing_point_id":8357,"id":"spanish-river-park-fl-united-states","name":"Spanish River Park, FL, United States","latlon":"26.378061,-80.067704","url":"#/landing-point/spanish-river-park-fl-united-states"}],"length":"1,100 km","rfs":"2001 July","owners":"Caribbean Crossings","url":"http://www.caribbeancrossings.com","notes":null}
