{"id":"baltic-sea-submarine-cable","name":"Baltic Sea Submarine Cable","cable_id":1624,"landing_points":[{"landing_point_id":3064,"id":"helsinki-finland","name":"Helsinki, Finland","latlon":"60.171075,24.932490","url":"#/landing-point/helsinki-finland"},{"landing_point_id":3063,"id":"stockholm-sweden","name":"Stockholm, Sweden","latlon":"59.332208,18.062852","url":"#/landing-point/stockholm-sweden"},{"landing_point_id":3089,"id":"tallinn-estonia","name":"Tallinn, Estonia","latlon":"59.436200,24.752399","url":"#/landing-point/tallinn-estonia"}],"length":"550 km","rfs":"2000","owners":"CITIC Telecom International","url":"https://www.citictel.com/","notes":null}
