{"id":"baltica","name":"Baltica","cable_id":1199,"landing_points":[{"landing_point_id":5820,"id":"gedser-denmark","name":"Gedser, Denmark","latlon":"54.576351,11.928968","url":"#/landing-point/gedser-denmark"},{"landing_point_id":5933,"id":"kolobrzeg-poland","name":"Kolobrzeg, Poland","latlon":"54.172347,15.574865","url":"#/landing-point/kolobrzeg-poland"},{"landing_point_id":5822,"id":"pedersker-denmark","name":"Pedersker, Denmark","latlon":"55.030928,14.992150","url":"#/landing-point/pedersker-denmark"},{"landing_point_id":5954,"id":"ystad-sweden","name":"Ystad, Sweden","latlon":"55.431331,13.828284","url":"#/landing-point/ystad-sweden"}],"length":"437 km","rfs":"1997 March","owners":"Telia Carrier,  Orange Polska,  TDC,  Telenor,  Slovak Telekom,  Ukrtelecom","url":null,"notes":null}
