{"id":"batam-sarawak-internet-cable-system-basics","name":"Batam Sarawak Internet Cable System (BaSICS)","cable_id":2014,"landing_points":[{"landing_point_id":17376,"id":"kg-buntai-malaysia","name":"Kg Buntai, Malaysia","latlon":"1.675082,110.293631","url":"#/landing-point/kg-buntai-malaysia"},{"landing_point_id":9096,"id":"tanjung-bemban-indonesia","name":"Tanjung Bemban, Indonesia","latlon":"1.173202,104.133111","url":"#/landing-point/tanjung-bemban-indonesia"}],"length":"762 km","rfs":"2020 January","owners":"PP Telecommunication Sdn Bhd,  XL Axiata","url":"http://www.pptelecom.com.my","notes":null}
