{"id":"bay-of-bengal-gateway-bbg","name":"Bay of Bengal Gateway (BBG)","cable_id":1735,"landing_points":[{"landing_point_id":8947,"id":"barka-oman","name":"Barka, Oman","latlon":"23.679429,58.004324","url":"#/landing-point/barka-oman"},{"landing_point_id":4191,"id":"chennai-india","name":"Chennai, India","latlon":"13.063480,80.243083","url":"#/landing-point/chennai-india"},{"landing_point_id":5962,"id":"fujairah-united-arab-emirates","name":"Fujairah, United Arab Emirates","latlon":"25.121690,56.333720","url":"#/landing-point/fujairah-united-arab-emirates"},{"landing_point_id":3212,"id":"mumbai-india","name":"Mumbai, India","latlon":"19.075794,72.875899","url":"#/landing-point/mumbai-india"},{"landing_point_id":3307,"id":"penang-malaysia","name":"Penang, Malaysia","latlon":"5.353645,100.362996","url":"#/landing-point/penang-malaysia"},{"landing_point_id":14621,"id":"ratmalana-sri-lanka","name":"Ratmalana, Sri Lanka","latlon":"6.820392,79.889275","url":"#/landing-point/ratmalana-sri-lanka"}],"length":"8,100 km","rfs":"2016 Q1","owners":"Vodafone,  Telekom Malaysia,  Omantel,  Reliance Jio Infocom,  Dialog Axiata,  Etisalat,  AT&T,  China Telecom,  Telstra,  Gulf Bridge International","url":"https://www.bayofbengalgateway.com","notes":null}
