{"id":"bay-to-bay-express-btobe-cable-system","name":"Bay to Bay Express (BtoBE) Cable System","cable_id":1969,"landing_points":[{"landing_point_id":5940,"id":"changi-north-singapore","name":"Changi North, Singapore","latlon":"1.389047,103.987017","url":"#/landing-point/changi-north-singapore"},{"landing_point_id":6011,"id":"cherating-malaysia","name":"Cherating, Malaysia","latlon":"4.130232,103.393658","url":"#/landing-point/cherating-malaysia"},{"landing_point_id":5856,"id":"chung-hom-kok-hong-kong-china","name":"Chung Hom Kok, Hong Kong, China","latlon":"22.222106,114.203077","url":"#/landing-point/chung-hom-kok-hong-kong-china"},{"landing_point_id":5748,"id":"grover-beach-ca-united-states","name":"Grover Beach, CA, United States","latlon":"35.120635,-120.621420","url":"#/landing-point/grover-beach-ca-united-states"}],"length":"15,393 km","rfs":"2021 Q2","owners":"China Mobile,  Facebook,  Amazon Web Services","url":null,"notes":null}
