{"id":"brusa","name":"BRUSA","cable_id":1873,"landing_points":[{"landing_point_id":3347,"id":"fortaleza-brazil","name":"Fortaleza, Brazil","latlon":"-3.718836,-38.542968","url":"#/landing-point/fortaleza-brazil"},{"landing_point_id":3242,"id":"rio-de-janeiro-brazil","name":"Rio de Janeiro, Brazil","latlon":"-22.903397,-43.209568","url":"#/landing-point/rio-de-janeiro-brazil"},{"landing_point_id":4262,"id":"san-juan-pr-united-states","name":"San Juan, PR, United States","latlon":"18.465833,-66.106664","url":"#/landing-point/san-juan-pr-united-states"},{"landing_point_id":4862,"id":"virginia-beach-va-united-states","name":"Virginia Beach, VA, United States","latlon":"36.755009,-76.059198","url":"#/landing-point/virginia-beach-va-united-states"}],"length":"11,000 km","rfs":"2018","owners":"Telxius","url":"http://www.telxius.com","notes":null}
