{"id":"cadmos","name":"CADMOS","cable_id":1305,"landing_points":[{"landing_point_id":3862,"id":"beirut-lebanon","name":"Beirut, Lebanon","latlon":"33.892474,35.485195","url":"#/landing-point/beirut-lebanon"},{"landing_point_id":5812,"id":"pentaskhinos-cyprus","name":"Pentaskhinos, Cyprus","latlon":"34.828484,33.603555","url":"#/landing-point/pentaskhinos-cyprus"}],"length":"230 km","rfs":"1995 September","owners":"Cyta,  Lebanese Ministry of Telecommunications,  AT&T,  BT,  Orange,  Telekom Austria,  Syrian Telecommunications Establishment,  Telecom Italia Sparkle,  Tata Communications,  Deutsche Telekom","url":null,"notes":null}
