{"id":"cam-ring","name":"CAM Ring","cable_id":1800,"landing_points":[{"landing_point_id":5935,"id":"funchal-portugal","name":"Funchal, Portugal","latlon":"32.646869,-16.908945","url":"#/landing-point/funchal-portugal"},{"landing_point_id":5945,"id":"ponta-delgada-portugal","name":"Ponta Delgada, Portugal","latlon":"37.739213,-25.668756","url":"#/landing-point/ponta-delgada-portugal"},{"landing_point_id":7784,"id":"porto-santo-portugal","name":"Porto Santo, Portugal","latlon":"33.047321,-16.347666","url":"#/landing-point/porto-santo-portugal"}],"length":"1,120 km","rfs":"2003","owners":"Portugal Telecom","url":null,"notes":null}
