{"id":"canalink","name":"Canalink","cable_id":1666,"landing_points":[{"landing_point_id":5720,"id":"alta-vista-canary-islands-spain","name":"Alta Vista, Canary Islands, Spain","latlon":"27.959396,-15.398741","url":"#/landing-point/alta-vista-canary-islands-spain"},{"landing_point_id":5910,"id":"asilah-morocco","name":"Asilah, Morocco","latlon":"35.470781,-6.035757","url":"#/landing-point/asilah-morocco"},{"landing_point_id":16017,"id":"gimar-canary-islands-spain","name":"Güimar, Canary Islands, Spain","latlon":"28.310580,-16.412559","url":"#/landing-point/gimar-canary-islands-spain"},{"landing_point_id":10400,"id":"rota-spain","name":"Rota, Spain","latlon":"36.626274,-6.363003","url":"#/landing-point/rota-spain"},{"landing_point_id":7776,"id":"santa-cruz-de-la-palma-canary-islands-spain","name":"Santa Cruz de La Palma, Canary Islands, Spain","latlon":"28.663180,-17.765244","url":"#/landing-point/santa-cruz-de-la-palma-canary-islands-spain"},{"landing_point_id":7713,"id":"tenerife-canary-islands-spain","name":"Tenerife, Canary Islands, Spain","latlon":"28.292782,-16.522764","url":"#/landing-point/tenerife-canary-islands-spain"},{"landing_point_id":16016,"id":"tinocas-canary-islands-spain","name":"Tinocas, Canary Islands, Spain","latlon":"28.134359,-15.487706","url":"#/landing-point/tinocas-canary-islands-spain"}],"length":"1,835 km","rfs":"2011","owners":"IT3","url":"http://canalink.iter.es/","notes":null}
