{"id":"caribbean-regional-communications-infrastructure-program-carcip","name":"Caribbean Regional Communications Infrastructure Program (CARCIP)","cable_id":2004,"landing_points":[{"landing_point_id":17318,"id":"bequia-saint-vincent-and-the-grenadines","name":"Bequia, Saint Vincent and the Grenadines","latlon":"12.997562,-61.244703","url":"#/landing-point/bequia-saint-vincent-and-the-grenadines"},{"landing_point_id":17320,"id":"canouan-saint-vincent-and-the-grenadines","name":"Canouan, Saint Vincent and the Grenadines","latlon":"12.699637,-61.338954","url":"#/landing-point/canouan-saint-vincent-and-the-grenadines"},{"landing_point_id":17322,"id":"carriacou-grenada","name":"Carriacou, Grenada","latlon":"12.473710,-61.478614","url":"#/landing-point/carriacou-grenada"},{"landing_point_id":17314,"id":"chateaubelair-saint-vincent-and-the-grenadines","name":"Chateaubelair, Saint Vincent and the Grenadines","latlon":"13.290921,-61.240834","url":"#/landing-point/chateaubelair-saint-vincent-and-the-grenadines"},{"landing_point_id":17316,"id":"conference-grenada","name":"Conference, Grenada","latlon":"12.161210,-61.606385","url":"#/landing-point/conference-grenada"},{"landing_point_id":4219,"id":"kingstown-saint-vincent-and-the-grenadines","name":"Kingstown, Saint Vincent and the Grenadines","latlon":"13.145438,-61.208253","url":"#/landing-point/kingstown-saint-vincent-and-the-grenadines"},{"landing_point_id":17319,"id":"mustique-saint-vincent-and-the-grenadines","name":"Mustique, Saint Vincent and the Grenadines","latlon":"12.877713,-61.187123","url":"#/landing-point/mustique-saint-vincent-and-the-grenadines"},{"landing_point_id":17315,"id":"owia-saint-vincent-and-the-grenadines","name":"Owia, Saint Vincent and the Grenadines","latlon":"13.373099,-61.142774","url":"#/landing-point/owia-saint-vincent-and-the-grenadines"},{"landing_point_id":17321,"id":"union-island-saint-vincent-and-the-grenadines","name":"Union Island, Saint Vincent and the Grenadines","latlon":"12.611405,-61.443177","url":"#/landing-point/union-island-saint-vincent-and-the-grenadines"}],"length":"225 km","rfs":"2019 Q3","owners":"Digicel","url":"https://www.digicelgroup.com","notes":null}
