{"id":"ceiba-1","name":"Ceiba-1","cable_id":1699,"landing_points":[{"landing_point_id":9434,"id":"bata-equatorial-guinea","name":"Bata, Equatorial Guinea","latlon":"1.860067,9.768227","url":"#/landing-point/bata-equatorial-guinea"},{"landing_point_id":4224,"id":"malabo-equatorial-guinea","name":"Malabo, Equatorial Guinea","latlon":"3.749788,8.783364","url":"#/landing-point/malabo-equatorial-guinea"}],"length":"287 km","rfs":"2011 June","owners":"Ministerio de Transportes,  Tecnologia,  Correos y Telecomunicaciones","url":null,"notes":null}
