{"id":"ceiba-2","name":"Ceiba-2","cable_id":1842,"landing_points":[{"landing_point_id":9434,"id":"bata-equatorial-guinea","name":"Bata, Equatorial Guinea","latlon":"1.860067,9.768227","url":"#/landing-point/bata-equatorial-guinea"},{"landing_point_id":10095,"id":"kribi-cameroon","name":"Kribi, Cameroon","latlon":"2.932918,9.910414","url":"#/landing-point/kribi-cameroon"},{"landing_point_id":4224,"id":"malabo-equatorial-guinea","name":"Malabo, Equatorial Guinea","latlon":"3.749788,8.783364","url":"#/landing-point/malabo-equatorial-guinea"}],"length":"290 km","rfs":"2017","owners":"Ministerio de Transportes,  Tecnologia,  Correos y Telecomunicaciones","url":null,"notes":null}
