{"id":"celtixconnect-2-cc-2","name":"CeltixConnect-2 (CC-2)","cable_id":1911,"landing_points":[{"landing_point_id":8408,"id":"blackpool-united-kingdom","name":"Blackpool, United Kingdom","latlon":"53.808663,-3.050749","url":"#/landing-point/blackpool-united-kingdom"},{"landing_point_id":3077,"id":"dublin-ireland","name":"Dublin, Ireland","latlon":"53.348043,-6.248257","url":"#/landing-point/dublin-ireland"},{"landing_point_id":17306,"id":"port-erin-isle-of-man","name":"Port Erin, Isle of Man","latlon":"54.087203,-4.760441","url":"#/landing-point/port-erin-isle-of-man"},{"landing_point_id":13370,"id":"port-grenaugh-isle-of-man","name":"Port Grenaugh, Isle of Man","latlon":"54.099996,-4.566666","url":"#/landing-point/port-grenaugh-isle-of-man"}],"length":"n.a.","rfs":"2019 November","owners":"Aqua Comms","url":"http://www.aquacomms.com","notes":null}
