{"id":"chennai-andaman-nicobar-islands-cable","name":"Chennai-Andaman & Nicobar Islands Cable","cable_id":1861,"landing_points":[{"landing_point_id":17255,"id":"car-nicobar-india","name":"Car Nicobar, India","latlon":"9.177495,92.816442","url":"#/landing-point/car-nicobar-india"},{"landing_point_id":4191,"id":"chennai-india","name":"Chennai, India","latlon":"13.063480,80.243083","url":"#/landing-point/chennai-india"},{"landing_point_id":17257,"id":"great-nicobar-india","name":"Great Nicobar, India","latlon":"7.031330,93.927403","url":"#/landing-point/great-nicobar-india"},{"landing_point_id":17252,"id":"havelock-india","name":"Havelock, India","latlon":"11.976054,92.987560","url":"#/landing-point/havelock-india"},{"landing_point_id":17256,"id":"kamorta-india","name":"Kamorta, India","latlon":"8.172223,93.481407","url":"#/landing-point/kamorta-india"},{"landing_point_id":17254,"id":"little-andaman-india","name":"Little Andaman, India","latlon":"10.709038,92.597155","url":"#/landing-point/little-andaman-india"},{"landing_point_id":17251,"id":"long-island-india","name":"Long Island, India","latlon":"12.396488,92.935070","url":"#/landing-point/long-island-india"},{"landing_point_id":17253,"id":"port-blair-india","name":"Port Blair, India","latlon":"11.623368,92.726476","url":"#/landing-point/port-blair-india"},{"landing_point_id":17250,"id":"rangat-india","name":"Rangat, India","latlon":"12.506937,92.913854","url":"#/landing-point/rangat-india"}],"length":"2,300 km","rfs":"2019","owners":"Bharat Sanchar Nigam Ltd. (BSNL)","url":"http://www.bsnl.co.in","notes":null}
