{"id":"chuuk-pohnpei-cable","name":"Chuuk-Pohnpei Cable","cable_id":1908,"landing_points":[{"landing_point_id":9062,"id":"pohnpei-federated-states-of-micronesia","name":"Pohnpei, Federated States of Micronesia","latlon":"7.786407,159.070267","url":"#/landing-point/pohnpei-federated-states-of-micronesia"},{"landing_point_id":16967,"id":"weno-chuuk-federated-states-of-micronesia","name":"Weno, Chuuk, Federated States of Micronesia","latlon":"7.439996,151.858479","url":"#/landing-point/weno-chuuk-federated-states-of-micronesia"}],"length":"1,200 km","rfs":"2019 March","owners":"Federated States of Micronesia Telecommunications Company","url":"https://fsmcable.com/chuuk","notes":null}
