{"id":"circe-south","name":"Circe South","cable_id":1323,"landing_points":[{"landing_point_id":6051,"id":"cayeux-sur-mer-france","name":"Cayeux-sur-Mer, France","latlon":"50.178806,1.493438","url":"#/landing-point/cayeux-sur-mer-france"},{"landing_point_id":6050,"id":"pevensey-bay-united-kingdom","name":"Pevensey Bay, United Kingdom","latlon":"50.819016,0.366681","url":"#/landing-point/pevensey-bay-united-kingdom"}],"length":"115 km","rfs":"1999 February","owners":"VTLWavenetdf,  euNetworks","url":null,"notes":null}
