{"id":"circe-north","name":"Circe North","cable_id":1137,"landing_points":[{"landing_point_id":3084,"id":"lowestoft-united-kingdom","name":"Lowestoft, United Kingdom","latlon":"52.471359,1.729180","url":"#/landing-point/lowestoft-united-kingdom"},{"landing_point_id":3141,"id":"zandvoort-netherlands","name":"Zandvoort, Netherlands","latlon":"52.370407,4.527214","url":"#/landing-point/zandvoort-netherlands"}],"length":"203 km","rfs":"1999 February","owners":"VTLWavenetdf,  euNetworks","url":null,"notes":null}
