{"id":"cobracable","name":"COBRAcable","cable_id":1904,"landing_points":[{"landing_point_id":5916,"id":"eemshaven-netherlands","name":"Eemshaven, Netherlands","latlon":"53.442806,6.816019","url":"#/landing-point/eemshaven-netherlands"},{"landing_point_id":16951,"id":"endrup-denmark","name":"Endrup, Denmark","latlon":"55.523115,8.718386","url":"#/landing-point/endrup-denmark"}],"length":"326 km","rfs":"2019 Q3","owners":"Relined","url":"http://www.cobracable.eu","notes":"The COBRAcable is a power cable that also contains a fiber-optic cable with 48 fiber pairs."}
