{"id":"columbus-iii","name":"Columbus-III","cable_id":1046,"landing_points":[{"landing_point_id":14331,"id":"carcavelos-portugal","name":"Carcavelos, Portugal","latlon":"38.690165,-9.331557","url":"#/landing-point/carcavelos-portugal"},{"landing_point_id":5944,"id":"conil-spain","name":"Conil, Spain","latlon":"36.276567,-6.087222","url":"#/landing-point/conil-spain"},{"landing_point_id":3650,"id":"hollywood-fl-united-states","name":"Hollywood, FL, United States","latlon":"26.010202,-80.160234","url":"#/landing-point/hollywood-fl-united-states"},{"landing_point_id":3215,"id":"mazara-del-vallo-italy","name":"Mazara del Vallo, Italy","latlon":"37.650126,12.591272","url":"#/landing-point/mazara-del-vallo-italy"},{"landing_point_id":5945,"id":"ponta-delgada-portugal","name":"Ponta Delgada, Portugal","latlon":"37.739213,-25.668756","url":"#/landing-point/ponta-delgada-portugal"}],"length":"9,833 km","rfs":"1999 December","owners":"Telecom Italia Sparkle,  AT&T,  Verizon,  Telxius,  Portugal Telecom,  Tata Communications,  Telkom South Africa,  Telecom Argentina,  Instituto Costarricense de Electricidad,  Embratel,  Cyta,  CANTV","url":null,"notes":null}
