{"id":"concerto","name":"Concerto","cable_id":1538,"landing_points":[{"landing_point_id":8398,"id":"sizewell-united-kingdom","name":"Sizewell, United Kingdom","latlon":"52.207126,1.620294","url":"#/landing-point/sizewell-united-kingdom"},{"landing_point_id":8399,"id":"thorpeness-united-kingdom","name":"Thorpeness, United Kingdom","latlon":"52.180844,1.613067","url":"#/landing-point/thorpeness-united-kingdom"},{"landing_point_id":3141,"id":"zandvoort-netherlands","name":"Zandvoort, Netherlands","latlon":"52.370407,4.527214","url":"#/landing-point/zandvoort-netherlands"},{"landing_point_id":3139,"id":"zeebrugge-belgium","name":"Zeebrugge, Belgium","latlon":"51.330722,3.207000","url":"#/landing-point/zeebrugge-belgium"}],"length":"550 km","rfs":"1999","owners":"Interoute","url":null,"notes":null}
