{"id":"coral-sea-cable-system-cscs","name":"Coral Sea Cable System (CSCS)","cable_id":1934,"landing_points":[{"landing_point_id":10893,"id":"auki-solomon-islands","name":"Auki, Solomon Islands","latlon":"-8.774644,160.701321","url":"#/landing-point/auki-solomon-islands"},{"landing_point_id":10892,"id":"honiara-solomon-islands","name":"Honiara, Solomon Islands","latlon":"-9.429087,159.949784","url":"#/landing-point/honiara-solomon-islands"},{"landing_point_id":10894,"id":"noro-solomon-islands","name":"Noro, Solomon Islands","latlon":"-8.242076,157.190654","url":"#/landing-point/noro-solomon-islands"},{"landing_point_id":3925,"id":"port-moresby-papua-new-guinea","name":"Port Moresby, Papua New Guinea","latlon":"-9.479600,147.188510","url":"#/landing-point/port-moresby-papua-new-guinea"},{"landing_point_id":3030,"id":"sydney-australia","name":"Sydney, Australia","latlon":"-33.869701,151.207039","url":"#/landing-point/sydney-australia"},{"landing_point_id":17241,"id":"taro-solomon-islands","name":"Taro, Solomon Islands","latlon":"-6.708996,156.395904","url":"#/landing-point/taro-solomon-islands"}],"length":"4,700 km","rfs":"2019 Q4","owners":"Solomon Island Submarine Cable Company,  PNG DataCo Limited","url":"https://www.coralseacablesystem.com.au/","notes":null}
