{"id":"crosslake-fibre","name":"Crosslake Fibre","cable_id":1925,"landing_points":[{"landing_point_id":3569,"id":"buffalo-ny-united-states","name":"Buffalo, NY, United States","latlon":"42.885438,-78.878459","url":"#/landing-point/buffalo-ny-united-states"},{"landing_point_id":3033,"id":"toronto-on-canada","name":"Toronto, ON, Canada","latlon":"43.648561,-79.385319","url":"#/landing-point/toronto-on-canada"}],"length":"59 km","rfs":"2019 May","owners":"Crosslake Fibre","url":"http://www.crosslakefibre.ca","notes":null}
