{"id":"curie","name":"Curie","cable_id":1932,"landing_points":[{"landing_point_id":3678,"id":"los-angeles-ca-united-states","name":"Los Angeles, CA, United States","latlon":"34.053399,-118.245347","url":"#/landing-point/los-angeles-ca-united-states"},{"landing_point_id":3331,"id":"valparaso-chile","name":"Valparaíso, Chile","latlon":"-33.045775,-71.620479","url":"#/landing-point/valparaso-chile"}],"length":"10,476 km","rfs":"2019","owners":"Google","url":"https://cloud.google.com","notes":null}
