{"id":"deep-blue-cable","name":"Deep Blue Cable","cable_id":1913,"landing_points":[{"landing_point_id":16979,"id":"arcahaie-haiti","name":"Arcahaie, Haiti","latlon":"18.770338,-72.513094","url":"#/landing-point/arcahaie-haiti"},{"landing_point_id":4315,"id":"barranquilla-colombia","name":"Barranquilla, Colombia","latlon":"10.940434,-74.779780","url":"#/landing-point/barranquilla-colombia"},{"landing_point_id":3563,"id":"boca-raton-fl-united-states","name":"Boca Raton, FL, United States","latlon":"26.350510,-80.088939","url":"#/landing-point/boca-raton-fl-united-states"},{"landing_point_id":8838,"id":"chaguaramas-trinidad-and-tobago","name":"Chaguaramas, Trinidad and Tobago","latlon":"10.686137,-61.650806","url":"#/landing-point/chaguaramas-trinidad-and-tobago"},{"landing_point_id":3904,"id":"georgetown-guyana","name":"Georgetown, Guyana","latlon":"6.804108,-58.154910","url":"#/landing-point/georgetown-guyana"},{"landing_point_id":10790,"id":"hudishibana-aruba","name":"Hudishibana, Aruba","latlon":"12.616678,-70.049997","url":"#/landing-point/hudishibana-aruba"},{"landing_point_id":3272,"id":"kingston-jamaica","name":"Kingston, Jamaica","latlon":"17.992604,-76.792132","url":"#/landing-point/kingston-jamaica"},{"landing_point_id":17005,"id":"kralendijk-bonaire-sint-eustatius-and-saba","name":"Kralendijk, Bonaire, Sint Eustatius and Saba","latlon":"12.144340,-68.265549","url":"#/landing-point/kralendijk-bonaire-sint-eustatius-and-saba"},{"landing_point_id":17006,"id":"manzanilla-trinidad-and-tobago","name":"Manzanilla, Trinidad and Tobago","latlon":"10.506572,-61.038148","url":"#/landing-point/manzanilla-trinidad-and-tobago"},{"landing_point_id":5928,"id":"maria-chiquita-panama","name":"Maria Chiquita, Panama","latlon":"9.437554,-79.753544","url":"#/landing-point/maria-chiquita-panama"},{"landing_point_id":7687,"id":"montego-bay-jamaica","name":"Montego Bay, Jamaica","latlon":"18.469361,-77.921380","url":"#/landing-point/montego-bay-jamaica"},{"landing_point_id":3708,"id":"naples-fl-united-states","name":"Naples, FL, United States","latlon":"26.139096,-81.795792","url":"#/landing-point/naples-fl-united-states"},{"landing_point_id":7688,"id":"ocho-rios-jamaica","name":"Ocho Rios, Jamaica","latlon":"18.398573,-77.103228","url":"#/landing-point/ocho-rios-jamaica"},{"landing_point_id":4256,"id":"paramaribo-suriname","name":"Paramaribo, Suriname","latlon":"5.824030,-55.173844","url":"#/landing-point/paramaribo-suriname"},{"landing_point_id":4258,"id":"providenciales-turks-and-caicos-islands","name":"Providenciales, Turks and Caicos Islands","latlon":"21.851073,-72.120235","url":"#/landing-point/providenciales-turks-and-caicos-islands"},{"landing_point_id":5823,"id":"puerto-plata-dominican-republic","name":"Puerto Plata, Dominican Republic","latlon":"19.799365,-70.691183","url":"#/landing-point/puerto-plata-dominican-republic"},{"landing_point_id":17007,"id":"rockly-bay-trinidad-and-tobago","name":"Rockly Bay, Trinidad and Tobago","latlon":"11.182451,-60.735341","url":"#/landing-point/rockly-bay-trinidad-and-tobago"},{"landing_point_id":4262,"id":"san-juan-pr-united-states","name":"San Juan, PR, United States","latlon":"18.466029,-66.106664","url":"#/landing-point/san-juan-pr-united-states"},{"landing_point_id":9589,"id":"tortola-virgin-islands-u-k-","name":"Tortola, Virgin Islands (U.K.)","latlon":"18.414784,-64.597241","url":"#/landing-point/tortola-virgin-islands-u-k-"},{"landing_point_id":17195,"id":"turtle-farm-cayman-islands","name":"Turtle Farm, Cayman Islands","latlon":"19.380066,-81.415366","url":"#/landing-point/turtle-farm-cayman-islands"},{"landing_point_id":4275,"id":"willemstad-netherlands-antilles","name":"Willemstad, Netherlands Antilles","latlon":"12.095585,-68.896470","url":"#/landing-point/willemstad-netherlands-antilles"}],"length":"12,000 km","rfs":"2021","owners":"Deep Blue Cable","url":"http://www.deepbluecable.com","notes":null}
