{"id":"denmark-poland-2","name":"Denmark-Poland 2","cable_id":1262,"landing_points":[{"landing_point_id":5994,"id":"gedebak-odde-denmark","name":"Gedebak Odde, Denmark","latlon":"55.012593,14.966662","url":"#/landing-point/gedebak-odde-denmark"},{"landing_point_id":5993,"id":"mielno-poland","name":"Mielno, Poland","latlon":"54.259945,16.062267","url":"#/landing-point/mielno-poland"}],"length":"110 km","rfs":"1991","owners":"Orange Polska,  TDC,  Telia Carrier,  Telenor","url":null,"notes":null}
