{"id":"dunant","name":"Dunant","cable_id":1971,"landing_points":[{"landing_point_id":9775,"id":"saint-hilaire-de-riez-france","name":"Saint-Hilaire-de-Riez, France","latlon":"46.693994,-1.968303","url":"#/landing-point/saint-hilaire-de-riez-france"},{"landing_point_id":4862,"id":"virginia-beach-va-united-states","name":"Virginia Beach, VA, United States","latlon":"36.755009,-76.059198","url":"#/landing-point/virginia-beach-va-united-states"}],"length":"6,600 km","rfs":"2020","owners":"Google","url":"https://cloud.google.com","notes":null}
