{"id":"eac-c2c","name":"EAC-C2C","cable_id":1592,"landing_points":[{"landing_point_id":5884,"id":"ajigaura-japan","name":"Ajigaura, Japan","latlon":"36.383562,140.612268","url":"#/landing-point/ajigaura-japan"},{"landing_point_id":3218,"id":"batangas-philippines","name":"Batangas, Philippines","latlon":"13.765555,121.064939","url":"#/landing-point/batangas-philippines"},{"landing_point_id":4183,"id":"busan-korea-rep-","name":"Busan, Korea, Rep.","latlon":"35.170147,128.999310","url":"#/landing-point/busan-korea-rep-"},{"landing_point_id":5931,"id":"cavite-philippines","name":"Cavite, Philippines","latlon":"14.286270,120.820115","url":"#/landing-point/cavite-philippines"},{"landing_point_id":5940,"id":"changi-north-singapore","name":"Changi North, Singapore","latlon":"1.389047,103.987017","url":"#/landing-point/changi-north-singapore"},{"landing_point_id":5937,"id":"changi-south-singapore","name":"Changi South, Singapore","latlon":"1.389047,103.987017","url":"#/landing-point/changi-south-singapore"},{"landing_point_id":5885,"id":"chikura-japan","name":"Chikura, Japan","latlon":"34.976653,139.954652","url":"#/landing-point/chikura-japan"},{"landing_point_id":5856,"id":"chung-hom-kok-hong-kong-china","name":"Chung Hom Kok, Hong Kong, China","latlon":"22.222045,114.203028","url":"#/landing-point/chung-hom-kok-hong-kong-china"},{"landing_point_id":5980,"id":"fangshan-taiwan","name":"Fangshan, Taiwan","latlon":"22.249254,120.662107","url":"#/landing-point/fangshan-taiwan"},{"landing_point_id":5983,"id":"pa-li-taiwan","name":"Pa Li, Taiwan","latlon":"25.149985,121.383200","url":"#/landing-point/pa-li-taiwan"},{"landing_point_id":6012,"id":"qingdao-china","name":"Qingdao, China","latlon":"36.087077,120.342576","url":"#/landing-point/qingdao-china"},{"landing_point_id":3246,"id":"shanghai-china","name":"Shanghai, China","latlon":"31.247504,121.472458","url":"#/landing-point/shanghai-china"},{"landing_point_id":5883,"id":"shima-japan","name":"Shima, Japan","latlon":"34.336834,136.874380","url":"#/landing-point/shima-japan"},{"landing_point_id":5977,"id":"shindu-ri-korea-rep-","name":"Shindu-Ri, Korea, Rep.","latlon":"36.576249,126.391597","url":"#/landing-point/shindu-ri-korea-rep-"},{"landing_point_id":5982,"id":"tanshui-taiwan","name":"Tanshui, Taiwan","latlon":"25.181357,121.462595","url":"#/landing-point/tanshui-taiwan"},{"landing_point_id":5857,"id":"tseung-kwan-o-hong-kong-china","name":"Tseung Kwan O, Hong Kong, China","latlon":"22.318297,114.258692","url":"#/landing-point/tseung-kwan-o-hong-kong-china"}],"length":"36,500 km","rfs":"2002 November","owners":"Telstra","url":"https://www.telstraglobal.com","notes":null}
