{"id":"eastern-africa-submarine-system-eassy","name":"Eastern Africa Submarine System (EASSy)","cable_id":1246,"landing_points":[{"landing_point_id":4182,"id":"dar-es-salaam-tanzania","name":"Dar Es Salaam, Tanzania","latlon":"-6.823229,39.269665","url":"#/landing-point/dar-es-salaam-tanzania"},{"landing_point_id":4177,"id":"djibouti-city-djibouti","name":"Djibouti City, Djibouti","latlon":"11.594682,43.147984","url":"#/landing-point/djibouti-city-djibouti"},{"landing_point_id":4252,"id":"maputo-mozambique","name":"Maputo, Mozambique","latlon":"-25.968533,32.580606","url":"#/landing-point/maputo-mozambique"},{"landing_point_id":4255,"id":"mogadishu-somalia","name":"Mogadishu, Somalia","latlon":"2.041195,45.344174","url":"#/landing-point/mogadishu-somalia"},{"landing_point_id":5896,"id":"mombasa-kenya","name":"Mombasa, Kenya","latlon":"-4.053211,39.672790","url":"#/landing-point/mombasa-kenya"},{"landing_point_id":4227,"id":"moroni-comoros","name":"Moroni, Comoros","latlon":"-11.700693,43.243394","url":"#/landing-point/moroni-comoros"},{"landing_point_id":5942,"id":"mtunzini-south-africa","name":"Mtunzini, South Africa","latlon":"-28.950636,31.757853","url":"#/landing-point/mtunzini-south-africa"},{"landing_point_id":5950,"id":"port-sudan-sudan","name":"Port Sudan, Sudan","latlon":"19.615564,37.219666","url":"#/landing-point/port-sudan-sudan"},{"landing_point_id":7398,"id":"toliara-madagascar","name":"Toliara, Madagascar","latlon":"-23.354764,43.663120","url":"#/landing-point/toliara-madagascar"}],"length":"10,500 km","rfs":"2010 July","owners":"Botswana Fibre Networks,  Telkom South Africa,  Sudan Telecom Company,  Telma (Telecom Malagasy),  Tanzania Telecommunications Company Limited,  Zambia Telecom,  Mauritius Telecom,  Vodacom DRC,  MTN,  Comores Telecom,  Neotel,  BT,  Etisalat,  Saudi Telecom,  Orange,  Airtel (Bharti),  WIOCC,  Djibouti Telecom,  Telkom Kenya","url":"http://www.eassy.org","notes":null}
