{"id":"eastern-caribbean-fiber-system-ecfs","name":"Eastern Caribbean Fiber System (ECFS)","cable_id":1290,"landing_points":[{"landing_point_id":4356,"id":"basseterre-saint-kitts-and-nevis","name":"Basseterre, Saint Kitts and Nevis","latlon":"17.298451,-62.731226","url":"#/landing-point/basseterre-saint-kitts-and-nevis"},{"landing_point_id":4202,"id":"bridgetown-barbados","name":"Bridgetown, Barbados","latlon":"13.098954,-59.613356","url":"#/landing-point/bridgetown-barbados"},{"landing_point_id":4207,"id":"castries-saint-lucia","name":"Castries, Saint Lucia","latlon":"13.994217,-61.006813","url":"#/landing-point/castries-saint-lucia"},{"landing_point_id":8838,"id":"chaguaramas-trinidad-and-tobago","name":"Chaguaramas, Trinidad and Tobago","latlon":"10.686162,-61.650806","url":"#/landing-point/chaguaramas-trinidad-and-tobago"},{"landing_point_id":4219,"id":"kingstown-saint-vincent-and-the-grenadines","name":"Kingstown, Saint Vincent and the Grenadines","latlon":"13.145438,-61.208253","url":"#/landing-point/kingstown-saint-vincent-and-the-grenadines"},{"landing_point_id":5905,"id":"le-lamentin-martinique","name":"Le Lamentin, Martinique","latlon":"14.615542,-61.094264","url":"#/landing-point/le-lamentin-martinique"},{"landing_point_id":4355,"id":"plymouth-montserrat","name":"Plymouth, Montserrat","latlon":"16.706569,-62.215699","url":"#/landing-point/plymouth-montserrat"},{"landing_point_id":4906,"id":"pointe-a-pitre-guadeloupe","name":"Pointe-a-Pitre, Guadeloupe","latlon":"16.241042,-61.533082","url":"#/landing-point/pointe-a-pitre-guadeloupe"},{"landing_point_id":17317,"id":"port-salines-grenada","name":"Port Salines, Grenada","latlon":"12.008817,-61.790577","url":"#/landing-point/port-salines-grenada"},{"landing_point_id":4260,"id":"roseau-dominica","name":"Roseau, Dominica","latlon":"15.251797,-61.370728","url":"#/landing-point/roseau-dominica"},{"landing_point_id":10728,"id":"saint-maarten-sint-maarten","name":"Saint Maarten, Sint Maarten","latlon":"18.031043,-63.073706","url":"#/landing-point/saint-maarten-sint-maarten"},{"landing_point_id":4239,"id":"st-johns-antigua-and-barbuda","name":"St. John’s, Antigua and Barbuda","latlon":"17.051479,-61.857935","url":"#/landing-point/st-johns-antigua-and-barbuda"},{"landing_point_id":4195,"id":"the-valley-anguilla","name":"The Valley, Anguilla","latlon":"18.217408,-63.057202","url":"#/landing-point/the-valley-anguilla"},{"landing_point_id":9589,"id":"tortola-virgin-islands-u-k-","name":"Tortola, Virgin Islands (U.K.)","latlon":"18.414784,-64.597241","url":"#/landing-point/tortola-virgin-islands-u-k-"}],"length":"1,730 km","rfs":"1995 September","owners":"Orange,  AT&T,  BT,  Verizon,  Sprint,  Guyana Telephone and Telegraph (GT&T),  Codetel,  C&W Networks","url":null,"notes":null}
