{"id":"eastern-light","name":"Eastern Light","cable_id":1710,"landing_points":[{"landing_point_id":7694,"id":"hanko-finland","name":"Hanko, Finland","latlon":"59.823211,22.968221","url":"#/landing-point/hanko-finland"},{"landing_point_id":3064,"id":"helsinki-finland","name":"Helsinki, Finland","latlon":"60.171075,24.932490","url":"#/landing-point/helsinki-finland"},{"landing_point_id":4552,"id":"kotka-finland","name":"Kotka, Finland","latlon":"60.501043,26.883563","url":"#/landing-point/kotka-finland"},{"landing_point_id":3063,"id":"stockholm-sweden","name":"Stockholm, Sweden","latlon":"59.332208,18.062852","url":"#/landing-point/stockholm-sweden"}],"length":"n.a.","rfs":"2019","owners":"Eastern Light","url":"https://www.easternlight.se","notes":null}
