{"id":"eclink","name":"ECLink","cable_id":1532,"landing_points":[{"landing_point_id":8838,"id":"chaguaramas-trinidad-and-tobago","name":"Chaguaramas, Trinidad and Tobago","latlon":"10.686162,-61.650806","url":"#/landing-point/chaguaramas-trinidad-and-tobago"},{"landing_point_id":4275,"id":"willemstad-netherlands-antilles","name":"Willemstad, Netherlands Antilles","latlon":"12.095316,-68.896604","url":"#/landing-point/willemstad-netherlands-antilles"}],"length":"987 km","rfs":"2007 October","owners":"C&W Networks","url":"http://www.cwnetworks.com/","notes":null}
