{"id":"ellalink","name":"EllaLink","cable_id":1725,"landing_points":[{"landing_point_id":3347,"id":"fortaleza-brazil","name":"Fortaleza, Brazil","latlon":"-3.718836,-38.542968","url":"#/landing-point/fortaleza-brazil"},{"landing_point_id":5935,"id":"funchal-portugal","name":"Funchal, Portugal","latlon":"32.646869,-16.908945","url":"#/landing-point/funchal-portugal"},{"landing_point_id":8833,"id":"kourou-french-guiana","name":"Kourou, French Guiana","latlon":"5.168293,-52.645550","url":"#/landing-point/kourou-french-guiana"},{"landing_point_id":16413,"id":"praia-grande-brazil","name":"Praia Grande, Brazil","latlon":"-24.008866,-46.412496","url":"#/landing-point/praia-grande-brazil"},{"landing_point_id":4257,"id":"praia-cape-verde","name":"Praia, Cape Verde","latlon":"14.923013,-23.521247","url":"#/landing-point/praia-cape-verde"},{"landing_point_id":9754,"id":"sines-portugal","name":"Sines, Portugal","latlon":"37.957218,-8.869594","url":"#/landing-point/sines-portugal"}],"length":"10,119 km","rfs":"2020","owners":"EulaLink","url":"http://www.ella.link/","notes":null}
