{"id":"emerald-bridge-fibres","name":"Emerald Bridge Fibres","cable_id":1684,"landing_points":[{"landing_point_id":10313,"id":"clonshaugh-ireland","name":"Clonshaugh, Ireland","latlon":"53.410055,-6.197915","url":"#/landing-point/clonshaugh-ireland"},{"landing_point_id":6035,"id":"holyhead-united-kingdom","name":"Holyhead, United Kingdom","latlon":"53.306039,-4.630387","url":"#/landing-point/holyhead-united-kingdom"}],"length":"120 km","rfs":"2012 December","owners":"Zayo Group,  ESB Telecoms","url":"http://www.emeraldbridgefibres.com","notes":null}
