{"id":"esat-1","name":"ESAT-1","cable_id":1223,"landing_points":[{"landing_point_id":5863,"id":"kilmore-quay-ireland","name":"Kilmore Quay, Ireland","latlon":"52.174582,-6.584097","url":"#/landing-point/kilmore-quay-ireland"},{"landing_point_id":5742,"id":"sennen-cove-united-kingdom","name":"Sennen Cove, United Kingdom","latlon":"50.076060,-5.698746","url":"#/landing-point/sennen-cove-united-kingdom"}],"length":"261 km","rfs":"1999 August","owners":"Esat BT","url":"http://www.esat.net","notes":null}
