{"id":"falcon","name":"FALCON","cable_id":1346,"landing_points":[{"landing_point_id":9596,"id":"al-faw-iraq","name":"Al Faw, Iraq","latlon":"29.923299,48.531770","url":"#/landing-point/al-faw-iraq"},{"landing_point_id":7679,"id":"al-ghaydah-yemen","name":"Al Ghaydah, Yemen","latlon":"16.210378,52.182355","url":"#/landing-point/al-ghaydah-yemen"},{"landing_point_id":7681,"id":"al-hudaydah-yemen","name":"Al Hudaydah, Yemen","latlon":"14.685562,43.008531","url":"#/landing-point/al-hudaydah-yemen"},{"landing_point_id":7729,"id":"al-khobar-saudi-arabia","name":"Al Khobar, Saudi Arabia","latlon":"26.286167,50.214191","url":"#/landing-point/al-khobar-saudi-arabia"},{"landing_point_id":4294,"id":"al-safat-kuwait","name":"Al Safat, Kuwait","latlon":"29.369930,47.976497","url":"#/landing-point/al-safat-kuwait"},{"landing_point_id":7646,"id":"al-seeb-oman","name":"Al Seeb, Oman","latlon":"23.684703,58.176102","url":"#/landing-point/al-seeb-oman"},{"landing_point_id":8848,"id":"bandar-abbas-iran","name":"Bandar Abbas, Iran","latlon":"27.187167,56.274345","url":"#/landing-point/bandar-abbas-iran"},{"landing_point_id":8849,"id":"chabahar-iran","name":"Chabahar, Iran","latlon":"25.298228,60.629616","url":"#/landing-point/chabahar-iran"},{"landing_point_id":3867,"id":"doha-qatar","name":"Doha, Qatar","latlon":"25.294346,51.519367","url":"#/landing-point/doha-qatar"},{"landing_point_id":3270,"id":"dubai-united-arab-emirates","name":"Dubai, United Arab Emirates","latlon":"25.269346,55.308427","url":"#/landing-point/dubai-united-arab-emirates"},{"landing_point_id":4361,"id":"jeddah-saudi-arabia","name":"Jeddah, Saudi Arabia","latlon":"21.481262,39.182751","url":"#/landing-point/jeddah-saudi-arabia"},{"landing_point_id":7645,"id":"khasab-oman","name":"Khasab, Oman","latlon":"26.181308,56.246806","url":"#/landing-point/khasab-oman"},{"landing_point_id":4188,"id":"manama-bahrain","name":"Manama, Bahrain","latlon":"26.228977,50.575812","url":"#/landing-point/manama-bahrain"},{"landing_point_id":3212,"id":"mumbai-india","name":"Mumbai, India","latlon":"19.075794,72.875899","url":"#/landing-point/mumbai-india"},{"landing_point_id":5950,"id":"port-sudan-sudan","name":"Port Sudan, Sudan","latlon":"19.615564,37.219666","url":"#/landing-point/port-sudan-sudan"},{"landing_point_id":5825,"id":"suez-egypt","name":"Suez, Egypt","latlon":"29.972285,32.530118","url":"#/landing-point/suez-egypt"}],"length":"10,300 km","rfs":"2006 September","owners":"Global Cloud Xchange","url":"http://www.globalcloudxchange.com","notes":null}
