{"id":"farice-1","name":"FARICE-1","cable_id":1240,"landing_points":[{"landing_point_id":5746,"id":"dunnet-bay-united-kingdom","name":"Dunnet Bay, United Kingdom","latlon":"58.615314,-3.346208","url":"#/landing-point/dunnet-bay-united-kingdom"},{"landing_point_id":5725,"id":"funningsfjordur-faeroe-islands","name":"Funningsfjordur, Faeroe Islands","latlon":"62.244108,-6.928140","url":"#/landing-point/funningsfjordur-faeroe-islands"},{"landing_point_id":5859,"id":"seydisfjordur-iceland","name":"Seydisfjordur, Iceland","latlon":"65.251346,-14.018029","url":"#/landing-point/seydisfjordur-iceland"}],"length":"1,205 km","rfs":"2004 January","owners":"Farice","url":"http://www.farice.is","notes":null}
