{"id":"faster","name":"FASTER","cable_id":1794,"landing_points":[{"landing_point_id":3554,"id":"bandon-or-united-states","name":"Bandon, OR, United States","latlon":"43.118556,-124.408235","url":"#/landing-point/bandon-or-united-states"},{"landing_point_id":5885,"id":"chikura-japan","name":"Chikura, Japan","latlon":"34.976653,139.954652","url":"#/landing-point/chikura-japan"},{"landing_point_id":5883,"id":"shima-japan","name":"Shima, Japan","latlon":"34.336834,136.874380","url":"#/landing-point/shima-japan"},{"landing_point_id":5982,"id":"tanshui-taiwan","name":"Tanshui, Taiwan","latlon":"25.181357,121.462595","url":"#/landing-point/tanshui-taiwan"}],"length":"11,629 km","rfs":"2016 June","owners":"Google,  KDDI,  Singtel,  China Telecom,  China Mobile,  TIME dotCom","url":null,"notes":null}
