{"id":"fibra-optica-austral","name":"Fibra Optica Austral","cable_id":1922,"landing_points":[{"landing_point_id":9427,"id":"puerto-montt-chile","name":"Puerto Montt, Chile","latlon":"-41.460371,-72.953413","url":"#/landing-point/puerto-montt-chile"},{"landing_point_id":17032,"id":"puerto-williams-chile","name":"Puerto Williams, Chile","latlon":"-54.935194,-67.605857","url":"#/landing-point/puerto-williams-chile"},{"landing_point_id":15180,"id":"punta-arenas-chile","name":"Punta Arenas, Chile","latlon":"-53.166664,-70.933334","url":"#/landing-point/punta-arenas-chile"},{"landing_point_id":17033,"id":"tortel-chile","name":"Tortel, Chile","latlon":"-47.801213,-73.536885","url":"#/landing-point/tortel-chile"}],"length":"2,800 km","rfs":"2019 Q3","owners":"Subtel","url":"http://foa.subtel.cl/","notes":null}
