{"id":"flag-europe-asia-fea","name":"FLAG Europe-Asia (FEA)","cable_id":1027,"landing_points":[{"landing_point_id":6044,"id":"alexandria-egypt","name":"Alexandria, Egypt","latlon":"31.191889,29.889787","url":"#/landing-point/alexandria-egypt"},{"landing_point_id":4363,"id":"aqaba-jordan","name":"Aqaba, Jordan","latlon":"29.531758,35.006972","url":"#/landing-point/aqaba-jordan"},{"landing_point_id":5943,"id":"estepona-spain","name":"Estepona, Spain","latlon":"36.427104,-5.145865","url":"#/landing-point/estepona-spain"},{"landing_point_id":5962,"id":"fujairah-united-arab-emirates","name":"Fujairah, United Arab Emirates","latlon":"25.121690,56.333720","url":"#/landing-point/fujairah-united-arab-emirates"},{"landing_point_id":4361,"id":"jeddah-saudi-arabia","name":"Jeddah, Saudi Arabia","latlon":"21.481262,39.182751","url":"#/landing-point/jeddah-saudi-arabia"},{"landing_point_id":5975,"id":"keoje-korea-rep-","name":"Keoje, Korea, Rep.","latlon":"34.880645,128.620795","url":"#/landing-point/keoje-korea-rep-"},{"landing_point_id":5852,"id":"lantau-island-hong-kong-china","name":"Lantau Island, Hong Kong, China","latlon":"22.271496,113.948341","url":"#/landing-point/lantau-island-hong-kong-china"},{"landing_point_id":5889,"id":"miura-japan","name":"Miura, Japan","latlon":"35.144036,139.620667","url":"#/landing-point/miura-japan"},{"landing_point_id":3212,"id":"mumbai-india","name":"Mumbai, India","latlon":"19.075794,72.875899","url":"#/landing-point/mumbai-india"},{"landing_point_id":3177,"id":"palermo-italy","name":"Palermo, Italy","latlon":"38.121500,13.358362","url":"#/landing-point/palermo-italy"},{"landing_point_id":3307,"id":"penang-malaysia","name":"Penang, Malaysia","latlon":"5.353645,100.362996","url":"#/landing-point/penang-malaysia"},{"landing_point_id":3082,"id":"porthcurno-united-kingdom","name":"Porthcurno, United Kingdom","latlon":"50.043052,-5.654507","url":"#/landing-point/porthcurno-united-kingdom"},{"landing_point_id":5956,"id":"satun-thailand","name":"Satun, Thailand","latlon":"6.613214,100.066121","url":"#/landing-point/satun-thailand"},{"landing_point_id":3246,"id":"shanghai-china","name":"Shanghai, China","latlon":"31.247504,121.472458","url":"#/landing-point/shanghai-china"},{"landing_point_id":4265,"id":"songkhla-thailand","name":"Songkhla, Thailand","latlon":"7.078449,100.596980","url":"#/landing-point/songkhla-thailand"},{"landing_point_id":5825,"id":"suez-egypt","name":"Suez, Egypt","latlon":"29.972285,32.530118","url":"#/landing-point/suez-egypt"}],"length":"28,000 km","rfs":"1997 November","owners":"Global Cloud Xchange","url":"http://www.globalcloudxchange.com","notes":null}
