{"id":"fly-lion3","name":"FLY-LION3","cable_id":1915,"landing_points":[{"landing_point_id":10123,"id":"kaweni-mayotte","name":"Kaweni, Mayotte","latlon":"-12.817099,45.165854","url":"#/landing-point/kaweni-mayotte"},{"landing_point_id":4227,"id":"moroni-comoros","name":"Moroni, Comoros","latlon":"-11.700693,43.243394","url":"#/landing-point/moroni-comoros"}],"length":"400 km","rfs":"2019 Q3","owners":"Orange,  Comoros Cables,  Société Réunionnaise du Radiotéléphone","url":null,"notes":null}
