{"id":"geo-eirgrid","name":"Geo-Eirgrid","cable_id":1685,"landing_points":[{"landing_point_id":10338,"id":"deeside-clwyd-united-kingdom","name":"Deeside Clwyd, United Kingdom","latlon":"53.201730,-3.027556","url":"#/landing-point/deeside-clwyd-united-kingdom"},{"landing_point_id":10907,"id":"lusk-ireland","name":"Lusk, Ireland","latlon":"53.526254,-6.165884","url":"#/landing-point/lusk-ireland"}],"length":"187 km","rfs":"2012 December","owners":"Eirgrid","url":"http://www.geo-uk.net","notes":null}
