{"id":"glo-2","name":"Glo-2","cable_id":1965,"landing_points":[{"landing_point_id":5922,"id":"bonny-nigeria","name":"Bonny, Nigeria","latlon":"4.429329,7.178421","url":"#/landing-point/bonny-nigeria"},{"landing_point_id":17230,"id":"kwa-ibo-nigeria","name":"Kwa Ibo, Nigeria","latlon":"4.543806,7.997427","url":"#/landing-point/kwa-ibo-nigeria"},{"landing_point_id":3280,"id":"lagos-nigeria","name":"Lagos, Nigeria","latlon":"6.438874,3.423210","url":"#/landing-point/lagos-nigeria"}],"length":"850 km","rfs":"2020 Q2","owners":"Globacom Limited","url":"http://www.gloworld.com","notes":null}
