{"id":"globenet","name":"GlobeNet","cable_id":1076,"landing_points":[{"landing_point_id":4315,"id":"barranquilla-colombia","name":"Barranquilla, Colombia","latlon":"10.940459,-74.779755","url":"#/landing-point/barranquilla-colombia"},{"landing_point_id":3563,"id":"boca-raton-fl-united-states","name":"Boca Raton, FL, United States","latlon":"26.350327,-80.088945","url":"#/landing-point/boca-raton-fl-united-states"},{"landing_point_id":3347,"id":"fortaleza-brazil","name":"Fortaleza, Brazil","latlon":"-3.718836,-38.542968","url":"#/landing-point/fortaleza-brazil"},{"landing_point_id":5968,"id":"maiquetia-venezuela","name":"Maiquetia, Venezuela","latlon":"10.599394,-66.960325","url":"#/landing-point/maiquetia-venezuela"},{"landing_point_id":3242,"id":"rio-de-janeiro-brazil","name":"Rio de Janeiro, Brazil","latlon":"-22.903397,-43.209568","url":"#/landing-point/rio-de-janeiro-brazil"},{"landing_point_id":5793,"id":"st-davids-bermuda","name":"St. David’s, Bermuda","latlon":"32.312238,-64.769506","url":"#/landing-point/st-davids-bermuda"},{"landing_point_id":3808,"id":"tuckerton-nj-united-states","name":"Tuckerton, NJ, United States","latlon":"39.603885,-74.337910","url":"#/landing-point/tuckerton-nj-united-states"}],"length":"23,500 km","rfs":"2000 October","owners":"BTG Pactual","url":"http://www.globenet.net","notes":null}
