{"id":"greenland-connect-north","name":"Greenland Connect North","cable_id":1897,"landing_points":[{"landing_point_id":16718,"id":"aasiaat-greenland","name":"Aasiaat, Greenland","latlon":"68.706971,-52.859111","url":"#/landing-point/aasiaat-greenland"},{"landing_point_id":16719,"id":"maniitsoq-greenland","name":"Maniitsoq, Greenland","latlon":"65.407681,-52.905718","url":"#/landing-point/maniitsoq-greenland"},{"landing_point_id":8488,"id":"nuuk-greenland","name":"Nuuk, Greenland","latlon":"64.181131,-51.729962","url":"#/landing-point/nuuk-greenland"},{"landing_point_id":16720,"id":"sisimiut-greenland","name":"Sisimiut, Greenland","latlon":"66.939467,-53.673381","url":"#/landing-point/sisimiut-greenland"}],"length":"680 km","rfs":"2017 December","owners":"TELE Greenland","url":"http://www.tele.gl","notes":null}
