{"id":"greenland-connect","name":"Greenland Connect","cable_id":1569,"landing_points":[{"landing_point_id":8994,"id":"landeyjar-iceland","name":"Landeyjar, Iceland","latlon":"63.642167,-20.142294","url":"#/landing-point/landeyjar-iceland"},{"landing_point_id":8542,"id":"milton-nl-canada","name":"Milton, NL, Canada","latlon":"48.207616,-53.960234","url":"#/landing-point/milton-nl-canada"},{"landing_point_id":8488,"id":"nuuk-greenland","name":"Nuuk, Greenland","latlon":"64.181131,-51.729962","url":"#/landing-point/nuuk-greenland"},{"landing_point_id":8543,"id":"qaqortoq-greenland","name":"Qaqortoq, Greenland","latlon":"60.718938,-46.035396","url":"#/landing-point/qaqortoq-greenland"}],"length":"4,780 km","rfs":"2009 March","owners":"TELE Greenland","url":"http://www.tele.gl","notes":null}
