{"id":"gtmo-pr","name":"GTMO-PR","cable_id":1918,"landing_points":[{"landing_point_id":17027,"id":"guantanamo-bay-cuba","name":"Guantanamo Bay, Cuba","latlon":"19.939612,-75.158161","url":"#/landing-point/guantanamo-bay-cuba"},{"landing_point_id":17029,"id":"punta-salina-pr-united-states","name":"Punta Salina, PR, United States","latlon":"18.472999,-66.185753","url":"#/landing-point/punta-salina-pr-united-states"}],"length":"1,400 km","rfs":"2019 Q1","owners":"U.S. Government","url":null,"notes":null}
