{"id":"guam-okinawa-kyushu-incheon-goki","name":"Guam Okinawa Kyushu Incheon (GOKI)","cable_id":1692,"landing_points":[{"landing_point_id":5895,"id":"kita-kyushu-japan","name":"Kita-kyushu, Japan","latlon":"33.839276,131.032024","url":"#/landing-point/kita-kyushu-japan"},{"landing_point_id":5886,"id":"okinawa-japan","name":"Okinawa, Japan","latlon":"26.212412,127.680561","url":"#/landing-point/okinawa-japan"},{"landing_point_id":5972,"id":"tumon-bay-guam","name":"Tumon Bay, Guam","latlon":"13.513590,144.800548","url":"#/landing-point/tumon-bay-guam"}],"length":"4,244 km","rfs":"2013 December","owners":"AT&T","url":"http://www.att.com","notes":null}
