{"id":"gulf-of-california-cable","name":"Gulf of California Cable","cable_id":1968,"landing_points":[{"landing_point_id":8888,"id":"la-paz-mexico","name":"La Paz, Mexico","latlon":"24.102574,-110.305483","url":"#/landing-point/la-paz-mexico"},{"landing_point_id":17245,"id":"topolobampo-mexico","name":"Topolobampo, Mexico","latlon":"25.600693,-109.050369","url":"#/landing-point/topolobampo-mexico"}],"length":"250 km","rfs":"2019 Q2","owners":"Megacable","url":"https://www.megacable.com.mx/","notes":null}
