{"id":"gulf-bridge-international-cable-system-gbicsmiddle-east-north-africa-mena-cable-system","name":"Gulf Bridge International Cable System (GBICS)/Middle East North Africa (MENA) Cable System","cable_id":1598,"landing_points":[{"landing_point_id":10232,"id":"al-daayen-qatar","name":"Al Daayen, Qatar","latlon":"25.538584,51.451886","url":"#/landing-point/al-daayen-qatar"},{"landing_point_id":9596,"id":"al-faw-iraq","name":"Al Faw, Iraq","latlon":"29.923299,48.531770","url":"#/landing-point/al-faw-iraq"},{"landing_point_id":10233,"id":"al-hidd-bahrain","name":"Al Hidd, Bahrain","latlon":"26.241586,50.656183","url":"#/landing-point/al-hidd-bahrain"},{"landing_point_id":7729,"id":"al-khobar-saudi-arabia","name":"Al Khobar, Saudi Arabia","latlon":"26.286167,50.214191","url":"#/landing-point/al-khobar-saudi-arabia"},{"landing_point_id":7646,"id":"al-seeb-oman","name":"Al Seeb, Oman","latlon":"23.684703,58.176102","url":"#/landing-point/al-seeb-oman"},{"landing_point_id":9683,"id":"bushehr-iran","name":"Bushehr, Iran","latlon":"28.970015,50.842707","url":"#/landing-point/bushehr-iran"},{"landing_point_id":5962,"id":"fujairah-united-arab-emirates","name":"Fujairah, United Arab Emirates","latlon":"25.121690,56.333720","url":"#/landing-point/fujairah-united-arab-emirates"},{"landing_point_id":3871,"id":"kuwait-city-kuwait","name":"Kuwait City, Kuwait","latlon":"29.374019,47.974739","url":"#/landing-point/kuwait-city-kuwait"},{"landing_point_id":3212,"id":"mumbai-india","name":"Mumbai, India","latlon":"19.075794,72.875899","url":"#/landing-point/mumbai-india"}],"length":"n.a.","rfs":"2012 February","owners":"Gulf Bridge International,  Airtel (Bharti)","url":"http://www.gbiinc.com","notes":"GBI owns the entire system, except for the India-Gulf portion which is owned by airtel. One of the fiber pairs from the branching unit near Oman to Mumbai, which is owned by MENA Cable Company. GBI owns one fiber pair on the MENA cable, which links Oman to Italy."}
