{"id":"hantru1-cable-system","name":"HANTRU1 Cable System","cable_id":1605,"landing_points":[{"landing_point_id":7879,"id":"kwajalein-republic-of-marshall-islands","name":"Kwajalein, Republic of Marshall Islands","latlon":"9.189776,167.424365","url":"#/landing-point/kwajalein-republic-of-marshall-islands"},{"landing_point_id":9060,"id":"majuro-republic-of-marshall-islands","name":"Majuro, Republic of Marshall Islands","latlon":"7.116242,171.185691","url":"#/landing-point/majuro-republic-of-marshall-islands"},{"landing_point_id":5973,"id":"piti-gu-united-states","name":"Piti, GU, United States","latlon":"13.464688,144.694688","url":"#/landing-point/piti-gu-united-states"},{"landing_point_id":9062,"id":"pohnpei-federated-states-of-micronesia","name":"Pohnpei, Federated States of Micronesia","latlon":"7.786407,159.070267","url":"#/landing-point/pohnpei-federated-states-of-micronesia"}],"length":"2,917 km","rfs":"2010 March","owners":"Hannon Armstrong,  Federated States of Micronesia Telecommunications Company,  Marshall Islands Telecommunications Authority","url":null,"notes":null}
