{"id":"havfrueaec-2","name":"Havfrue/AEC-2","cable_id":1931,"landing_points":[{"landing_point_id":5818,"id":"blaabjerg-denmark","name":"Blaabjerg, Denmark","latlon":"55.751680,8.329189","url":"#/landing-point/blaabjerg-denmark"},{"landing_point_id":3131,"id":"kristiansand-norway","name":"Kristiansand, Norway","latlon":"58.150958,7.996255","url":"#/landing-point/kristiansand-norway"},{"landing_point_id":17094,"id":"lecanvey-ireland","name":"Lecanvey, Ireland","latlon":"53.770821,-9.696498","url":"#/landing-point/lecanvey-ireland"},{"landing_point_id":3822,"id":"wall-township-nj-united-states","name":"Wall Township, NJ, United States","latlon":"40.152871,-74.062873","url":"#/landing-point/wall-township-nj-united-states"}],"length":"7,200 km","rfs":"2019 Q4","owners":"Aqua Comms,  Facebook,  Bulk Infrastructure,  Google","url":null,"notes":"Aqua Comms ((http://www.aquacomms.com) acts as the overall system administrator for the Havfrue cable, and has dubbed the portion of the cable where it has ownership (Denmark, Ireland, and U.S. segments) as AEConnect-2. Bulk Infrastructure (http://www.bulk.no) is the Norwegian landing party for Havfrue."}
