{"id":"hawaiki","name":"Hawaiki","cable_id":1733,"landing_points":[{"landing_point_id":16358,"id":"kapolei-hi-united-states","name":"Kapolei, HI, United States","latlon":"21.335424,-158.056901","url":"#/landing-point/kapolei-hi-united-states"},{"landing_point_id":16442,"id":"mangawhai-new-zealand","name":"Mangawhai, New Zealand","latlon":"-36.126145,174.574459","url":"#/landing-point/mangawhai-new-zealand"},{"landing_point_id":3730,"id":"pacific-city-or-united-states","name":"Pacific City, OR, United States","latlon":"45.201929,-123.962630","url":"#/landing-point/pacific-city-or-united-states"},{"landing_point_id":9070,"id":"pago-pago-american-samoa","name":"Pago Pago, American Samoa","latlon":"-14.276546,-170.695713","url":"#/landing-point/pago-pago-american-samoa"},{"landing_point_id":3030,"id":"sydney-australia","name":"Sydney, Australia","latlon":"-33.869872,151.206990","url":"#/landing-point/sydney-australia"}],"length":"14,000 km","rfs":"2018 July","owners":"Hawaiki Cable Company","url":"http://hawaikicable.co.nz","notes":null}
