{"id":"hics-hawaii-inter-island-cable-system","name":"HICS (Hawaii Inter-Island Cable System)","cable_id":1455,"landing_points":[{"landing_point_id":8973,"id":"kawaihae-hi-united-states","name":"Kawaihae, HI, United States","latlon":"20.039990,-155.831413","url":"#/landing-point/kawaihae-hi-united-states"},{"landing_point_id":7795,"id":"kihei-maui-hi-united-states","name":"Kihei, Maui, HI, United States","latlon":"20.782153,-156.463103","url":"#/landing-point/kihei-maui-hi-united-states"},{"landing_point_id":16118,"id":"ko-olina-hi-united-states","name":"Ko Olina, HI, United States","latlon":"21.339697,-158.119498","url":"#/landing-point/ko-olina-hi-united-states"},{"landing_point_id":16116,"id":"koko-head-hi-united-states","name":"Koko Head, HI, United States","latlon":"21.277563,-157.696012","url":"#/landing-point/koko-head-hi-united-states"},{"landing_point_id":4822,"id":"lihue-hi-united-states","name":"Lihue, HI, United States","latlon":"21.974938,-159.368570","url":"#/landing-point/lihue-hi-united-states"}],"length":"479.081 km","rfs":"1994 July","owners":"Hawaiian Telcom","url":null,"notes":null}
