{"id":"hifn-hawaii-island-fibre-network","name":"HIFN (Hawaii Island Fibre Network)","cable_id":1456,"landing_points":[{"landing_point_id":16121,"id":"kaunakakai-hi-united-states","name":"Kaunakakai, HI, United States","latlon":"21.093359,-157.023893","url":"#/landing-point/kaunakakai-hi-united-states"},{"landing_point_id":8973,"id":"kawaihae-hi-united-states","name":"Kawaihae, HI, United States","latlon":"20.039990,-155.831413","url":"#/landing-point/kawaihae-hi-united-states"},{"landing_point_id":7795,"id":"kihei-maui-hi-united-states","name":"Kihei, Maui, HI, United States","latlon":"20.782153,-156.463103","url":"#/landing-point/kihei-maui-hi-united-states"},{"landing_point_id":16116,"id":"koko-head-hi-united-states","name":"Koko Head, HI, United States","latlon":"21.277563,-157.696012","url":"#/landing-point/koko-head-hi-united-states"},{"landing_point_id":4822,"id":"lihue-hi-united-states","name":"Lihue, HI, United States","latlon":"21.974938,-159.368570","url":"#/landing-point/lihue-hi-united-states"},{"landing_point_id":5760,"id":"makaha-hi-united-states","name":"Makaha, HI, United States","latlon":"21.463439,-158.220649","url":"#/landing-point/makaha-hi-united-states"},{"landing_point_id":16122,"id":"manele-bay-hi-united-states","name":"Manele Bay, HI, United States","latlon":"20.743432,-156.896891","url":"#/landing-point/manele-bay-hi-united-states"}],"length":"529 km","rfs":"1997 June","owners":"Hawaiian Telcom,  CenturyLink","url":null,"notes":null}
