{"id":"hong-kong-americas-hka","name":"Hong Kong-Americas (HKA)","cable_id":1933,"landing_points":[{"landing_point_id":5856,"id":"chung-hom-kok-hong-kong-china","name":"Chung Hom Kok, Hong Kong, China","latlon":"22.222045,114.203028","url":"#/landing-point/chung-hom-kok-hong-kong-china"},{"landing_point_id":4966,"id":"hermosa-beach-ca-united-states","name":"Hermosa Beach, CA, United States","latlon":"33.862237,-118.399546","url":"#/landing-point/hermosa-beach-ca-united-states"},{"landing_point_id":3687,"id":"manchester-ca-united-states","name":"Manchester, CA, United States","latlon":"38.969205,-123.686946","url":"#/landing-point/manchester-ca-united-states"},{"landing_point_id":5981,"id":"toucheng-taiwan","name":"Toucheng, Taiwan","latlon":"24.863596,121.801462","url":"#/landing-point/toucheng-taiwan"}],"length":"13,780 km","rfs":"2020","owners":"Facebook,  Telstra,  Tata Communications,  China Telecom,  China Unicom,  RTI","url":null,"notes":null}
