{"id":"hong-kong-guam-hk-g","name":"Hong Kong-Guam (HK-G)","cable_id":1902,"landing_points":[{"landing_point_id":5973,"id":"piti-gu-united-states","name":"Piti, GU, United States","latlon":"13.464688,144.694688","url":"#/landing-point/piti-gu-united-states"},{"landing_point_id":5857,"id":"tseung-kwan-o-hong-kong-china","name":"Tseung Kwan O, Hong Kong, China","latlon":"22.318297,114.258692","url":"#/landing-point/tseung-kwan-o-hong-kong-china"}],"length":"3,900 km","rfs":"2020","owners":"Google,  RTI","url":"http://www.rticable.com","notes":null}
