{"id":"imewe","name":"IMEWE","cable_id":1536,"landing_points":[{"landing_point_id":6044,"id":"alexandria-egypt","name":"Alexandria, Egypt","latlon":"31.191889,29.889787","url":"#/landing-point/alexandria-egypt"},{"landing_point_id":3214,"id":"catania-italy","name":"Catania, Italy","latlon":"37.511588,15.067443","url":"#/landing-point/catania-italy"},{"landing_point_id":5962,"id":"fujairah-united-arab-emirates","name":"Fujairah, United Arab Emirates","latlon":"25.121690,56.333720","url":"#/landing-point/fujairah-united-arab-emirates"},{"landing_point_id":4361,"id":"jeddah-saudi-arabia","name":"Jeddah, Saudi Arabia","latlon":"21.481262,39.182751","url":"#/landing-point/jeddah-saudi-arabia"},{"landing_point_id":3259,"id":"karachi-pakistan","name":"Karachi, Pakistan","latlon":"24.889378,67.028539","url":"#/landing-point/karachi-pakistan"},{"landing_point_id":3210,"id":"marseille-france","name":"Marseille, France","latlon":"43.293165,5.372623","url":"#/landing-point/marseille-france"},{"landing_point_id":3212,"id":"mumbai-india","name":"Mumbai, India","latlon":"19.075794,72.875899","url":"#/landing-point/mumbai-india"},{"landing_point_id":5825,"id":"suez-egypt","name":"Suez, Egypt","latlon":"29.972285,32.530118","url":"#/landing-point/suez-egypt"},{"landing_point_id":8663,"id":"tripoli-lebanon","name":"Tripoli, Lebanon","latlon":"34.439422,35.859120","url":"#/landing-point/tripoli-lebanon"}],"length":"12,091 km","rfs":"2010 December","owners":"Telecom Italia Sparkle,  Etisalat,  Tata Communications,  Pakistan Telecommunications Company Ltd.,  Orange,  Airtel (Bharti),  Saudi Telecom,  Ogero,  Telecom Egypt","url":"http://imewecable.com","notes":null}
