{"id":"indigo-west","name":"INDIGO-West","cable_id":1744,"landing_points":[{"landing_point_id":3012,"id":"jakarta-indonesia","name":"Jakarta, Indonesia","latlon":"-6.171594,106.827861","url":"#/landing-point/jakarta-indonesia"},{"landing_point_id":3239,"id":"perth-australia","name":"Perth, Australia","latlon":"-31.953442,115.857227","url":"#/landing-point/perth-australia"},{"landing_point_id":5938,"id":"tuas-singapore","name":"Tuas, Singapore","latlon":"1.338193,103.647076","url":"#/landing-point/tuas-singapore"}],"length":"4,600 km","rfs":"2019 Q1","owners":"Superloop,  Telstra,  Singtel,  Google,  Indosat Ooredoo,  Australia’s Academic and Research Network (AARNET)","url":"http://www.subpartners.net/indigo","notes":null}
