{"id":"indigo-central","name":"INDIGO-Central","cable_id":1818,"landing_points":[{"landing_point_id":3239,"id":"perth-australia","name":"Perth, Australia","latlon":"-31.953442,115.857227","url":"#/landing-point/perth-australia"},{"landing_point_id":3030,"id":"sydney-australia","name":"Sydney, Australia","latlon":"-33.869872,151.206990","url":"#/landing-point/sydney-australia"}],"length":"4,850 km","rfs":"2019 Q1","owners":"Superloop,  Google,  Indosat Ooredoo,  Australia’s Academic and Research Network (AARNET),  Singtel Optus","url":"http://www.subpartners.net/indigo","notes":null}
