{"id":"indonesia-global-gateway-igg-system","name":"Indonesia Global Gateway (IGG) System","cable_id":1895,"landing_points":[{"landing_point_id":9595,"id":"bali-indonesia","name":"Bali, Indonesia","latlon":"-8.464415,115.596973","url":"#/landing-point/bali-indonesia"},{"landing_point_id":9716,"id":"balikpapan-indonesia","name":"Balikpapan, Indonesia","latlon":"-1.265371,116.831201","url":"#/landing-point/balikpapan-indonesia"},{"landing_point_id":5862,"id":"batam-indonesia","name":"Batam, Indonesia","latlon":"1.134726,103.962506","url":"#/landing-point/batam-indonesia"},{"landing_point_id":7311,"id":"dumai-indonesia","name":"Dumai, Indonesia","latlon":"1.665609,101.447639","url":"#/landing-point/dumai-indonesia"},{"landing_point_id":3012,"id":"jakarta-indonesia","name":"Jakarta, Indonesia","latlon":"-6.171594,106.827861","url":"#/landing-point/jakarta-indonesia"},{"landing_point_id":16717,"id":"madura-indonesia","name":"Madura, Indonesia","latlon":"-6.902282,113.283473","url":"#/landing-point/madura-indonesia"},{"landing_point_id":9720,"id":"makassar-indonesia","name":"Makassar, Indonesia","latlon":"-5.152185,119.412401","url":"#/landing-point/makassar-indonesia"},{"landing_point_id":15115,"id":"manado-indonesia","name":"Manado, Indonesia","latlon":"1.490829,124.839620","url":"#/landing-point/manado-indonesia"},{"landing_point_id":3029,"id":"singapore-singapore","name":"Singapore, Singapore","latlon":"1.293881,103.853106","url":"#/landing-point/singapore-singapore"},{"landing_point_id":16618,"id":"tarakan-indonesia","name":"Tarakan, Indonesia","latlon":"3.327352,117.578515","url":"#/landing-point/tarakan-indonesia"}],"length":"5,300 km","rfs":"2018 May","owners":"Telin,  Telkom Indonesia","url":"http://www.telin.co.id","notes":null}
