{"id":"interchange-cable-network-2-icn2","name":"Interchange Cable Network 2 (ICN2)","cable_id":1795,"landing_points":[{"landing_point_id":10892,"id":"honiara-solomon-islands","name":"Honiara, Solomon Islands","latlon":"-9.429087,159.949784","url":"#/landing-point/honiara-solomon-islands"},{"landing_point_id":16149,"id":"luganville-vanuatu","name":"Luganville, Vanuatu","latlon":"-15.506428,167.200268","url":"#/landing-point/luganville-vanuatu"},{"landing_point_id":9086,"id":"port-vila-vanuatu","name":"Port Vila, Vanuatu","latlon":"-17.730329,168.322802","url":"#/landing-point/port-vila-vanuatu"}],"length":"1,632 km","rfs":"2020","owners":"Interchange","url":"http://www.interchange.vu","notes":null}
