{"id":"iox-cable-system","name":"IOX Cable System","cable_id":1901,"landing_points":[{"landing_point_id":9248,"id":"east-london-south-africa","name":"East London, South Africa","latlon":"-32.983324,27.866668","url":"#/landing-point/east-london-south-africa"},{"landing_point_id":17114,"id":"grand-baie-rodrigues-mauritius","name":"Grand Baie (Rodrigues), Mauritius","latlon":"-19.674346,63.448218","url":"#/landing-point/grand-baie-rodrigues-mauritius"},{"landing_point_id":17111,"id":"la-cambuse-mauritius","name":"La Cambuse, Mauritius","latlon":"-20.454278,57.699320","url":"#/landing-point/la-cambuse-mauritius"},{"landing_point_id":15820,"id":"puducherry-india","name":"Puducherry, India","latlon":"11.914359,79.737200","url":"#/landing-point/puducherry-india"}],"length":"8,850 km","rfs":"2020 Q2","owners":"IOX Cable Limited","url":"http://www.iox.mu","notes":null}
