{"id":"ireland-france-cable-1-ifc-1","name":"Ireland-France Cable-1 (IFC-1)","cable_id":1889,"landing_points":[{"landing_point_id":5863,"id":"kilmore-quay-ireland","name":"Kilmore Quay, Ireland","latlon":"52.174582,-6.584097","url":"#/landing-point/kilmore-quay-ireland"},{"landing_point_id":5837,"id":"lannion-france","name":"Lannion, France","latlon":"48.730260,-3.459928","url":"#/landing-point/lannion-france"}],"length":"490 km","rfs":"2021 Q4","owners":"Ireland-France Subsea Cable Limited","url":"http://www.ifc-1.com","notes":null}
