{"id":"isles-of-scilly-cable","name":"Isles of Scilly Cable","cable_id":1826,"landing_points":[{"landing_point_id":15836,"id":"porthcressa-beach-united-kingdom","name":"Porthcressa Beach, United Kingdom","latlon":"49.919908,-6.308169","url":"#/landing-point/porthcressa-beach-united-kingdom"},{"landing_point_id":3082,"id":"porthcurno-united-kingdom","name":"Porthcurno, United Kingdom","latlon":"50.043052,-5.654507","url":"#/landing-point/porthcurno-united-kingdom"}],"length":"939 km","rfs":"2014","owners":"BT","url":null,"notes":null}
