{"id":"jakarta-bangka-bintan-batam-singapore-b3js","name":"Jakarta-Bangka-Bintan-Batam-Singapore (B3JS)","cable_id":1833,"landing_points":[{"landing_point_id":5862,"id":"batam-indonesia","name":"Batam, Indonesia","latlon":"1.134726,103.962506","url":"#/landing-point/batam-indonesia"},{"landing_point_id":16015,"id":"batu-prahu-indonesia","name":"Batu Prahu, Indonesia","latlon":"-3.079921,106.547465","url":"#/landing-point/batu-prahu-indonesia"},{"landing_point_id":3012,"id":"jakarta-indonesia","name":"Jakarta, Indonesia","latlon":"-6.171887,106.827836","url":"#/landing-point/jakarta-indonesia"},{"landing_point_id":16014,"id":"pesaren-indonesia","name":"Pesaren, Indonesia","latlon":"-1.553871,105.582720","url":"#/landing-point/pesaren-indonesia"},{"landing_point_id":3029,"id":"singapore-singapore","name":"Singapore, Singapore","latlon":"1.293661,103.853033","url":"#/landing-point/singapore-singapore"}],"length":"1,031 km","rfs":"2012 November","owners":"Moratelindo","url":"http://www.moratelindo.co.id","notes":null}
