{"id":"janna","name":"Janna","cable_id":1729,"landing_points":[{"landing_point_id":3162,"id":"cagliari-italy","name":"Cagliari, Italy","latlon":"39.215311,9.109340","url":"#/landing-point/cagliari-italy"},{"landing_point_id":7751,"id":"civitavecchia-italy","name":"Civitavecchia, Italy","latlon":"42.091127,11.796839","url":"#/landing-point/civitavecchia-italy"},{"landing_point_id":3215,"id":"mazara-del-vallo-italy","name":"Mazara del Vallo, Italy","latlon":"37.650126,12.591272","url":"#/landing-point/mazara-del-vallo-italy"},{"landing_point_id":8592,"id":"olbia-italy","name":"Olbia, Italy","latlon":"40.922512,9.486879","url":"#/landing-point/olbia-italy"}],"length":"634 km","rfs":"2005 April","owners":"Regione Sardegne,  Interoute,  Wind Italy,  Tiscali","url":null,"notes":null}
