{"id":"japan-u-s-cable-network-jus","name":"Japan-U.S. Cable Network (JUS)","cable_id":1010,"landing_points":[{"landing_point_id":5703,"id":"kitaibaraki-japan","name":"Kitaibaraki, Japan","latlon":"36.801787,140.750940","url":"#/landing-point/kitaibaraki-japan"},{"landing_point_id":5760,"id":"makaha-hi-united-states","name":"Makaha, HI, United States","latlon":"21.463439,-158.220649","url":"#/landing-point/makaha-hi-united-states"},{"landing_point_id":3687,"id":"manchester-ca-united-states","name":"Manchester, CA, United States","latlon":"38.969205,-123.686946","url":"#/landing-point/manchester-ca-united-states"},{"landing_point_id":5887,"id":"maruyama-japan","name":"Maruyama, Japan","latlon":"35.037517,139.816956","url":"#/landing-point/maruyama-japan"},{"landing_point_id":5751,"id":"morro-bay-ca-united-states","name":"Morro Bay, CA, United States","latlon":"35.366680,-120.847202","url":"#/landing-point/morro-bay-ca-united-states"},{"landing_point_id":5883,"id":"shima-japan","name":"Shima, Japan","latlon":"34.336834,136.874380","url":"#/landing-point/shima-japan"}],"length":"22,682 km","rfs":"2001 September","owners":"Verizon,  AT&T,  BT,  Sprint,  CenturyLink,  KDDI,  NTT,  Chunghwa Telecom,  Tata Communications,  Singtel,  Telekom Malaysia,  Softbank Telecom,  Orange,  SK Broadband,  KT,  China Telecom,  China Unicom,  LG Uplus,  HKBN Enterprise Solutions,  Starhub,  PCCW,  Telstra,  Vodafone,  PLDT","url":null,"notes":null}
