{"id":"japan-guam-australia-south-jga-s","name":"Japan-Guam-Australia South (JGA-S)","cable_id":1959,"landing_points":[{"landing_point_id":11593,"id":"maroochydore-australia","name":"Maroochydore, Australia","latlon":"-26.651833,153.089435","url":"#/landing-point/maroochydore-australia"},{"landing_point_id":5973,"id":"piti-gu-united-states","name":"Piti, GU, United States","latlon":"13.464664,144.694737","url":"#/landing-point/piti-gu-united-states"},{"landing_point_id":3030,"id":"sydney-australia","name":"Sydney, Australia","latlon":"-33.869701,151.207039","url":"#/landing-point/sydney-australia"}],"length":"6,200 km","rfs":"2019 Q4","owners":"Google,  Australia’s Academic and Research Network (AARNET),  RTI","url":"http://www.rticable.com","notes":null}
