{"id":"japan-guam-australia-north-jga-n","name":"Japan-Guam-Australia North (JGA-N)","cable_id":1919,"landing_points":[{"landing_point_id":16280,"id":"minamiboso-japan","name":"Minamiboso, Japan","latlon":"35.042998,139.840125","url":"#/landing-point/minamiboso-japan"},{"landing_point_id":5973,"id":"piti-gu-united-states","name":"Piti, GU, United States","latlon":"13.464664,144.694737","url":"#/landing-point/piti-gu-united-states"}],"length":"3,100 km","rfs":"2019 Q4","owners":"RTI","url":"http://www.rticable.com","notes":null}
