{"id":"jerry-newton","name":"Jerry Newton","cable_id":1774,"landing_points":[{"landing_point_id":10730,"id":"north-salina-bonaire-netherlands","name":"North Salina, Bonaire, Netherlands","latlon":"12.163773,-68.284104","url":"#/landing-point/north-salina-bonaire-netherlands"},{"landing_point_id":4275,"id":"willemstad-netherlands-antilles","name":"Willemstad, Netherlands Antilles","latlon":"12.095316,-68.896604","url":"#/landing-point/willemstad-netherlands-antilles"}],"length":"n.a.","rfs":"2007 October","owners":"C&W Networks","url":null,"notes":null}
