{"id":"jupiter","name":"JUPITER","cable_id":1928,"landing_points":[{"landing_point_id":10355,"id":"daet-philippines","name":"Daet, Philippines","latlon":"14.116617,122.949899","url":"#/landing-point/daet-philippines"},{"landing_point_id":4966,"id":"hermosa-beach-ca-united-states","name":"Hermosa Beach, CA, United States","latlon":"33.862237,-118.399546","url":"#/landing-point/hermosa-beach-ca-united-states"},{"landing_point_id":5887,"id":"maruyama-japan","name":"Maruyama, Japan","latlon":"35.037517,139.816956","url":"#/landing-point/maruyama-japan"},{"landing_point_id":5883,"id":"shima-japan","name":"Shima, Japan","latlon":"34.336834,136.874380","url":"#/landing-point/shima-japan"},{"landing_point_id":17248,"id":"t-b-d-or-united-states","name":"t.b.d., OR, United States","latlon":"44.861914,-124.067262","url":"#/landing-point/t-b-d-or-united-states"}],"length":"14,557 km","rfs":"2020","owners":"Amazon Web Services,  Facebook,  NTT,  PLDT,  PCCW,  Softbank Telecom","url":null,"notes":"Exact landing point in Oregon has yet to be disclosed."}
