{"id":"kattegat-2","name":"Kattegat 2","cable_id":1688,"landing_points":[{"landing_point_id":10320,"id":"lyngsa-denmark","name":"Lyngsa, Denmark","latlon":"57.244807,10.514613","url":"#/landing-point/lyngsa-denmark"},{"landing_point_id":10322,"id":"osterby-denmark","name":"Osterby, Denmark","latlon":"57.313459,11.199281","url":"#/landing-point/osterby-denmark"},{"landing_point_id":10323,"id":"skalvik-sweden","name":"Skalvik, Sweden","latlon":"56.683186,12.683265","url":"#/landing-point/skalvik-sweden"},{"landing_point_id":10321,"id":"vestero-denmark","name":"Vestero, Denmark","latlon":"57.272248,10.966957","url":"#/landing-point/vestero-denmark"}],"length":"75 km","rfs":"2001","owners":"TDC","url":null,"notes":null}
