{"id":"kodiak-kenai-fiber-link-kkfl","name":"Kodiak Kenai Fiber Link (KKFL)","cable_id":1530,"landing_points":[{"landing_point_id":4067,"id":"anchorage-ak-united-states","name":"Anchorage, AK, United States","latlon":"61.217461,-149.858369","url":"#/landing-point/anchorage-ak-united-states"},{"landing_point_id":8392,"id":"homer-ak-united-states","name":"Homer, AK, United States","latlon":"59.646368,-151.544306","url":"#/landing-point/homer-ak-united-states"},{"landing_point_id":8393,"id":"kenai-ak-united-states","name":"Kenai, AK, United States","latlon":"60.552910,-151.259785","url":"#/landing-point/kenai-ak-united-states"},{"landing_point_id":8394,"id":"kodiak-ak-united-states","name":"Kodiak, AK, United States","latlon":"57.794135,-152.395282","url":"#/landing-point/kodiak-ak-united-states"},{"landing_point_id":8395,"id":"narrow-cape-ak-united-states","name":"Narrow Cape, AK, United States","latlon":"57.426838,-152.329169","url":"#/landing-point/narrow-cape-ak-united-states"},{"landing_point_id":5755,"id":"seward-ak-united-states","name":"Seward, AK, United States","latlon":"60.112188,-149.443135","url":"#/landing-point/seward-ak-united-states"}],"length":"966 km","rfs":"2007 January","owners":"GCI","url":"http://www.alaskaunited.com","notes":null}
