{"id":"korea-japan-cable-network-kjcn","name":"Korea-Japan Cable Network (KJCN)","cable_id":1231,"landing_points":[{"landing_point_id":4183,"id":"busan-korea-rep-","name":"Busan, Korea, Rep.","latlon":"35.170147,128.999310","url":"#/landing-point/busan-korea-rep-"},{"landing_point_id":4059,"id":"fukuoka-japan","name":"Fukuoka, Japan","latlon":"33.590301,130.401653","url":"#/landing-point/fukuoka-japan"},{"landing_point_id":5895,"id":"kita-kyushu-japan","name":"Kita-kyushu, Japan","latlon":"33.839276,131.032024","url":"#/landing-point/kita-kyushu-japan"}],"length":"500 km","rfs":"2002 March","owners":"QTNet,  KT,  Softbank Telecom,  NTT","url":null,"notes":null}
