{"id":"kumul-domestic-submarine-cable-system","name":"Kumul Domestic Submarine Cable System","cable_id":1899,"landing_points":[{"landing_point_id":16740,"id":"alotau-papua-new-guinea","name":"Alotau, Papua New Guinea","latlon":"-10.315708,150.458773","url":"#/landing-point/alotau-papua-new-guinea"},{"landing_point_id":16737,"id":"arawa-papua-new-guinea","name":"Arawa, Papua New Guinea","latlon":"-6.225622,155.567803","url":"#/landing-point/arawa-papua-new-guinea"},{"landing_point_id":16742,"id":"daru-papua-new-guinea","name":"Daru, Papua New Guinea","latlon":"-9.078184,143.209972","url":"#/landing-point/daru-papua-new-guinea"},{"landing_point_id":16627,"id":"jayapura-indonesia","name":"Jayapura, Indonesia","latlon":"-2.591615,140.669007","url":"#/landing-point/jayapura-indonesia"},{"landing_point_id":16734,"id":"kavieng-papua-new-guinea","name":"Kavieng, Papua New Guinea","latlon":"-2.578114,150.808602","url":"#/landing-point/kavieng-papua-new-guinea"},{"landing_point_id":16741,"id":"kerema-papua-new-guinea","name":"Kerema, Papua New Guinea","latlon":"-7.963732,145.771739","url":"#/landing-point/kerema-papua-new-guinea"},{"landing_point_id":16736,"id":"kimbe-papua-new-guinea","name":"Kimbe, Papua New Guinea","latlon":"-5.551160,150.138729","url":"#/landing-point/kimbe-papua-new-guinea"},{"landing_point_id":16735,"id":"kokopo-papua-new-guinea","name":"Kokopo, Papua New Guinea","latlon":"-4.342347,152.274616","url":"#/landing-point/kokopo-papua-new-guinea"},{"landing_point_id":16738,"id":"lae-papua-new-guinea","name":"Lae, Papua New Guinea","latlon":"-6.742785,146.992954","url":"#/landing-point/lae-papua-new-guinea"},{"landing_point_id":16733,"id":"lorengau-papua-new-guinea","name":"Lorengau, Papua New Guinea","latlon":"-2.034975,147.279038","url":"#/landing-point/lorengau-papua-new-guinea"},{"landing_point_id":8558,"id":"madang-papua-new-guinea","name":"Madang, Papua New Guinea","latlon":"-5.233679,145.784751","url":"#/landing-point/madang-papua-new-guinea"},{"landing_point_id":16739,"id":"popondetta-papua-new-guinea","name":"Popondetta, Papua New Guinea","latlon":"-8.604478,148.293466","url":"#/landing-point/popondetta-papua-new-guinea"},{"landing_point_id":3925,"id":"port-moresby-papua-new-guinea","name":"Port Moresby, Papua New Guinea","latlon":"-9.479600,147.188510","url":"#/landing-point/port-moresby-papua-new-guinea"},{"landing_point_id":16731,"id":"vanimo-papua-new-guinea","name":"Vanimo, Papua New Guinea","latlon":"-2.689686,141.299841","url":"#/landing-point/vanimo-papua-new-guinea"},{"landing_point_id":16732,"id":"wewak-papua-new-guinea","name":"Wewak, Papua New Guinea","latlon":"-3.580018,143.658312","url":"#/landing-point/wewak-papua-new-guinea"}],"length":"5,457 km","rfs":"2019 February","owners":"PNG DataCo Limited","url":"https://www.pngdataco.com/project/kumul-submarine-cable/","notes":null}
