{"id":"latvia-sweden-1-lv-se-1","name":"Latvia-Sweden 1 (LV-SE 1)","cable_id":1270,"landing_points":[{"landing_point_id":5951,"id":"nynashamn-sweden","name":"Nynashamn, Sweden","latlon":"58.902923,17.946543","url":"#/landing-point/nynashamn-sweden"},{"landing_point_id":5897,"id":"ventspils-latvia","name":"Ventspils, Latvia","latlon":"57.389533,21.569979","url":"#/landing-point/ventspils-latvia"}],"length":"304 km","rfs":"1994","owners":"Telia Carrier,  Tele2,  Lattelecom,  Telecom Italia Sparkle","url":null,"notes":null}
