{"id":"lazaro-cardenas-manzanillo-santiago-submarine-cable-system-lcmsscs","name":"Lazaro Cardenas-Manzanillo Santiago Submarine Cable System (LCMSSCS)","cable_id":2032,"landing_points":[{"landing_point_id":14720,"id":"ciudad-lzaro-crdenas-mexico","name":"Ciudad Lázaro Cárdenas, Mexico","latlon":"17.956776,-102.194348","url":"#/landing-point/ciudad-lzaro-crdenas-mexico"},{"landing_point_id":3843,"id":"manzanillo-mexico","name":"Manzanillo, Mexico","latlon":"19.085816,-104.308177","url":"#/landing-point/manzanillo-mexico"}],"length":"322 km","rfs":"2007","owners":"Telmex","url":null,"notes":null}
