{"id":"lower-indian-ocean-network-lion","name":"Lower Indian Ocean Network (LION)","cable_id":1594,"landing_points":[{"landing_point_id":9399,"id":"sainte-marie-runion","name":"Sainte Marie, Réunion","latlon":"-20.897368,55.549931","url":"#/landing-point/sainte-marie-runion"},{"landing_point_id":9400,"id":"terre-rouge-mauritius","name":"Terre Rouge, Mauritius","latlon":"-20.077813,57.510086","url":"#/landing-point/terre-rouge-mauritius"},{"landing_point_id":9398,"id":"toamasina-madagascar","name":"Toamasina, Madagascar","latlon":"-18.146173,49.400325","url":"#/landing-point/toamasina-madagascar"}],"length":"1,060 km","rfs":"2009 November","owners":"Orange,  Mauritius Telecom,  Orange Madagascar","url":"http://www.orange.com/","notes":null}
