{"id":"lower-indian-ocean-network-2-lion2","name":"Lower Indian Ocean Network 2 (LION2)","cable_id":1667,"landing_points":[{"landing_point_id":10123,"id":"kaweni-mayotte","name":"Kaweni, Mayotte","latlon":"-12.817099,45.165854","url":"#/landing-point/kaweni-mayotte"},{"landing_point_id":10122,"id":"nyali-kenya","name":"Nyali, Kenya","latlon":"-4.050501,39.700036","url":"#/landing-point/nyali-kenya"}],"length":"2,700 km","rfs":"2012 April","owners":"Orange,  Mauritius Telecom,  Orange Madagascar,  Telkom Kenya,  Société Réunionnaise du Radiotéléphone,  Emtel,  STOI","url":null,"notes":null}
