{"id":"mainone","name":"MainOne","cable_id":1565,"landing_points":[{"landing_point_id":3316,"id":"abidjan-cte-divoire","name":"Abidjan, Côte d'Ivoire","latlon":"5.323518,-4.026237","url":"#/landing-point/abidjan-cte-divoire"},{"landing_point_id":4181,"id":"accra-ghana","name":"Accra, Ghana","latlon":"5.558283,-0.201092","url":"#/landing-point/accra-ghana"},{"landing_point_id":4180,"id":"dakar-senegal","name":"Dakar, Senegal","latlon":"14.686599,-17.451914","url":"#/landing-point/dakar-senegal"},{"landing_point_id":3280,"id":"lagos-nigeria","name":"Lagos, Nigeria","latlon":"6.438874,3.423210","url":"#/landing-point/lagos-nigeria"},{"landing_point_id":9058,"id":"seixal-portugal","name":"Seixal, Portugal","latlon":"38.642276,-9.107387","url":"#/landing-point/seixal-portugal"}],"length":"7,000 km","rfs":"2010 July","owners":"Main One Cable Company","url":"http://www.mainonecable.com","notes":null}
