{"id":"malbec","name":"Malbec","cable_id":1964,"landing_points":[{"landing_point_id":3330,"id":"las-toninas-argentina","name":"Las Toninas, Argentina","latlon":"-36.472532,-56.695487","url":"#/landing-point/las-toninas-argentina"},{"landing_point_id":16413,"id":"praia-grande-brazil","name":"Praia Grande, Brazil","latlon":"-24.008866,-46.412496","url":"#/landing-point/praia-grande-brazil"},{"landing_point_id":3242,"id":"rio-de-janeiro-brazil","name":"Rio de Janeiro, Brazil","latlon":"-22.903397,-43.209568","url":"#/landing-point/rio-de-janeiro-brazil"}],"length":"2,500 km","rfs":"2020 Q2","owners":"GlobeNet,  Facebook","url":"http://www.globenet.net","notes":null}
