{"id":"malta-gozo-cable","name":"Malta-Gozo Cable","cable_id":1947,"landing_points":[{"landing_point_id":17134,"id":"golden-bay-malta","name":"Golden Bay, Malta","latlon":"35.938701,14.344458","url":"#/landing-point/golden-bay-malta"},{"landing_point_id":17133,"id":"mgarr-ix-xini-malta","name":"Mgarr ix-Xini, Malta","latlon":"36.020451,14.271325","url":"#/landing-point/mgarr-ix-xini-malta"}],"length":"13 km","rfs":"2020","owners":"Government of Malta","url":"https://www.maltaenterprise.com","notes":null}
