{"id":"marea","name":"MAREA","cable_id":1890,"landing_points":[{"landing_point_id":3067,"id":"bilbao-spain","name":"Bilbao, Spain","latlon":"43.268348,-2.946159","url":"#/landing-point/bilbao-spain"},{"landing_point_id":4862,"id":"virginia-beach-va-united-states","name":"Virginia Beach, VA, United States","latlon":"36.755009,-76.059198","url":"#/landing-point/virginia-beach-va-united-states"}],"length":"6,605 km","rfs":"2018 February","owners":"Facebook,  Microsoft,  Telxius","url":null,"notes":null}
