{"id":"mariana-guam-cable","name":"Mariana-Guam Cable","cable_id":1757,"landing_points":[{"landing_point_id":13409,"id":"rota-northern-mariana-islands","name":"Rota, Northern Mariana Islands","latlon":"14.151846,145.212462","url":"#/landing-point/rota-northern-mariana-islands"},{"landing_point_id":13408,"id":"saipan-northern-mariana-islands","name":"Saipan, Northern Mariana Islands","latlon":"15.177737,145.750938","url":"#/landing-point/saipan-northern-mariana-islands"},{"landing_point_id":3251,"id":"tanguisson-point-guam","name":"Tanguisson Point, Guam","latlon":"13.549100,144.809337","url":"#/landing-point/tanguisson-point-guam"},{"landing_point_id":13410,"id":"tinian-northern-mariana-islands","name":"Tinian, Northern Mariana Islands","latlon":"15.011123,145.637461","url":"#/landing-point/tinian-northern-mariana-islands"}],"length":"n.a.","rfs":"1997","owners":"IT&E","url":null,"notes":null}
