{"id":"maya-1","name":"Maya-1","cable_id":1071,"landing_points":[{"landing_point_id":3842,"id":"cancn-mexico","name":"Cancún, Mexico","latlon":"21.095727,-86.767555","url":"#/landing-point/cancn-mexico"},{"landing_point_id":5799,"id":"half-moon-bay-cayman-islands","name":"Half Moon Bay, Cayman Islands","latlon":"19.282959,-81.166776","url":"#/landing-point/half-moon-bay-cayman-islands"},{"landing_point_id":3650,"id":"hollywood-fl-united-states","name":"Hollywood, FL, United States","latlon":"26.010202,-80.160234","url":"#/landing-point/hollywood-fl-united-states"},{"landing_point_id":5928,"id":"maria-chiquita-panama","name":"Maria Chiquita, Panama","latlon":"9.437334,-79.753544","url":"#/landing-point/maria-chiquita-panama"},{"landing_point_id":5851,"id":"puerto-cortes-honduras","name":"Puerto Cortes, Honduras","latlon":"15.844802,-87.946070","url":"#/landing-point/puerto-cortes-honduras"},{"landing_point_id":5810,"id":"puerto-limon-costa-rica","name":"Puerto Limon, Costa Rica","latlon":"9.988603,-83.037674","url":"#/landing-point/puerto-limon-costa-rica"},{"landing_point_id":5808,"id":"tolu-colombia","name":"Tolu, Colombia","latlon":"9.496294,-75.558564","url":"#/landing-point/tolu-colombia"}],"length":"4,400 km","rfs":"2000 October","owners":"Verizon,  AT&T,  Sprint,  Hondutel,  Telefonica,  Orbitel,  Telecom Italia Sparkle,  C&W Networks,  Embratel,  ETB,  Axtel,  Instituto Costarricense de Electricidad,  BICS,  Prepa Networks,  Orange,  Tricom,  RSL Telecom,  América Móvil","url":null,"notes":null}
