{"id":"meltingpot-indianoceanic-submarine-system-metiss","name":"Meltingpot Indianoceanic Submarine System (METISS)","cable_id":1892,"landing_points":[{"landing_point_id":17228,"id":"baie-du-tombeau-mauritius","name":"Baie du Tombeau, Mauritius","latlon":"-20.122124,57.495121","url":"#/landing-point/baie-du-tombeau-mauritius"},{"landing_point_id":5044,"id":"durban-south-africa","name":"Durban, South Africa","latlon":"-29.855738,31.035123","url":"#/landing-point/durban-south-africa"},{"landing_point_id":17226,"id":"fort-dauphin-madagascar","name":"Fort Dauphin, Madagascar","latlon":"-25.022537,46.985360","url":"#/landing-point/fort-dauphin-madagascar"},{"landing_point_id":17227,"id":"le-port-runion","name":"Le Port, Réunion","latlon":"-20.944390,55.303276","url":"#/landing-point/le-port-runion"}],"length":"3,500 km","rfs":"2019","owners":"Telma (Telecom Malagasy),  CEB Fibernet,  Emtel,  Canal+ Telecom,  SFR,  Zeop (incl. Reunicable)","url":null,"notes":null}
