{"id":"mid-atlantic-crossing-mac","name":"Mid-Atlantic Crossing (MAC)","cable_id":1070,"landing_points":[{"landing_point_id":4512,"id":"brookhaven-ny-united-states","name":"Brookhaven, NY, United States","latlon":"40.773147,-72.912276","url":"#/landing-point/brookhaven-ny-united-states"},{"landing_point_id":3650,"id":"hollywood-fl-united-states","name":"Hollywood, FL, United States","latlon":"26.010202,-80.160234","url":"#/landing-point/hollywood-fl-united-states"},{"landing_point_id":5750,"id":"st-croix-vi-united-states","name":"St. Croix, VI, United States","latlon":"17.771864,-64.819408","url":"#/landing-point/st-croix-vi-united-states"}],"length":"7,500 km","rfs":"2000 June","owners":"CenturyLink","url":"http://www.centurylink.com/wholesale/","notes":null}
