{"id":"middle-east-north-africa-mena-cable-systemgulf-bridge-international","name":"Middle East North Africa (MENA) Cable System/Gulf Bridge International","cable_id":1558,"landing_points":[{"landing_point_id":9485,"id":"abu-talat-egypt","name":"Abu Talat, Egypt","latlon":"31.071845,29.702482","url":"#/landing-point/abu-talat-egypt"},{"landing_point_id":7646,"id":"al-seeb-oman","name":"Al Seeb, Oman","latlon":"23.684703,58.176102","url":"#/landing-point/al-seeb-oman"},{"landing_point_id":4177,"id":"djibouti-city-djibouti","name":"Djibouti City, Djibouti","latlon":"11.594682,43.147984","url":"#/landing-point/djibouti-city-djibouti"},{"landing_point_id":4361,"id":"jeddah-saudi-arabia","name":"Jeddah, Saudi Arabia","latlon":"21.481262,39.182751","url":"#/landing-point/jeddah-saudi-arabia"},{"landing_point_id":3215,"id":"mazara-del-vallo-italy","name":"Mazara del Vallo, Italy","latlon":"37.650126,12.591272","url":"#/landing-point/mazara-del-vallo-italy"},{"landing_point_id":9486,"id":"zafarana-egypt","name":"Zafarana, Egypt","latlon":"29.116683,32.649844","url":"#/landing-point/zafarana-egypt"}],"length":"8,000 km","rfs":"2014 December","owners":"Telecom Egypt,  Gulf Bridge International","url":"http://www.mena-scs.com","notes":"Telecom Egypt owns five fiber pairs on the cable. Gulf Bridge International owns one fiber pair across the MENA cable that connects to the company’s Gulf ring system. TE owns one fiber pair on the Gulf Bridge cable from Oman to India."}
