{"id":"natitua","name":"NATITUA","cable_id":1916,"landing_points":[{"landing_point_id":17070,"id":"arutua-french-polynesia","name":"Arutua, French Polynesia","latlon":"-15.289900,-146.786154","url":"#/landing-point/arutua-french-polynesia"},{"landing_point_id":17072,"id":"fakarava-french-polynesia","name":"Fakarava, French Polynesia","latlon":"-16.310310,-145.624564","url":"#/landing-point/fakarava-french-polynesia"},{"landing_point_id":17095,"id":"hao-french-polynesia","name":"Hao, French Polynesia","latlon":"-18.215753,-140.908090","url":"#/landing-point/hao-french-polynesia"},{"landing_point_id":17075,"id":"hitiaa-french-polynesia","name":"Hitia'a, French Polynesia","latlon":"-17.723322,-149.308119","url":"#/landing-point/hitiaa-french-polynesia"},{"landing_point_id":17077,"id":"hiva-oa-french-polynesia","name":"Hiva Oa, French Polynesia","latlon":"-9.754673,-139.021125","url":"#/landing-point/hiva-oa-french-polynesia"},{"landing_point_id":17071,"id":"kaukura-french-polynesia","name":"Kaukura, French Polynesia","latlon":"-15.741389,-146.673843","url":"#/landing-point/kaukura-french-polynesia"},{"landing_point_id":17073,"id":"makemo-french-polynesia","name":"Makemo, French Polynesia","latlon":"-16.539558,-143.867192","url":"#/landing-point/makemo-french-polynesia"},{"landing_point_id":17068,"id":"manihi-french-polynesia","name":"Manihi, French Polynesia","latlon":"-14.402889,-145.958145","url":"#/landing-point/manihi-french-polynesia"},{"landing_point_id":17076,"id":"nuku-hiva-french-polynesia","name":"Nuku Hiva, French Polynesia","latlon":"-8.860484,-140.142096","url":"#/landing-point/nuku-hiva-french-polynesia"},{"landing_point_id":17069,"id":"rangiroa-french-polynesia","name":"Rangiroa, French Polynesia","latlon":"-15.116219,-147.651309","url":"#/landing-point/rangiroa-french-polynesia"},{"landing_point_id":17067,"id":"takaroa-french-polynesia","name":"Takaroa, French Polynesia","latlon":"-14.449764,-144.972208","url":"#/landing-point/takaroa-french-polynesia"}],"length":"2,400 km","rfs":"2018 December","owners":"OPT French Polynesia","url":"https://www.natitua.pf/","notes":null}
