{"id":"national-digital-transmission-network-ndtn","name":"National Digital Transmission Network (NDTN)","cable_id":1482,"landing_points":[{"landing_point_id":7843,"id":"cagayan-philippines","name":"Cagayan, Philippines","latlon":"18.545594,121.634323","url":"#/landing-point/cagayan-philippines"},{"landing_point_id":7844,"id":"cuyapo-philippines","name":"Cuyapo, Philippines","latlon":"15.781777,120.666477","url":"#/landing-point/cuyapo-philippines"},{"landing_point_id":7842,"id":"dumaguete-philippines","name":"Dumaguete, Philippines","latlon":"9.295562,123.281491","url":"#/landing-point/dumaguete-philippines"},{"landing_point_id":7839,"id":"lucena-philippines","name":"Lucena, Philippines","latlon":"13.935269,121.612302","url":"#/landing-point/lucena-philippines"},{"landing_point_id":7840,"id":"roxas-philippines","name":"Roxas, Philippines","latlon":"11.583329,122.749997","url":"#/landing-point/roxas-philippines"},{"landing_point_id":7841,"id":"san-jose-philippines","name":"San Jose, Philippines","latlon":"12.362577,121.050120","url":"#/landing-point/san-jose-philippines"}],"length":"1,400 km","rfs":"1999 March","owners":"Telecoms Infrastructure Corporation of the Philippines (TelicPhil)","url":null,"notes":null}
