{"id":"new-cross-pacific-ncp-cable-system","name":"New Cross Pacific (NCP) Cable System","cable_id":1786,"landing_points":[{"landing_point_id":4183,"id":"busan-korea-rep-","name":"Busan, Korea, Rep.","latlon":"35.170147,128.999310","url":"#/landing-point/busan-korea-rep-"},{"landing_point_id":5802,"id":"chongming-china","name":"Chongming, China","latlon":"31.619880,121.395212","url":"#/landing-point/chongming-china"},{"landing_point_id":16316,"id":"lingang-china","name":"Lingang, China","latlon":"30.935664,121.896091","url":"#/landing-point/lingang-china"},{"landing_point_id":5887,"id":"maruyama-japan","name":"Maruyama, Japan","latlon":"35.037517,139.816956","url":"#/landing-point/maruyama-japan"},{"landing_point_id":5804,"id":"nanhui-china","name":"Nanhui, China","latlon":"30.306306,121.191404","url":"#/landing-point/nanhui-china"},{"landing_point_id":3730,"id":"pacific-city-or-united-states","name":"Pacific City, OR, United States","latlon":"45.201929,-123.962630","url":"#/landing-point/pacific-city-or-united-states"},{"landing_point_id":5981,"id":"toucheng-taiwan","name":"Toucheng, Taiwan","latlon":"24.863596,121.801462","url":"#/landing-point/toucheng-taiwan"}],"length":"13,618 km","rfs":"2018 May","owners":"China Telecom,  China Unicom,  Chunghwa Telecom,  KT,  China Mobile,  Microsoft,  Softbank Telecom","url":null,"notes":null}
