{"id":"north-sea-connect-nsc","name":"North Sea Connect (NSC)","cable_id":1912,"landing_points":[{"landing_point_id":3250,"id":"esbjerg-denmark","name":"Esbjerg, Denmark","latlon":"55.465218,8.456899","url":"#/landing-point/esbjerg-denmark"},{"landing_point_id":4495,"id":"newcastle-united-kingdom","name":"Newcastle, United Kingdom","latlon":"54.978255,-1.617778","url":"#/landing-point/newcastle-united-kingdom"}],"length":"700 km","rfs":"2019 November","owners":"Aqua Comms","url":"http://www.aquacomms.com","notes":null}
