{"id":"nynj-1","name":"NYNJ-1","cable_id":1961,"landing_points":[{"landing_point_id":3822,"id":"wall-township-nj-united-states","name":"Wall Township, NJ, United States","latlon":"40.152871,-74.062873","url":"#/landing-point/wall-township-nj-united-states"},{"landing_point_id":7194,"id":"westbury-ny-united-states","name":"Westbury, NY, United States","latlon":"40.757107,-73.586824","url":"#/landing-point/westbury-ny-united-states"}],"length":"n.a.","rfs":"2019 Q1","owners":"Cleareon Fiber Networks","url":"http://www.cleareon.com","notes":null}
