{"id":"oran-valencia-orval","name":"Oran-Valencia (ORVAL)","cable_id":1664,"landing_points":[{"landing_point_id":4176,"id":"algiers-algeria","name":"Algiers, Algeria","latlon":"36.765336,3.031804","url":"#/landing-point/algiers-algeria"},{"landing_point_id":8359,"id":"oran-algeria","name":"Oran, Algeria","latlon":"35.701641,-0.641961","url":"#/landing-point/oran-algeria"},{"landing_point_id":3066,"id":"valencia-spain","name":"Valencia, Spain","latlon":"39.468314,-0.376971","url":"#/landing-point/valencia-spain"}],"length":"1,160 km","rfs":"2020 April","owners":"Algerie Telecom","url":"https://www.algerietelecom.dz/","notes":null}
