{"id":"pacific-light-cable-network-plcn","name":"Pacific Light Cable Network (PLCN)","cable_id":1858,"landing_points":[{"landing_point_id":16965,"id":"aurora-philippines","name":"Aurora, Philippines","latlon":"16.077370,121.769260","url":"#/landing-point/aurora-philippines"},{"landing_point_id":5853,"id":"deep-water-bay-hong-kong-china","name":"Deep Water Bay, Hong Kong, China","latlon":"22.249437,114.183985","url":"#/landing-point/deep-water-bay-hong-kong-china"},{"landing_point_id":4096,"id":"el-segundo-ca-united-states","name":"El Segundo, CA, United States","latlon":"33.919915,-118.415953","url":"#/landing-point/el-segundo-ca-united-states"},{"landing_point_id":9389,"id":"san-fernando-city-philippines","name":"San Fernando City, Philippines","latlon":"16.618898,120.311277","url":"#/landing-point/san-fernando-city-philippines"},{"landing_point_id":5981,"id":"toucheng-taiwan","name":"Toucheng, Taiwan","latlon":"24.863596,121.801462","url":"#/landing-point/toucheng-taiwan"}],"length":"12,971 km","rfs":"2019 Q3","owners":"Pacific Light Data Communication Co. Ltd.,  Google,  Facebook","url":"http://pldcglobal.com/","notes":null}
