{"id":"pacific-crossing-1-pc-1","name":"Pacific Crossing-1 (PC-1)","cable_id":1007,"landing_points":[{"landing_point_id":5884,"id":"ajigaura-japan","name":"Ajigaura, Japan","latlon":"36.383562,140.612268","url":"#/landing-point/ajigaura-japan"},{"landing_point_id":5748,"id":"grover-beach-ca-united-states","name":"Grover Beach, CA, United States","latlon":"35.120635,-120.621420","url":"#/landing-point/grover-beach-ca-united-states"},{"landing_point_id":3641,"id":"harbour-pointe-wa-united-states","name":"Harbour Pointe, WA, United States","latlon":"47.886217,-122.302181","url":"#/landing-point/harbour-pointe-wa-united-states"},{"landing_point_id":5883,"id":"shima-japan","name":"Shima, Japan","latlon":"34.336834,136.874380","url":"#/landing-point/shima-japan"}],"length":"21,000 km","rfs":"1999 December","owners":"NTT","url":"http://www.pc1.com","notes":null}
