{"id":"pan-european-crossing-uk-belgium","name":"Pan European Crossing (UK-Belgium)","cable_id":1539,"landing_points":[{"landing_point_id":8396,"id":"bredene-belgium","name":"Bredene, Belgium","latlon":"51.246384,2.961882","url":"#/landing-point/bredene-belgium"},{"landing_point_id":8397,"id":"dumpton-gap-united-kingdom","name":"Dumpton Gap, United Kingdom","latlon":"51.358579,1.439337","url":"#/landing-point/dumpton-gap-united-kingdom"}],"length":"117 km","rfs":"1999","owners":"CenturyLink","url":null,"notes":null}
