{"id":"pan-american-crossing-pac","name":"Pan-American Crossing (PAC)","cable_id":1072,"landing_points":[{"landing_point_id":5925,"id":"fort-amador-panama","name":"Fort Amador, Panama","latlon":"8.934112,-79.546733","url":"#/landing-point/fort-amador-panama"},{"landing_point_id":5748,"id":"grover-beach-ca-united-states","name":"Grover Beach, CA, United States","latlon":"35.120635,-120.621420","url":"#/landing-point/grover-beach-ca-united-states"},{"landing_point_id":3470,"id":"mazatln-mexico","name":"Mazatlán, Mexico","latlon":"23.199535,-106.421867","url":"#/landing-point/mazatln-mexico"},{"landing_point_id":3484,"id":"tijuana-mexico","name":"Tijuana, Mexico","latlon":"32.530853,-117.038219","url":"#/landing-point/tijuana-mexico"},{"landing_point_id":7981,"id":"unqui-costa-rica","name":"Unqui, Costa Rica","latlon":"9.525860,-84.454275","url":"#/landing-point/unqui-costa-rica"}],"length":"10,000 km","rfs":"2000 March","owners":"CenturyLink","url":"http://www.centurylink.com/wholesale/","notes":null}
