{"id":"pan-american-pan-am","name":"Pan American (PAN-AM)","cable_id":1073,"landing_points":[{"landing_point_id":5800,"id":"arica-chile","name":"Arica, Chile","latlon":"-18.473810,-70.306711","url":"#/landing-point/arica-chile"},{"landing_point_id":5776,"id":"baby-beach-aruba","name":"Baby Beach, Aruba","latlon":"12.414139,-69.878683","url":"#/landing-point/baby-beach-aruba"},{"landing_point_id":4315,"id":"barranquilla-colombia","name":"Barranquilla, Colombia","latlon":"10.940459,-74.779755","url":"#/landing-point/barranquilla-colombia"},{"landing_point_id":6093,"id":"colon-panama","name":"Colon, Panama","latlon":"9.353716,-79.900029","url":"#/landing-point/colon-panama"},{"landing_point_id":5930,"id":"lurin-peru","name":"Lurin, Peru","latlon":"-12.278525,-76.874286","url":"#/landing-point/lurin-peru"},{"landing_point_id":3334,"id":"panama-city-panama","name":"Panama City, Panama","latlon":"8.964605,-79.536699","url":"#/landing-point/panama-city-panama"},{"landing_point_id":5824,"id":"punta-carnero-ecuador","name":"Punta Carnero, Ecuador","latlon":"-2.272914,-80.914433","url":"#/landing-point/punta-carnero-ecuador"},{"landing_point_id":5965,"id":"punto-fijo-venezuela","name":"Punto Fijo, Venezuela","latlon":"11.708598,-70.204367","url":"#/landing-point/punto-fijo-venezuela"},{"landing_point_id":5750,"id":"st-croix-vi-united-states","name":"St. Croix, VI, United States","latlon":"17.771864,-64.819408","url":"#/landing-point/st-croix-vi-united-states"},{"landing_point_id":4359,"id":"st-thomas-virgin-islands-u-s-","name":"St. Thomas, Virgin Islands (U.S.)","latlon":"18.324513,-64.904418","url":"#/landing-point/st-thomas-virgin-islands-u-s-"}],"length":"7,225 km","rfs":"1999 February","owners":"AT&T,  Telefonica del Peru,  Softbank Telecom,  Telecom Italia Sparkle,  Sprint,  CANTV,  Tata Communications,  Telefónica de Argentina,  Telstra,  Verizon,  Entel Chile,  Telecom Argentina,  Telconet,  Instituto Costarricense de Electricidad,  C&W Networks,  Embratel,  CNT","url":null,"notes":null}
