{"id":"pan-european-crossing-uk-ireland","name":"Pan European Crossing (UK-Ireland)","cable_id":1547,"landing_points":[{"landing_point_id":8407,"id":"ballinesker-ireland","name":"Ballinesker, Ireland","latlon":"52.401462,-6.364859","url":"#/landing-point/ballinesker-ireland"},{"landing_point_id":8406,"id":"ballygrangans-ireland","name":"Ballygrangans, Ireland","latlon":"52.184079,-6.558804","url":"#/landing-point/ballygrangans-ireland"},{"landing_point_id":4554,"id":"bude-united-kingdom","name":"Bude, United Kingdom","latlon":"50.828110,-4.544401","url":"#/landing-point/bude-united-kingdom"},{"landing_point_id":3081,"id":"whitesands-bay-united-kingdom","name":"Whitesands Bay, United Kingdom","latlon":"50.078514,-5.698453","url":"#/landing-point/whitesands-bay-united-kingdom"}],"length":"495 km","rfs":"2000 September","owners":"CenturyLink","url":null,"notes":null}
