{"id":"paniolo-cable-network","name":"Paniolo Cable Network","cable_id":1948,"landing_points":[{"landing_point_id":17139,"id":"hawaii-kai-hi-united-states","name":"Hawaii Kai, HI, United States","latlon":"21.271997,-157.668900","url":"#/landing-point/hawaii-kai-hi-united-states"},{"landing_point_id":16121,"id":"kaunakakai-hi-united-states","name":"Kaunakakai, HI, United States","latlon":"21.093335,-157.023889","url":"#/landing-point/kaunakakai-hi-united-states"},{"landing_point_id":8973,"id":"kawaihae-hi-united-states","name":"Kawaihae, HI, United States","latlon":"20.040295,-155.831236","url":"#/landing-point/kawaihae-hi-united-states"},{"landing_point_id":17138,"id":"kekaha-hi-united-states","name":"Kekaha, HI, United States","latlon":"21.970299,-159.724200","url":"#/landing-point/kekaha-hi-united-states"},{"landing_point_id":17136,"id":"lahaina-hi-united-states","name":"Lahaina, HI, United States","latlon":"20.900903,-156.684500","url":"#/landing-point/lahaina-hi-united-states"},{"landing_point_id":5760,"id":"makaha-hi-united-states","name":"Makaha, HI, United States","latlon":"21.463439,-158.220649","url":"#/landing-point/makaha-hi-united-states"},{"landing_point_id":17135,"id":"makena-hi-united-states","name":"Makena, HI, United States","latlon":"20.663598,-156.439999","url":"#/landing-point/makena-hi-united-states"}],"length":"576 km","rfs":"2009","owners":"n.a.","url":null,"notes":null}
