{"id":"peace-cable","name":"PEACE Cable","cable_id":1923,"landing_points":[{"landing_point_id":9485,"id":"abu-talat-egypt","name":"Abu Talat, Egypt","latlon":"31.071845,29.702482","url":"#/landing-point/abu-talat-egypt"},{"landing_point_id":16373,"id":"bosaso-somalia","name":"Bosaso, Somalia","latlon":"11.275566,49.187922","url":"#/landing-point/bosaso-somalia"},{"landing_point_id":4177,"id":"djibouti-city-djibouti","name":"Djibouti City, Djibouti","latlon":"11.594682,43.147984","url":"#/landing-point/djibouti-city-djibouti"},{"landing_point_id":16371,"id":"gwadar-pakistan","name":"Gwadar, Pakistan","latlon":"25.132261,62.324977","url":"#/landing-point/gwadar-pakistan"},{"landing_point_id":17305,"id":"hobyo-somalia","name":"Hobyo, Somalia","latlon":"5.350154,48.522029","url":"#/landing-point/hobyo-somalia"},{"landing_point_id":3259,"id":"karachi-pakistan","name":"Karachi, Pakistan","latlon":"24.889683,67.028539","url":"#/landing-point/karachi-pakistan"},{"landing_point_id":17304,"id":"kismayo-somalia","name":"Kismayo, Somalia","latlon":"-0.362710,42.545152","url":"#/landing-point/kismayo-somalia"},{"landing_point_id":3210,"id":"marseille-france","name":"Marseille, France","latlon":"43.293580,5.372489","url":"#/landing-point/marseille-france"},{"landing_point_id":4255,"id":"mogadishu-somalia","name":"Mogadishu, Somalia","latlon":"2.041171,45.344150","url":"#/landing-point/mogadishu-somalia"},{"landing_point_id":5896,"id":"mombasa-kenya","name":"Mombasa, Kenya","latlon":"-4.053016,39.672839","url":"#/landing-point/mombasa-kenya"},{"landing_point_id":4362,"id":"victoria-seychelles","name":"Victoria, Seychelles","latlon":"-4.617615,55.445048","url":"#/landing-point/victoria-seychelles"},{"landing_point_id":9486,"id":"zafarana-egypt","name":"Zafarana, Egypt","latlon":"29.116658,32.649893","url":"#/landing-point/zafarana-egypt"}],"length":"13,000 km","rfs":"2020 Q1","owners":"Peace Cable Network Co. Ltd.","url":"http://www.peacecable.net","notes":null}
