{"id":"pishgaman-oman-iran-poi-network","name":"Pishgaman Oman Iran (POI) Network","cable_id":1689,"landing_points":[{"landing_point_id":8947,"id":"barka-oman","name":"Barka, Oman","latlon":"23.679429,58.004324","url":"#/landing-point/barka-oman"},{"landing_point_id":8849,"id":"chabahar-iran","name":"Chabahar, Iran","latlon":"25.298228,60.629616","url":"#/landing-point/chabahar-iran"},{"landing_point_id":6031,"id":"jask-iran","name":"Jask, Iran","latlon":"25.681235,57.797391","url":"#/landing-point/jask-iran"}],"length":"400 km","rfs":"2012 June","owners":"Pishgaman Kavir","url":"http://www.pishgaman.com","notes":null}
