{"id":"pldt-domestic-fiber-optic-network-dfon","name":"PLDT Domestic Fiber Optic Network (DFON)","cable_id":1839,"landing_points":[{"landing_point_id":16053,"id":"butuan-city-philippines","name":"Butuan City, Philippines","latlon":"8.947613,125.540620","url":"#/landing-point/butuan-city-philippines"},{"landing_point_id":16050,"id":"cadiz-city-philippines","name":"Cadiz City, Philippines","latlon":"10.950029,123.299996","url":"#/landing-point/cadiz-city-philippines"},{"landing_point_id":10658,"id":"cagayan-de-oro-philippines","name":"Cagayan de Oro, Philippines","latlon":"8.454229,124.631929","url":"#/landing-point/cagayan-de-oro-philippines"},{"landing_point_id":9384,"id":"calbayog-philippines","name":"Calbayog, Philippines","latlon":"12.069901,124.600289","url":"#/landing-point/calbayog-philippines"},{"landing_point_id":3901,"id":"cebu-philippines","name":"Cebu, Philippines","latlon":"10.310039,123.894625","url":"#/landing-point/cebu-philippines"},{"landing_point_id":7842,"id":"dumaguete-philippines","name":"Dumaguete, Philippines","latlon":"9.295611,123.281442","url":"#/landing-point/dumaguete-philippines"},{"landing_point_id":16048,"id":"legazpi-city-philippines","name":"Legazpi City, Philippines","latlon":"13.139090,123.743746","url":"#/landing-point/legazpi-city-philippines"},{"landing_point_id":16047,"id":"masbate-city-philippines","name":"Masbate City, Philippines","latlon":"12.366727,123.616696","url":"#/landing-point/masbate-city-philippines"},{"landing_point_id":9603,"id":"nasugbu-philippines","name":"Nasugbu, Philippines","latlon":"14.088186,120.623020","url":"#/landing-point/nasugbu-philippines"},{"landing_point_id":9387,"id":"ormoc-philippines","name":"Ormoc, Philippines","latlon":"11.006889,124.612789","url":"#/landing-point/ormoc-philippines"},{"landing_point_id":16052,"id":"ozamiz-city-philippines","name":"Ozamiz City, Philippines","latlon":"8.150030,123.849996","url":"#/landing-point/ozamiz-city-philippines"},{"landing_point_id":16046,"id":"pinamalayan-philippines","name":"Pinamalayan, Philippines","latlon":"13.045780,121.464548","url":"#/landing-point/pinamalayan-philippines"},{"landing_point_id":7840,"id":"roxas-philippines","name":"Roxas, Philippines","latlon":"11.583305,122.749997","url":"#/landing-point/roxas-philippines"}],"length":"11,100 km","rfs":"1997","owners":"PLDT","url":"http://www.pldt.com.ph","notes":null}
