{"id":"png-lng","name":"PNG LNG","cable_id":1898,"landing_points":[{"landing_point_id":16730,"id":"kikori-papua-new-guinea","name":"Kikori, Papua New Guinea","latlon":"-7.413512,144.240196","url":"#/landing-point/kikori-papua-new-guinea"},{"landing_point_id":3925,"id":"port-moresby-papua-new-guinea","name":"Port Moresby, Papua New Guinea","latlon":"-9.479600,147.188510","url":"#/landing-point/port-moresby-papua-new-guinea"}],"length":"20 km","rfs":"2014","owners":"Telikom Papua New Guinea","url":null,"notes":null}
