{"id":"poseidon","name":"POSEIDON","cable_id":1740,"landing_points":[{"landing_point_id":5812,"id":"pentaskhinos-cyprus","name":"Pentaskhinos, Cyprus","latlon":"34.828484,33.603555","url":"#/landing-point/pentaskhinos-cyprus"},{"landing_point_id":5811,"id":"yeroskipos-cyprus","name":"Yeroskipos, Cyprus","latlon":"34.766411,32.466544","url":"#/landing-point/yeroskipos-cyprus"}],"length":"800 km","rfs":"2014 April","owners":"Radius Oceanic Communications","url":"http://www.radiusocean.com","notes":null}
