{"id":"prat","name":"Prat","cable_id":1997,"landing_points":[{"landing_point_id":10710,"id":"antofagasta-chile","name":"Antofagasta, Chile","latlon":"-23.650004,-70.399997","url":"#/landing-point/antofagasta-chile"},{"landing_point_id":5800,"id":"arica-chile","name":"Arica, Chile","latlon":"-18.473370,-70.306747","url":"#/landing-point/arica-chile"},{"landing_point_id":10709,"id":"iquique-chile","name":"Iquique, Chile","latlon":"-20.216704,-70.142221","url":"#/landing-point/iquique-chile"},{"landing_point_id":10712,"id":"la-serena-chile","name":"La Serena, Chile","latlon":"-29.906299,-71.250204","url":"#/landing-point/la-serena-chile"},{"landing_point_id":9427,"id":"puerto-montt-chile","name":"Puerto Montt, Chile","latlon":"-41.460371,-72.953413","url":"#/landing-point/puerto-montt-chile"},{"landing_point_id":17300,"id":"talcahuano-chile","name":"Talcahuano, Chile","latlon":"-36.724778,-73.116988","url":"#/landing-point/talcahuano-chile"},{"landing_point_id":3331,"id":"valparaso-chile","name":"Valparaíso, Chile","latlon":"-33.045531,-71.620309","url":"#/landing-point/valparaso-chile"}],"length":"3,500 km","rfs":"2020 March","owners":"Gtd Teleductos S.A.","url":" http://www.gtdteleductos.com","notes":null}
