{"id":"quintillion-subsea-cable-network","name":"Quintillion Subsea Cable Network","cable_id":1862,"landing_points":[{"landing_point_id":16438,"id":"kotzebue-ak-united-states","name":"Kotzebue, AK, United States","latlon":"66.898342,-162.596669","url":"#/landing-point/kotzebue-ak-united-states"},{"landing_point_id":16437,"id":"nome-ak-united-states","name":"Nome, AK, United States","latlon":"64.501114,-165.406409","url":"#/landing-point/nome-ak-united-states"},{"landing_point_id":16440,"id":"point-hope-ak-united-states","name":"Point Hope, AK, United States","latlon":"68.347768,-166.808068","url":"#/landing-point/point-hope-ak-united-states"},{"landing_point_id":13390,"id":"prudhoe-bay-ak-united-states","name":"Prudhoe Bay, AK, United States","latlon":"70.255640,-148.338448","url":"#/landing-point/prudhoe-bay-ak-united-states"},{"landing_point_id":16441,"id":"utqiavik-ak-united-states","name":"Utqiaġvik, AK, United States","latlon":"71.290552,-156.788640","url":"#/landing-point/utqiavik-ak-united-states"},{"landing_point_id":16439,"id":"wainwright-ak-united-states","name":"Wainwright, AK, United States","latlon":"70.636951,-160.038345","url":"#/landing-point/wainwright-ak-united-states"}],"length":"1,900 km","rfs":"2017 December","owners":"Quintillion","url":"http://www.Qexpressnet.com","notes":null}
