{"id":"saba-statia-cable-system-sscs","name":"Saba, Statia Cable System (SSCS)","cable_id":1807,"landing_points":[{"landing_point_id":4356,"id":"basseterre-saint-kitts-and-nevis","name":"Basseterre, Saint Kitts and Nevis","latlon":"17.298634,-62.731214","url":"#/landing-point/basseterre-saint-kitts-and-nevis"},{"landing_point_id":17405,"id":"gallows-bay-bonaire-sint-eustatius-and-saba","name":"Gallows Bay, Bonaire, Sint Eustatius and Saba","latlon":"17.475917,-62.985523","url":"#/landing-point/gallows-bay-bonaire-sint-eustatius-and-saba"},{"landing_point_id":16123,"id":"great-bay-beach-saint-martin","name":"Great Bay Beach , Saint Martin","latlon":"18.024476,-63.055054","url":"#/landing-point/great-bay-beach-saint-martin"},{"landing_point_id":17404,"id":"great-level-bay-bonaire-sint-eustatius-and-saba","name":"Great Level Bay, Bonaire, Sint Eustatius and Saba","latlon":"17.615126,-63.244214","url":"#/landing-point/great-level-bay-bonaire-sint-eustatius-and-saba"},{"landing_point_id":15452,"id":"gustavia-saint-barthlemy","name":"Gustavia, Saint Barthélemy","latlon":"17.897914,-62.850562","url":"#/landing-point/gustavia-saint-barthlemy"}],"length":"198 km","rfs":"2013","owners":"n.a.","url":"http://www.sscsbv.com","notes":null}
