{"id":"safe","name":"SAFE","cable_id":1220,"landing_points":[{"landing_point_id":5906,"id":"baie-jacotet-mauritius","name":"Baie Jacotet, Mauritius","latlon":"-20.474004,57.485379","url":"#/landing-point/baie-jacotet-mauritius"},{"landing_point_id":4322,"id":"cochin-india","name":"Cochin, India","latlon":"9.938091,76.269550","url":"#/landing-point/cochin-india"},{"landing_point_id":5941,"id":"melkbosstrand-south-africa","name":"Melkbosstrand, South Africa","latlon":"-33.727220,18.445762","url":"#/landing-point/melkbosstrand-south-africa"},{"landing_point_id":5942,"id":"mtunzini-south-africa","name":"Mtunzini, South Africa","latlon":"-28.950636,31.757853","url":"#/landing-point/mtunzini-south-africa"},{"landing_point_id":3307,"id":"penang-malaysia","name":"Penang, Malaysia","latlon":"5.353645,100.362996","url":"#/landing-point/penang-malaysia"},{"landing_point_id":5978,"id":"saint-paul-runion","name":"Saint Paul, Réunion","latlon":"-21.000249,55.279130","url":"#/landing-point/saint-paul-runion"}],"length":"13,500 km","rfs":"2002 April","owners":"Orange,  Telekom Malaysia,  Telkom South Africa,  Tata Communications,  AT&T,  BT,  Camtel,  Angola Telecom,  Ghana Telecommunications Company,  Mauritius Telecom,  Verizon,  NATCOM (Nigeria),  OPT,  Telefonica,  BICS,  China Telecom,  Chunghwa Telecom,  Cote d’Ivoire Telecom,  Maroc Telecom,  KT,  KPN,  Singtel,  Sprint,  Telecom Italia Sparkle,  Telecom Namibia,  Telstra,  PCCW,  Sonatel,  Neotel,  Vodafone","url":null,"notes":null}
