{"id":"saint-maarten-puerto-rico-network-one-smpr-1","name":"Saint Maarten Puerto Rico Network One (SMPR-1)","cable_id":1245,"landing_points":[{"landing_point_id":16758,"id":"baie-longue-saint-martin","name":"Baie Longue, Saint Martin","latlon":"18.059657,-63.145703","url":"#/landing-point/baie-longue-saint-martin"},{"landing_point_id":5773,"id":"isla-verde-pr-united-states","name":"Isla Verde, PR, United States","latlon":"18.441651,-66.016869","url":"#/landing-point/isla-verde-pr-united-states"},{"landing_point_id":10783,"id":"philipsburg-sint-maarten","name":"Philipsburg, Sint Maarten","latlon":"18.030201,-63.045825","url":"#/landing-point/philipsburg-sint-maarten"}],"length":"375 km","rfs":"2004 December","owners":"TelEm Group,  Dauphin Telecom","url":null,"notes":null}
