{"id":"sakhalin-kuril-islands-cable","name":"Sakhalin-Kuril Islands Cable","cable_id":1943,"landing_points":[{"landing_point_id":17110,"id":"krabozavodskoye-russia","name":"Krabozavodskoye, Russia","latlon":"43.793617,146.747226","url":"#/landing-point/krabozavodskoye-russia"},{"landing_point_id":17108,"id":"kurilsk-russia","name":"Kurilsk, Russia","latlon":"45.086682,147.881479","url":"#/landing-point/kurilsk-russia"},{"landing_point_id":17109,"id":"yuzhno-kurilsk-russia","name":"Yuzhno Kurilsk, Russia","latlon":"44.034522,145.858604","url":"#/landing-point/yuzhno-kurilsk-russia"},{"landing_point_id":4278,"id":"yuzhno-sakhalinsk-russia","name":"Yuzhno-Sakhalinsk, Russia","latlon":"46.948974,142.726208","url":"#/landing-point/yuzhno-sakhalinsk-russia"}],"length":"940 km","rfs":"2019 Q2","owners":"Rostelecom","url":null,"notes":null}
