{"id":"sat-3wasc","name":"SAT-3/WASC","cable_id":1219,"landing_points":[{"landing_point_id":3316,"id":"abidjan-cte-divoire","name":"Abidjan, Côte d'Ivoire","latlon":"5.323518,-4.026237","url":"#/landing-point/abidjan-cte-divoire"},{"landing_point_id":4181,"id":"accra-ghana","name":"Accra, Ghana","latlon":"5.558283,-0.201092","url":"#/landing-point/accra-ghana"},{"landing_point_id":5775,"id":"cacuaco-angola","name":"Cacuaco, Angola","latlon":"-8.776671,13.372327","url":"#/landing-point/cacuaco-angola"},{"landing_point_id":7777,"id":"chipiona-spain","name":"Chipiona, Spain","latlon":"36.731303,-6.428872","url":"#/landing-point/chipiona-spain"},{"landing_point_id":3315,"id":"cotonou-benin","name":"Cotonou, Benin","latlon":"6.356574,2.439922","url":"#/landing-point/cotonou-benin"},{"landing_point_id":4180,"id":"dakar-senegal","name":"Dakar, Senegal","latlon":"14.686599,-17.451914","url":"#/landing-point/dakar-senegal"},{"landing_point_id":4210,"id":"douala-cameroon","name":"Douala, Cameroon","latlon":"4.047151,9.706313","url":"#/landing-point/douala-cameroon"},{"landing_point_id":10726,"id":"el-goro-canary-islands-spain","name":"El Goro, Canary Islands, Spain","latlon":"27.999496,-15.699962","url":"#/landing-point/el-goro-canary-islands-spain"},{"landing_point_id":3280,"id":"lagos-nigeria","name":"Lagos, Nigeria","latlon":"6.438874,3.423210","url":"#/landing-point/lagos-nigeria"},{"landing_point_id":4221,"id":"libreville-gabon","name":"Libreville, Gabon","latlon":"0.394272,9.454360","url":"#/landing-point/libreville-gabon"},{"landing_point_id":5941,"id":"melkbosstrand-south-africa","name":"Melkbosstrand, South Africa","latlon":"-33.727220,18.445762","url":"#/landing-point/melkbosstrand-south-africa"},{"landing_point_id":5934,"id":"sesimbra-portugal","name":"Sesimbra, Portugal","latlon":"38.442691,-9.102748","url":"#/landing-point/sesimbra-portugal"}],"length":"14,350 km","rfs":"2002 April","owners":"Telkom South Africa,  Tata Communications,  AT&T,  BT,  Camtel,  Angola Telecom,  Ghana Telecommunications Company,  Mauritius Telecom,  Verizon,  NATCOM (Nigeria),  OPT,  BICS,  Sprint,  Singtel,  KPN,  Orange,  Telecom Italia Sparkle,  Telecom Namibia,  Telekom Malaysia,  Telxius,  China Telecom,  Chunghwa Telecom,  Cote d’Ivoire Telecom,  Deutsche Telekom,  Maroc Telecom,  KT,  Portugal Telecom,  PCCW,  Telstra,  Cyta,  Neotel,  Vodafone,  Benin Telecoms","url":null,"notes":null}
