{"id":"sea-us","name":"SEA-US","cable_id":1823,"landing_points":[{"landing_point_id":3902,"id":"davao-philippines","name":"Davao, Philippines","latlon":"7.079987,125.612788","url":"#/landing-point/davao-philippines"},{"landing_point_id":4966,"id":"hermosa-beach-ca-united-states","name":"Hermosa Beach, CA, United States","latlon":"33.862237,-118.399546","url":"#/landing-point/hermosa-beach-ca-united-states"},{"landing_point_id":16518,"id":"kauditan-indonesia","name":"Kauditan, Indonesia","latlon":"1.378622,125.065621","url":"#/landing-point/kauditan-indonesia"},{"landing_point_id":16966,"id":"magachgil-yap-federated-states-of-micronesia","name":"Magachgil, Yap, Federated States of Micronesia","latlon":"9.443926,138.061488","url":"#/landing-point/magachgil-yap-federated-states-of-micronesia"},{"landing_point_id":5760,"id":"makaha-hi-united-states","name":"Makaha, HI, United States","latlon":"21.463439,-158.220649","url":"#/landing-point/makaha-hi-united-states"},{"landing_point_id":7822,"id":"ngeremlengui-palau","name":"Ngeremlengui, Palau","latlon":"7.531744,134.560953","url":"#/landing-point/ngeremlengui-palau"},{"landing_point_id":5973,"id":"piti-gu-united-states","name":"Piti, GU, United States","latlon":"13.464688,144.694688","url":"#/landing-point/piti-gu-united-states"}],"length":"14,500 km","rfs":"2017 August","owners":"RTI,  Globe Telecom,  Hawaiian Telcom,  GTA TeleGuam,  Telin","url":null,"notes":null}
