{"id":"seabras-1","name":"Seabras-1","cable_id":1728,"landing_points":[{"landing_point_id":16413,"id":"praia-grande-brazil","name":"Praia Grande, Brazil","latlon":"-24.008866,-46.412496","url":"#/landing-point/praia-grande-brazil"},{"landing_point_id":3822,"id":"wall-township-nj-united-states","name":"Wall Township, NJ, United States","latlon":"40.152908,-74.062861","url":"#/landing-point/wall-township-nj-united-states"}],"length":"10,800 km","rfs":"2017 September","owners":"Seaborn Group","url":"http://www.seabornnetworks.com","notes":null}
