{"id":"seacomtata-tgn-eurasia","name":"SEACOM/Tata TGN-Eurasia","cable_id":1552,"landing_points":[{"landing_point_id":4182,"id":"dar-es-salaam-tanzania","name":"Dar Es Salaam, Tanzania","latlon":"-6.823229,39.269665","url":"#/landing-point/dar-es-salaam-tanzania"},{"landing_point_id":4177,"id":"djibouti-city-djibouti","name":"Djibouti City, Djibouti","latlon":"11.594682,43.147984","url":"#/landing-point/djibouti-city-djibouti"},{"landing_point_id":4361,"id":"jeddah-saudi-arabia","name":"Jeddah, Saudi Arabia","latlon":"21.481262,39.182751","url":"#/landing-point/jeddah-saudi-arabia"},{"landing_point_id":4252,"id":"maputo-mozambique","name":"Maputo, Mozambique","latlon":"-25.968533,32.580606","url":"#/landing-point/maputo-mozambique"},{"landing_point_id":5896,"id":"mombasa-kenya","name":"Mombasa, Kenya","latlon":"-4.053211,39.672790","url":"#/landing-point/mombasa-kenya"},{"landing_point_id":5942,"id":"mtunzini-south-africa","name":"Mtunzini, South Africa","latlon":"-28.950636,31.757853","url":"#/landing-point/mtunzini-south-africa"},{"landing_point_id":3212,"id":"mumbai-india","name":"Mumbai, India","latlon":"19.075794,72.875899","url":"#/landing-point/mumbai-india"},{"landing_point_id":9486,"id":"zafarana-egypt","name":"Zafarana, Egypt","latlon":"29.116683,32.649844","url":"#/landing-point/zafarana-egypt"}],"length":"15,000 km","rfs":"2009 July","owners":"Industrial Promotion Services,  Remgro Limited,  Herakles Telecom LLC,  Convergence Partners,  Shanduka,  Tata Communications","url":"http://www.seacom.mu","notes":"SEACOM owns the entire East African portion of the system and two fiber pairs between Egypt and India. Tata Communications owns two fiber pairs from Egypt to India and the branch to Jeddah, which the company refers to as TGN-Eurasia. Both SEACOM and Tata Communications own fiber pairs on TE North for connectivity across Egypt to Europe."}
