{"id":"seamewe-5","name":"SeaMeWe-5","cable_id":1559,"landing_points":[{"landing_point_id":9485,"id":"abu-talat-egypt","name":"Abu Talat, Egypt","latlon":"31.071845,29.702482","url":"#/landing-point/abu-talat-egypt"},{"landing_point_id":7681,"id":"al-hudaydah-yemen","name":"Al Hudaydah, Yemen","latlon":"14.685562,43.008531","url":"#/landing-point/al-hudaydah-yemen"},{"landing_point_id":3214,"id":"catania-italy","name":"Catania, Italy","latlon":"37.511588,15.067443","url":"#/landing-point/catania-italy"},{"landing_point_id":4177,"id":"djibouti-city-djibouti","name":"Djibouti City, Djibouti","latlon":"11.594682,43.147984","url":"#/landing-point/djibouti-city-djibouti"},{"landing_point_id":7311,"id":"dumai-indonesia","name":"Dumai, Indonesia","latlon":"1.665609,101.447565","url":"#/landing-point/dumai-indonesia"},{"landing_point_id":5962,"id":"fujairah-united-arab-emirates","name":"Fujairah, United Arab Emirates","latlon":"25.121690,56.333720","url":"#/landing-point/fujairah-united-arab-emirates"},{"landing_point_id":3259,"id":"karachi-pakistan","name":"Karachi, Pakistan","latlon":"24.889378,67.028539","url":"#/landing-point/karachi-pakistan"},{"landing_point_id":15020,"id":"kuakata-bangladesh","name":"Kuakata, Bangladesh","latlon":"21.816735,90.116614","url":"#/landing-point/kuakata-bangladesh"},{"landing_point_id":5959,"id":"marmaris-turkey","name":"Marmaris, Turkey","latlon":"36.855253,28.253679","url":"#/landing-point/marmaris-turkey"},{"landing_point_id":15021,"id":"matara-sri-lanka","name":"Matara, Sri Lanka","latlon":"5.940827,80.539861","url":"#/landing-point/matara-sri-lanka"},{"landing_point_id":5861,"id":"medan-indonesia","name":"Medan, Indonesia","latlon":"3.752132,98.676082","url":"#/landing-point/medan-indonesia"},{"landing_point_id":6300,"id":"melaka-malaysia","name":"Melaka, Malaysia","latlon":"2.273177,102.220905","url":"#/landing-point/melaka-malaysia"},{"landing_point_id":14639,"id":"ngwe-saung-myanmar","name":"Ngwe Saung, Myanmar","latlon":"16.858034,94.391221","url":"#/landing-point/ngwe-saung-myanmar"},{"landing_point_id":10684,"id":"qalhat-oman","name":"Qalhat, Oman","latlon":"23.615098,58.591043","url":"#/landing-point/qalhat-oman"},{"landing_point_id":5346,"id":"toulon-france","name":"Toulon, France","latlon":"43.125294,5.930338","url":"#/landing-point/toulon-france"},{"landing_point_id":5938,"id":"tuas-singapore","name":"Tuas, Singapore","latlon":"1.338193,103.647076","url":"#/landing-point/tuas-singapore"},{"landing_point_id":9269,"id":"yanbu-saudi-arabia","name":"Yanbu, Saudi Arabia","latlon":"24.070555,38.106971","url":"#/landing-point/yanbu-saudi-arabia"},{"landing_point_id":9486,"id":"zafarana-egypt","name":"Zafarana, Egypt","latlon":"29.116683,32.649844","url":"#/landing-point/zafarana-egypt"}],"length":"20,000 km","rfs":"2016 December","owners":"Telekom Malaysia,  Bangladesh Submarine Cable Company Limited (BSCCL),  China Mobile,  China Telecom,  Orange,  Myanmar Post and Telecommunication (MPT),  Saudi Telecom,  Sri Lanka Telecom,  Telkom Indonesia,  Singtel,  Telecom Italia Sparkle,  TeleYemen,  China Unicom,  du,  Turk Telekom International,  TransWorld Associates (Pvt.) Limited,  Ooredoo,  Telecom Egypt,  Djibouti Telecom","url":"http://www.seamewe5.com","notes":null}
