{"id":"seamewe-3","name":"SeaMeWe-3","cable_id":1031,"landing_points":[{"landing_point_id":6044,"id":"alexandria-egypt","name":"Alexandria, Egypt","latlon":"31.191889,29.889787","url":"#/landing-point/alexandria-egypt"},{"landing_point_id":5860,"id":"ancol-indonesia","name":"Ancol, Indonesia","latlon":"-6.129358,106.833305","url":"#/landing-point/ancol-indonesia"},{"landing_point_id":3218,"id":"batangas-philippines","name":"Batangas, Philippines","latlon":"13.765555,121.064939","url":"#/landing-point/batangas-philippines"},{"landing_point_id":5723,"id":"chania-greece","name":"Chania, Greece","latlon":"35.511809,24.012165","url":"#/landing-point/chania-greece"},{"landing_point_id":4322,"id":"cochin-india","name":"Cochin, India","latlon":"9.938091,76.269550","url":"#/landing-point/cochin-india"},{"landing_point_id":5986,"id":"danang-vietnam","name":"Danang, Vietnam","latlon":"16.051564,108.214750","url":"#/landing-point/danang-vietnam"},{"landing_point_id":5853,"id":"deep-water-bay-hong-kong-china","name":"Deep Water Bay, Hong Kong, China","latlon":"22.249437,114.183985","url":"#/landing-point/deep-water-bay-hong-kong-china"},{"landing_point_id":4177,"id":"djibouti-city-djibouti","name":"Djibouti City, Djibouti","latlon":"11.594682,43.147984","url":"#/landing-point/djibouti-city-djibouti"},{"landing_point_id":5980,"id":"fangshan-taiwan","name":"Fangshan, Taiwan","latlon":"22.249254,120.662107","url":"#/landing-point/fangshan-taiwan"},{"landing_point_id":5962,"id":"fujairah-united-arab-emirates","name":"Fujairah, United Arab Emirates","latlon":"25.121690,56.333720","url":"#/landing-point/fujairah-united-arab-emirates"},{"landing_point_id":3292,"id":"goonhilly-downs-united-kingdom","name":"Goonhilly Downs, United Kingdom","latlon":"50.024803,-5.174527","url":"#/landing-point/goonhilly-downs-united-kingdom"},{"landing_point_id":4361,"id":"jeddah-saudi-arabia","name":"Jeddah, Saudi Arabia","latlon":"21.481262,39.182751","url":"#/landing-point/jeddah-saudi-arabia"},{"landing_point_id":3259,"id":"karachi-pakistan","name":"Karachi, Pakistan","latlon":"24.889378,67.028539","url":"#/landing-point/karachi-pakistan"},{"landing_point_id":5975,"id":"keoje-korea-rep-","name":"Keoje, Korea, Rep.","latlon":"34.880645,128.620795","url":"#/landing-point/keoje-korea-rep-"},{"landing_point_id":5959,"id":"marmaris-turkey","name":"Marmaris, Turkey","latlon":"36.855253,28.253679","url":"#/landing-point/marmaris-turkey"},{"landing_point_id":3215,"id":"mazara-del-vallo-italy","name":"Mazara del Vallo, Italy","latlon":"37.650126,12.591272","url":"#/landing-point/mazara-del-vallo-italy"},{"landing_point_id":5861,"id":"medan-indonesia","name":"Medan, Indonesia","latlon":"3.751741,98.676082","url":"#/landing-point/medan-indonesia"},{"landing_point_id":5902,"id":"mersing-malaysia","name":"Mersing, Malaysia","latlon":"2.295516,103.849908","url":"#/landing-point/mersing-malaysia"},{"landing_point_id":5949,"id":"mt-lavinia-sri-lanka","name":"Mt. Lavinia, Sri Lanka","latlon":"6.832697,79.866716","url":"#/landing-point/mt-lavinia-sri-lanka"},{"landing_point_id":3212,"id":"mumbai-india","name":"Mumbai, India","latlon":"19.075794,72.875899","url":"#/landing-point/mumbai-india"},{"landing_point_id":4225,"id":"muscat-oman","name":"Muscat, Oman","latlon":"23.615098,58.591043","url":"#/landing-point/muscat-oman"},{"landing_point_id":5840,"id":"norden-germany","name":"Norden, Germany","latlon":"53.595480,7.201822","url":"#/landing-point/norden-germany"},{"landing_point_id":5886,"id":"okinawa-japan","name":"Okinawa, Japan","latlon":"26.212412,127.680561","url":"#/landing-point/okinawa-japan"},{"landing_point_id":5789,"id":"ostend-belgium","name":"Ostend, Belgium","latlon":"51.231125,2.912676","url":"#/landing-point/ostend-belgium"},{"landing_point_id":3307,"id":"penang-malaysia","name":"Penang, Malaysia","latlon":"5.353645,100.362996","url":"#/landing-point/penang-malaysia"},{"landing_point_id":3119,"id":"penmarch-france","name":"Penmarch, France","latlon":"47.811315,-4.338688","url":"#/landing-point/penmarch-france"},{"landing_point_id":3239,"id":"perth-australia","name":"Perth, Australia","latlon":"-31.953442,115.857227","url":"#/landing-point/perth-australia"},{"landing_point_id":5911,"id":"pyapon-myanmar","name":"Pyapon, Myanmar","latlon":"16.282204,95.681943","url":"#/landing-point/pyapon-myanmar"},{"landing_point_id":5956,"id":"satun-thailand","name":"Satun, Thailand","latlon":"6.613214,100.066121","url":"#/landing-point/satun-thailand"},{"landing_point_id":5934,"id":"sesimbra-portugal","name":"Sesimbra, Portugal","latlon":"38.442691,-9.102748","url":"#/landing-point/sesimbra-portugal"},{"landing_point_id":3246,"id":"shanghai-china","name":"Shanghai, China","latlon":"31.247504,121.472458","url":"#/landing-point/shanghai-china"},{"landing_point_id":5803,"id":"shantou-china","name":"Shantou, China","latlon":"23.354552,116.675488","url":"#/landing-point/shantou-china"},{"landing_point_id":5825,"id":"suez-egypt","name":"Suez, Egypt","latlon":"29.972285,32.530118","url":"#/landing-point/suez-egypt"},{"landing_point_id":5900,"id":"taipa-china","name":"Taipa, China","latlon":"22.156127,113.561036","url":"#/landing-point/taipa-china"},{"landing_point_id":5981,"id":"toucheng-taiwan","name":"Toucheng, Taiwan","latlon":"24.863596,121.801462","url":"#/landing-point/toucheng-taiwan"},{"landing_point_id":5938,"id":"tuas-singapore","name":"Tuas, Singapore","latlon":"1.338193,103.647076","url":"#/landing-point/tuas-singapore"},{"landing_point_id":5970,"id":"tungku-brunei","name":"Tungku, Brunei","latlon":"4.926374,114.885840","url":"#/landing-point/tungku-brunei"},{"landing_point_id":5909,"id":"ttouan-morocco","name":"Tétouan, Morocco","latlon":"35.565923,-5.391812","url":"#/landing-point/ttouan-morocco"},{"landing_point_id":5811,"id":"yeroskipos-cyprus","name":"Yeroskipos, Cyprus","latlon":"34.766411,32.466544","url":"#/landing-point/yeroskipos-cyprus"}],"length":"39,000 km","rfs":"1999 September","owners":"Orange,  BT,  KDDI,  Singtel,  Telecom Italia Sparkle,  Telekom Malaysia,  OTEGLOBE,  AT&T,  BICS,  CAT Telecom Public Company Limited,  China Telecom,  Deutsche Telekom,  Etisalat,  Telecom Egypt,  CTM,  Indosat Ooredoo,  Jabatan Telecom Brunei,  KT,  Portugal Telecom,  Maroc Telecom,  PLDT,  Saudi Telecom,  Sri Lanka Telecom,  Turk Telekom,  Tata Communications,  Chunghwa Telecom,  Verizon,  KPN,  Telekom Austria,  Singtel Optus,  Telstra,  Vietnam Telecom International,  Omantel,  PCCW,  Pakistan Telecommunications Company Ltd.,  Cyta,  eir,  LG Uplus,  Softbank Telecom,  Telkom South Africa,  Rostelecom,  Orange Polska,  Singtel Optus,  Telecom Argentina,  Myanmar Post and Telecommunication (MPT),  Sprint,  Vocus Communications,  Djibouti Telecom,  Embratel,  Vodafone,  Turk Telekom International,  Ukrtelecom,  Singtel Optus","url":"http://www.smw3.com","notes":null}
