{"id":"seamewe-4","name":"SeaMeWe-4","cable_id":1035,"landing_points":[{"landing_point_id":6044,"id":"alexandria-egypt","name":"Alexandria, Egypt","latlon":"31.191889,29.889787","url":"#/landing-point/alexandria-egypt"},{"landing_point_id":4196,"id":"annaba-algeria","name":"Annaba, Algeria","latlon":"36.902348,7.755435","url":"#/landing-point/annaba-algeria"},{"landing_point_id":5958,"id":"bizerte-tunisia","name":"Bizerte, Tunisia","latlon":"37.276347,9.867348","url":"#/landing-point/bizerte-tunisia"},{"landing_point_id":4191,"id":"chennai-india","name":"Chennai, India","latlon":"13.063480,80.243083","url":"#/landing-point/chennai-india"},{"landing_point_id":3887,"id":"colombo-sri-lanka","name":"Colombo, Sri Lanka","latlon":"6.926740,79.871990","url":"#/landing-point/colombo-sri-lanka"},{"landing_point_id":6299,"id":"coxs-bazar-bangladesh","name":"Cox’s Bazar, Bangladesh","latlon":"21.429174,91.994933","url":"#/landing-point/coxs-bazar-bangladesh"},{"landing_point_id":5962,"id":"fujairah-united-arab-emirates","name":"Fujairah, United Arab Emirates","latlon":"25.121690,56.333720","url":"#/landing-point/fujairah-united-arab-emirates"},{"landing_point_id":4361,"id":"jeddah-saudi-arabia","name":"Jeddah, Saudi Arabia","latlon":"21.481262,39.182751","url":"#/landing-point/jeddah-saudi-arabia"},{"landing_point_id":3259,"id":"karachi-pakistan","name":"Karachi, Pakistan","latlon":"24.889378,67.028539","url":"#/landing-point/karachi-pakistan"},{"landing_point_id":3210,"id":"marseille-france","name":"Marseille, France","latlon":"43.293165,5.372623","url":"#/landing-point/marseille-france"},{"landing_point_id":6300,"id":"melaka-malaysia","name":"Melaka, Malaysia","latlon":"2.273177,102.220905","url":"#/landing-point/melaka-malaysia"},{"landing_point_id":3212,"id":"mumbai-india","name":"Mumbai, India","latlon":"19.075794,72.875899","url":"#/landing-point/mumbai-india"},{"landing_point_id":3177,"id":"palermo-italy","name":"Palermo, Italy","latlon":"38.121500,13.358362","url":"#/landing-point/palermo-italy"},{"landing_point_id":5956,"id":"satun-thailand","name":"Satun, Thailand","latlon":"6.613214,100.066121","url":"#/landing-point/satun-thailand"},{"landing_point_id":5825,"id":"suez-egypt","name":"Suez, Egypt","latlon":"29.972285,32.530118","url":"#/landing-point/suez-egypt"},{"landing_point_id":5938,"id":"tuas-singapore","name":"Tuas, Singapore","latlon":"1.338193,103.647076","url":"#/landing-point/tuas-singapore"}],"length":"20,000 km","rfs":"2005 December","owners":"Bangladesh Submarine Cable Company Limited (BSCCL),  Orange,  Singtel,  Telecom Italia Sparkle,  Tata Communications,  Telekom Malaysia,  Airtel (Bharti),  Sri Lanka Telecom,  Etisalat,  Saudi Telecom,  CAT Telecom Public Company Limited,  Tunisia Telecom,  Verizon,  Pakistan Telecommunications Company Ltd.,  Telecom Egypt,  Algerie Telecom","url":"http://www.seamewe4.net","notes":null}
