{"id":"silk-route-gateway-srg-1","name":"Silk Route Gateway (SRG-1)","cable_id":1849,"landing_points":[{"landing_point_id":16371,"id":"gwadar-pakistan","name":"Gwadar, Pakistan","latlon":"25.132297,62.325026","url":"#/landing-point/gwadar-pakistan"},{"landing_point_id":3259,"id":"karachi-pakistan","name":"Karachi, Pakistan","latlon":"24.889378,67.028539","url":"#/landing-point/karachi-pakistan"},{"landing_point_id":4225,"id":"muscat-oman","name":"Muscat, Oman","latlon":"23.615098,58.591043","url":"#/landing-point/muscat-oman"}],"length":"1,030 km","rfs":"2020 June","owners":"Multinet Pakistan,  Omantel","url":"http://www.silkroutegateway-1.com","notes":null}
