{"id":"singapore-myanmar-sigmar","name":"Singapore-Myanmar (SIGMAR)","cable_id":1986,"landing_points":[{"landing_point_id":16372,"id":"thanlyin-myanmar","name":"Thanlyin, Myanmar","latlon":"16.758754,96.248227","url":"#/landing-point/thanlyin-myanmar"},{"landing_point_id":5938,"id":"tuas-singapore","name":"Tuas, Singapore","latlon":"1.338193,103.647076","url":"#/landing-point/tuas-singapore"}],"length":"2,227 km","rfs":"2020","owners":"Campana Group","url":"https://www.campanaworks.com/","notes":null}
