{"id":"southern-cross-cable-network-sccn","name":"Southern Cross Cable Network (SCCN)","cable_id":1009,"landing_points":[{"landing_point_id":6097,"id":"alexandria-australia","name":"Alexandria, Australia","latlon":"-33.913988,151.196248","url":"#/landing-point/alexandria-australia"},{"landing_point_id":5781,"id":"brookvale-australia","name":"Brookvale, Australia","latlon":"-33.761156,151.273982","url":"#/landing-point/brookvale-australia"},{"landing_point_id":3649,"id":"hillsboro-or-united-states","name":"Hillsboro, OR, United States","latlon":"45.522901,-122.989797","url":"#/landing-point/hillsboro-or-united-states"},{"landing_point_id":5753,"id":"kahe-point-hi-united-states","name":"Kahe Point, HI, United States","latlon":"21.353979,-158.130582","url":"#/landing-point/kahe-point-hi-united-states"},{"landing_point_id":5751,"id":"morro-bay-ca-united-states","name":"Morro Bay, CA, United States","latlon":"35.366680,-120.847202","url":"#/landing-point/morro-bay-ca-united-states"},{"landing_point_id":5752,"id":"spencer-beach-hi-united-states","name":"Spencer Beach, HI, United States","latlon":"20.023108,-155.822087","url":"#/landing-point/spencer-beach-hi-united-states"},{"landing_point_id":4268,"id":"suva-fiji","name":"Suva, Fiji","latlon":"-18.123810,178.437446","url":"#/landing-point/suva-fiji"},{"landing_point_id":5918,"id":"takapuna-new-zealand","name":"Takapuna, New Zealand","latlon":"-36.787961,174.767916","url":"#/landing-point/takapuna-new-zealand"},{"landing_point_id":5919,"id":"whenuapai-new-zealand","name":"Whenuapai, New Zealand","latlon":"-36.788816,174.623385","url":"#/landing-point/whenuapai-new-zealand"}],"length":"30,500 km","rfs":"2000 November","owners":"Spark New Zealand,  Singtel Optus,  Verizon,  Telstra","url":"http://www.southerncrosscables.com","notes":null}
