{"id":"south-american-crossing-sac","name":"South American Crossing (SAC)","cable_id":1084,"landing_points":[{"landing_point_id":5806,"id":"buenaventura-colombia","name":"Buenaventura, Colombia","latlon":"3.883675,-77.040301","url":"#/landing-point/buenaventura-colombia"},{"landing_point_id":6093,"id":"colon-panama","name":"Colon, Panama","latlon":"9.353716,-79.900029","url":"#/landing-point/colon-panama"},{"landing_point_id":5925,"id":"fort-amador-panama","name":"Fort Amador, Panama","latlon":"8.934112,-79.546733","url":"#/landing-point/fort-amador-panama"},{"landing_point_id":3347,"id":"fortaleza-brazil","name":"Fortaleza, Brazil","latlon":"-3.718836,-38.542968","url":"#/landing-point/fortaleza-brazil"},{"landing_point_id":3330,"id":"las-toninas-argentina","name":"Las Toninas, Argentina","latlon":"-36.472532,-56.695487","url":"#/landing-point/las-toninas-argentina"},{"landing_point_id":5930,"id":"lurin-peru","name":"Lurin, Peru","latlon":"-12.278525,-76.874286","url":"#/landing-point/lurin-peru"},{"landing_point_id":5967,"id":"puerto-viejo-venezuela","name":"Puerto Viejo, Venezuela","latlon":"10.611211,-67.029954","url":"#/landing-point/puerto-viejo-venezuela"},{"landing_point_id":3242,"id":"rio-de-janeiro-brazil","name":"Rio de Janeiro, Brazil","latlon":"-22.903397,-43.209568","url":"#/landing-point/rio-de-janeiro-brazil"},{"landing_point_id":3411,"id":"santos-brazil","name":"Santos, Brazil","latlon":"-23.961844,-46.328072","url":"#/landing-point/santos-brazil"},{"landing_point_id":5750,"id":"st-croix-vi-united-states","name":"St. Croix, VI, United States","latlon":"17.771864,-64.819408","url":"#/landing-point/st-croix-vi-united-states"},{"landing_point_id":3331,"id":"valparaso-chile","name":"Valparaíso, Chile","latlon":"-33.045775,-71.620479","url":"#/landing-point/valparaso-chile"}],"length":"20,000 km","rfs":"2000 September","owners":"Telecom Italia Sparkle,  CenturyLink","url":"http://www.centurylink.com/wholesale/","notes":"CenturyLink owns three fiber pairs on the systems, while Telecom Italia Sparkle owns one fiber. Only CenturyLink has capacity on the branch to Colombia."}
