{"id":"south-asia-express-saex2","name":"South Asia Express (SAEx2)","cable_id":1973,"landing_points":[{"landing_point_id":3921,"id":"cape-town-south-africa","name":"Cape Town, South Africa","latlon":"-33.919164,18.421934","url":"#/landing-point/cape-town-south-africa"},{"landing_point_id":4191,"id":"chennai-india","name":"Chennai, India","latlon":"13.063480,80.243083","url":"#/landing-point/chennai-india"},{"landing_point_id":5942,"id":"mtunzini-south-africa","name":"Mtunzini, South Africa","latlon":"-28.950440,31.757853","url":"#/landing-point/mtunzini-south-africa"},{"landing_point_id":3029,"id":"singapore-singapore","name":"Singapore, Singapore","latlon":"1.293881,103.853106","url":"#/landing-point/singapore-singapore"}],"length":"13,900 km","rfs":"2021 Q2","owners":"SAEx International  Ltd.","url":"http:///www.saex.net","notes":null}
