{"id":"south-atlantic-inter-link-sail","name":"South Atlantic Inter Link (SAIL)","cable_id":1856,"landing_points":[{"landing_point_id":3347,"id":"fortaleza-brazil","name":"Fortaleza, Brazil","latlon":"-3.718836,-38.542968","url":"#/landing-point/fortaleza-brazil"},{"landing_point_id":10095,"id":"kribi-cameroon","name":"Kribi, Cameroon","latlon":"2.932918,9.910414","url":"#/landing-point/kribi-cameroon"}],"length":"5,900 km","rfs":"2018 September","owners":"Camtel,  China Unicom","url":null,"notes":null}
