{"id":"southern-cross-next","name":"Southern Cross NEXT","cable_id":1894,"landing_points":[{"landing_point_id":6097,"id":"alexandria-australia","name":"Alexandria, Australia","latlon":"-33.913671,151.196199","url":"#/landing-point/alexandria-australia"},{"landing_point_id":5705,"id":"apia-samoa","name":"Apia, Samoa","latlon":"-13.833407,-171.766678","url":"#/landing-point/apia-samoa"},{"landing_point_id":17031,"id":"kiritimati-kiribati","name":"Kiritimati, Kiribati","latlon":"1.872128,-157.427813","url":"#/landing-point/kiritimati-kiribati"},{"landing_point_id":3678,"id":"los-angeles-ca-united-states","name":"Los Angeles, CA, United States","latlon":"34.053485,-118.245335","url":"#/landing-point/los-angeles-ca-united-states"},{"landing_point_id":17030,"id":"nukunonu-tokelau","name":"Nukunonu, Tokelau","latlon":"-9.174595,-171.811505","url":"#/landing-point/nukunonu-tokelau"},{"landing_point_id":17015,"id":"savusavu-fiji","name":"Savusavu, Fiji","latlon":"-16.808015,179.349750","url":"#/landing-point/savusavu-fiji"},{"landing_point_id":4268,"id":"suva-fiji","name":"Suva, Fiji","latlon":"-18.123639,178.437446","url":"#/landing-point/suva-fiji"},{"landing_point_id":5918,"id":"takapuna-new-zealand","name":"Takapuna, New Zealand","latlon":"-36.787839,174.767916","url":"#/landing-point/takapuna-new-zealand"}],"length":"13,700 km","rfs":"2021","owners":"Spark New Zealand,  Singtel Optus,  Verizon,  Telstra","url":"https://www.southerncrosscables.com/","notes":null}
