{"id":"southeast-asia-japan-cable-sjc","name":"Southeast Asia Japan Cable (SJC)","cable_id":1604,"landing_points":[{"landing_point_id":5885,"id":"chikura-japan","name":"Chikura, Japan","latlon":"34.976653,139.954652","url":"#/landing-point/chikura-japan"},{"landing_point_id":5856,"id":"chung-hom-kok-hong-kong-china","name":"Chung Hom Kok, Hong Kong, China","latlon":"22.225036,114.205665","url":"#/landing-point/chung-hom-kok-hong-kong-china"},{"landing_point_id":9603,"id":"nasugbu-philippines","name":"Nasugbu, Philippines","latlon":"14.088186,120.623020","url":"#/landing-point/nasugbu-philippines"},{"landing_point_id":5803,"id":"shantou-china","name":"Shantou, China","latlon":"23.354552,116.675488","url":"#/landing-point/shantou-china"},{"landing_point_id":10309,"id":"telisai-brunei","name":"Telisai, Brunei","latlon":"4.703718,114.570606","url":"#/landing-point/telisai-brunei"},{"landing_point_id":5938,"id":"tuas-singapore","name":"Tuas, Singapore","latlon":"1.338193,103.647076","url":"#/landing-point/tuas-singapore"}],"length":"8,900 km","rfs":"2013 June","owners":"Globe Telecom,  Google,  KDDI,  Telkom Indonesia,  Singtel,  China Telecom,  TOT,  China Mobile,  Chunghwa Telecom,  Brunei International Gateway","url":null,"notes":null}
