{"id":"southern-caribbean-fiber","name":"Southern Caribbean Fiber","cable_id":1619,"landing_points":[{"landing_point_id":16975,"id":"baie-mahault-guadeloupe","name":"Baie-Mahault, Guadeloupe","latlon":"16.244472,-61.571717","url":"#/landing-point/baie-mahault-guadeloupe"},{"landing_point_id":8834,"id":"baillif-guadeloupe","name":"Baillif, Guadeloupe","latlon":"16.028945,-61.713941","url":"#/landing-point/baillif-guadeloupe"},{"landing_point_id":4356,"id":"basseterre-saint-kitts-and-nevis","name":"Basseterre, Saint Kitts and Nevis","latlon":"17.298451,-62.731226","url":"#/landing-point/basseterre-saint-kitts-and-nevis"},{"landing_point_id":8835,"id":"canefield-dominica","name":"Canefield, Dominica","latlon":"15.303335,-61.384840","url":"#/landing-point/canefield-dominica"},{"landing_point_id":8838,"id":"chaguaramas-trinidad-and-tobago","name":"Chaguaramas, Trinidad and Tobago","latlon":"10.686162,-61.650806","url":"#/landing-point/chaguaramas-trinidad-and-tobago"},{"landing_point_id":15452,"id":"gustavia-saint-barthlemy","name":"Gustavia, Saint Barthélemy","latlon":"17.897914,-62.850550","url":"#/landing-point/gustavia-saint-barthlemy"},{"landing_point_id":4219,"id":"kingstown-saint-vincent-and-the-grenadines","name":"Kingstown, Saint Vincent and the Grenadines","latlon":"13.145438,-61.208253","url":"#/landing-point/kingstown-saint-vincent-and-the-grenadines"},{"landing_point_id":5905,"id":"le-lamentin-martinique","name":"Le Lamentin, Martinique","latlon":"14.615542,-61.094264","url":"#/landing-point/le-lamentin-martinique"},{"landing_point_id":6183,"id":"needhams-point-barbados","name":"Needham’s Point, Barbados","latlon":"13.078788,-59.612722","url":"#/landing-point/needhams-point-barbados"},{"landing_point_id":17317,"id":"port-salines-grenada","name":"Port Salines, Grenada","latlon":"12.008817,-61.790577","url":"#/landing-point/port-salines-grenada"},{"landing_point_id":8837,"id":"rodney-bay-saint-lucia","name":"Rodney Bay, Saint Lucia","latlon":"14.035623,-60.988551","url":"#/landing-point/rodney-bay-saint-lucia"},{"landing_point_id":4262,"id":"san-juan-pr-united-states","name":"San Juan, PR, United States","latlon":"18.465833,-66.106664","url":"#/landing-point/san-juan-pr-united-states"},{"landing_point_id":5750,"id":"st-croix-vi-united-states","name":"St. Croix, VI, United States","latlon":"17.771864,-64.819408","url":"#/landing-point/st-croix-vi-united-states"},{"landing_point_id":4239,"id":"st-johns-antigua-and-barbuda","name":"St. John’s, Antigua and Barbuda","latlon":"17.051479,-61.857935","url":"#/landing-point/st-johns-antigua-and-barbuda"},{"landing_point_id":16976,"id":"st-louis-saint-martin","name":"St. Louis, Saint Martin","latlon":"18.089930,-63.078137","url":"#/landing-point/st-louis-saint-martin"}],"length":"n.a.","rfs":"2006 September","owners":"Digicel","url":"http://southern-caribbean.com","notes":null}
