{"id":"sweden-estonia-ee-s-1","name":"Sweden-Estonia (EE-S 1)","cable_id":1221,"landing_points":[{"landing_point_id":5828,"id":"krdla-estonia","name":"Kärdla, Estonia","latlon":"59.000860,22.738045","url":"#/landing-point/krdla-estonia"},{"landing_point_id":5952,"id":"stavsnas-sweden","name":"Stavsnas, Sweden","latlon":"59.292779,18.688328","url":"#/landing-point/stavsnas-sweden"},{"landing_point_id":3089,"id":"tallinn-estonia","name":"Tallinn, Estonia","latlon":"59.436200,24.752399","url":"#/landing-point/tallinn-estonia"}],"length":"240 km","rfs":"1995 June","owners":"Telia Carrier,  Elion,  GN Great Nordic","url":null,"notes":null}
