{"id":"sxs","name":"SxS","cable_id":2027,"landing_points":[{"landing_point_id":4966,"id":"hermosa-beach-ca-united-states","name":"Hermosa Beach, CA, United States","latlon":"33.862237,-118.399546","url":"#/landing-point/hermosa-beach-ca-united-states"},{"landing_point_id":5973,"id":"piti-gu-united-states","name":"Piti, GU, United States","latlon":"13.464664,144.694737","url":"#/landing-point/piti-gu-united-states"}],"length":"10,400 km","rfs":"2021","owners":"RTI","url":"http://www.rticable.com","notes":null}
