{"id":"tat-14","name":"TAT-14","cable_id":1043,"landing_points":[{"landing_point_id":5818,"id":"blaabjerg-denmark","name":"Blaabjerg, Denmark","latlon":"55.751533,8.328970","url":"#/landing-point/blaabjerg-denmark"},{"landing_point_id":4554,"id":"bude-united-kingdom","name":"Bude, United Kingdom","latlon":"50.828110,-4.544401","url":"#/landing-point/bude-united-kingdom"},{"landing_point_id":3283,"id":"katwijk-netherlands","name":"Katwijk, Netherlands","latlon":"52.205173,4.396452","url":"#/landing-point/katwijk-netherlands"},{"landing_point_id":3686,"id":"manasquan-nj-united-states","name":"Manasquan, NJ, United States","latlon":"40.123343,-74.047041","url":"#/landing-point/manasquan-nj-united-states"},{"landing_point_id":5840,"id":"norden-germany","name":"Norden, Germany","latlon":"53.595480,7.201822","url":"#/landing-point/norden-germany"},{"landing_point_id":8787,"id":"st-austell-united-kingdom","name":"St. Austell, United Kingdom","latlon":"50.337425,-4.792301","url":"#/landing-point/st-austell-united-kingdom"},{"landing_point_id":5331,"id":"st-valry-france","name":"St. Valéry, France","latlon":"49.860423,0.708478","url":"#/landing-point/st-valry-france"},{"landing_point_id":3808,"id":"tuckerton-nj-united-states","name":"Tuckerton, NJ, United States","latlon":"39.603885,-74.337910","url":"#/landing-point/tuckerton-nj-united-states"}],"length":"15,295 km","rfs":"2001 April","owners":"BT,  Verizon,  Deutsche Telekom,  Orange,  Sprint,  Telia Carrier,  KPN,  Telenor,  Etisalat,  OTEGLOBE,  Singtel,  KDDI,  Softbank Telecom,  Zayo Group,  Portugal Telecom,  Slovak Telekom,  TDC,  Telus,  Tata Communications,  Telefonica,  AT&T,  BICS,  Elisa Corporation,  Cyta,  Rostelecom,  Vodafone,  CenturyLink","url":"https://www.tat-14.com","notes":null}
