{"id":"tata-tgn-intra-asia-tgn-ia","name":"Tata TGN-Intra Asia (TGN-IA)","cable_id":1534,"landing_points":[{"landing_point_id":8541,"id":"ballesteros-philippines","name":"Ballesteros, Philippines","latlon":"18.409412,121.513962","url":"#/landing-point/ballesteros-philippines"},{"landing_point_id":5940,"id":"changi-north-singapore","name":"Changi North, Singapore","latlon":"1.389047,103.987017","url":"#/landing-point/changi-north-singapore"},{"landing_point_id":5853,"id":"deep-water-bay-hong-kong-china","name":"Deep Water Bay, Hong Kong, China","latlon":"22.249437,114.183985","url":"#/landing-point/deep-water-bay-hong-kong-china"},{"landing_point_id":6013,"id":"vung-tau-vietnam","name":"Vung Tau, Vietnam","latlon":"10.341850,107.079203","url":"#/landing-point/vung-tau-vietnam"}],"length":"6,700 km","rfs":"2009 March","owners":"Tata Communications","url":"http://www.tatacommunications.com","notes":null}
