{"id":"terra-sw","name":"TERRA SW","cable_id":1693,"landing_points":[{"landing_point_id":15031,"id":"fish-camp-ak-united-states","name":"Fish Camp, AK, United States","latlon":"59.949200,-154.858855","url":"#/landing-point/fish-camp-ak-united-states"},{"landing_point_id":8392,"id":"homer-ak-united-states","name":"Homer, AK, United States","latlon":"59.646368,-151.544306","url":"#/landing-point/homer-ak-united-states"},{"landing_point_id":15033,"id":"igiugig-ak-united-states","name":"Igiugig, AK, United States","latlon":"59.327801,-155.894743","url":"#/landing-point/igiugig-ak-united-states"},{"landing_point_id":15027,"id":"illiamna-ak-united-states","name":"Illiamna, AK, United States","latlon":"59.754766,-154.906121","url":"#/landing-point/illiamna-ak-united-states"},{"landing_point_id":15028,"id":"kokhanok-ak-united-states","name":"Kokhanok, AK, United States","latlon":"59.442157,-154.752752","url":"#/landing-point/kokhanok-ak-united-states"},{"landing_point_id":15029,"id":"newhalen-ak-united-states","name":"Newhalen, AK, United States","latlon":"59.718145,-154.899773","url":"#/landing-point/newhalen-ak-united-states"},{"landing_point_id":15030,"id":"nondalton-ak-united-states","name":"Nondalton, AK, United States","latlon":"59.972649,-154.847722","url":"#/landing-point/nondalton-ak-united-states"},{"landing_point_id":15025,"id":"pedro-bay-ak-united-states","name":"Pedro Bay, AK, United States","latlon":"59.787213,-154.106121","url":"#/landing-point/pedro-bay-ak-united-states"},{"landing_point_id":15026,"id":"pile-bay-ak-united-states","name":"Pile Bay, AK, United States","latlon":"59.776055,-153.880487","url":"#/landing-point/pile-bay-ak-united-states"},{"landing_point_id":15032,"id":"port-alsworth-ak-united-states","name":"Port Alsworth, AK, United States","latlon":"60.200372,-154.336932","url":"#/landing-point/port-alsworth-ak-united-states"},{"landing_point_id":15024,"id":"williamsport-ak-united-states","name":"Williamsport, AK, United States","latlon":"59.682403,-153.632147","url":"#/landing-point/williamsport-ak-united-states"}],"length":"n.a.","rfs":"2012","owners":"GCI","url":"http://www.alaskaunited.com","notes":null}
