{"id":"tonga-domestic-cable-extension-tcde","name":"Tonga Domestic Cable Extension (TCDE)","cable_id":1951,"landing_points":[{"landing_point_id":17156,"id":"neiafu-tonga","name":"Neiafu, Tonga","latlon":"-18.647687,-173.983685","url":"#/landing-point/neiafu-tonga"},{"landing_point_id":17154,"id":"nukualofa-tonga","name":"Nukualofa, Tonga","latlon":"-21.139336,-175.204947","url":"#/landing-point/nukualofa-tonga"},{"landing_point_id":17155,"id":"pangai-tonga","name":"Pangai, Tonga","latlon":"-19.811431,-174.350261","url":"#/landing-point/pangai-tonga"}],"length":"410 km","rfs":"2018 January","owners":"Tonga Cable Limited","url":null,"notes":null}
