{"id":"uk-netherlands-14","name":"UK-Netherlands 14","cable_id":1365,"landing_points":[{"landing_point_id":8409,"id":"egmond-netherlands","name":"Egmond, Netherlands","latlon":"52.616379,4.616374","url":"#/landing-point/egmond-netherlands"},{"landing_point_id":3269,"id":"winterton-on-sea-united-kingdom","name":"Winterton-on-Sea, United Kingdom","latlon":"52.715231,1.693536","url":"#/landing-point/winterton-on-sea-united-kingdom"}],"length":"208 km","rfs":"1996","owners":"BT,  KPN,  Vodafone","url":null,"notes":null}
