{"id":"ultramar-ge","name":"Ultramar GE","cable_id":1998,"landing_points":[{"landing_point_id":17303,"id":"annobon-equatorial-guinea","name":"Annobon, Equatorial Guinea","latlon":"-1.435122,5.636845","url":"#/landing-point/annobon-equatorial-guinea"},{"landing_point_id":4263,"id":"sao-tome-sao-tome-and-principe","name":"Sao Tome, Sao Tome and Principe","latlon":"0.333286,6.733292","url":"#/landing-point/sao-tome-sao-tome-and-principe"}],"length":"263 km","rfs":"2018 September","owners":"GITGE","url":null,"notes":null}
