{"id":"venezuela-festoon","name":"Venezuela Festoon","cable_id":1094,"landing_points":[{"landing_point_id":7862,"id":"cabimas-venezuela","name":"Cabimas, Venezuela","latlon":"10.395952,-71.451095","url":"#/landing-point/cabimas-venezuela"},{"landing_point_id":5966,"id":"camuri-venezuela","name":"Camuri, Venezuela","latlon":"10.606450,-66.878197","url":"#/landing-point/camuri-venezuela"},{"landing_point_id":7789,"id":"carpano-venezuela","name":"Carúpano, Venezuela","latlon":"10.666801,-63.250525","url":"#/landing-point/carpano-venezuela"},{"landing_point_id":7863,"id":"chichiriviche-venezuela","name":"Chichiriviche, Venezuela","latlon":"10.928569,-68.284495","url":"#/landing-point/chichiriviche-venezuela"},{"landing_point_id":7785,"id":"coro-venezuela","name":"Coro, Venezuela","latlon":"11.402812,-69.677817","url":"#/landing-point/coro-venezuela"},{"landing_point_id":7787,"id":"cuman-venezuela","name":"Cumaná, Venezuela","latlon":"10.454302,-64.182116","url":"#/landing-point/cuman-venezuela"},{"landing_point_id":17038,"id":"higuerote-venezuela","name":"Higuerote, Venezuela","latlon":"10.480351,-66.098107","url":"#/landing-point/higuerote-venezuela"},{"landing_point_id":4314,"id":"maracaibo-venezuela","name":"Maracaibo, Venezuela","latlon":"10.688213,-71.598385","url":"#/landing-point/maracaibo-venezuela"},{"landing_point_id":7788,"id":"porlamar-venezuela","name":"Porlamar, Venezuela","latlon":"10.955253,-63.847607","url":"#/landing-point/porlamar-venezuela"},{"landing_point_id":7786,"id":"puerto-cabello-venezuela","name":"Puerto Cabello, Venezuela","latlon":"10.478130,-68.009580","url":"#/landing-point/puerto-cabello-venezuela"},{"landing_point_id":7348,"id":"puerto-la-cruz-venezuela","name":"Puerto La Cruz, Venezuela","latlon":"10.202544,-64.644872","url":"#/landing-point/puerto-la-cruz-venezuela"},{"landing_point_id":5965,"id":"punto-fijo-venezuela","name":"Punto Fijo, Venezuela","latlon":"11.708793,-70.204257","url":"#/landing-point/punto-fijo-venezuela"}],"length":"1,200 km","rfs":"1998","owners":"CANTV","url":null,"notes":null}
