{"id":"vodafone-malta-sicily-cable-system-vmscs","name":"Vodafone Malta-Sicily Cable System (VMSCS)","cable_id":1249,"landing_points":[{"landing_point_id":6170,"id":"balluta-bay-malta","name":"Balluta Bay, Malta","latlon":"35.934062,14.380041","url":"#/landing-point/balluta-bay-malta"},{"landing_point_id":3214,"id":"catania-italy","name":"Catania, Italy","latlon":"37.511588,15.067443","url":"#/landing-point/catania-italy"}],"length":"260 km","rfs":"2004 July","owners":"Vodafone Malta","url":"http://www.vodafone.com.mt","notes":null}
