{"id":"warf-submarine-cable","name":"WARF Submarine Cable","cable_id":1517,"landing_points":[{"landing_point_id":3887,"id":"colombo-sri-lanka","name":"Colombo, Sri Lanka","latlon":"6.926740,79.871990","url":"#/landing-point/colombo-sri-lanka"},{"landing_point_id":4251,"id":"male-maldives","name":"Male, Maldives","latlon":"4.166267,73.499923","url":"#/landing-point/male-maldives"},{"landing_point_id":7706,"id":"trivendrum-india","name":"Trivendrum, India","latlon":"8.798150,76.970233","url":"#/landing-point/trivendrum-india"}],"length":"680 km","rfs":"2007 March","owners":"Wataniya Telecom Maldives,  Focus Infocom (Raajje Online),  Global Cloud Xchange","url":null,"notes":null}
