{"id":"west-african-cable-system-wacs","name":"West African Cable System (WACS)","cable_id":1560,"landing_points":[{"landing_point_id":3316,"id":"abidjan-cte-divoire","name":"Abidjan, Côte d'Ivoire","latlon":"5.323518,-4.026237","url":"#/landing-point/abidjan-cte-divoire"},{"landing_point_id":4181,"id":"accra-ghana","name":"Accra, Ghana","latlon":"5.558283,-0.201092","url":"#/landing-point/accra-ghana"},{"landing_point_id":5720,"id":"alta-vista-canary-islands-spain","name":"Alta Vista, Canary Islands, Spain","latlon":"27.959396,-15.398741","url":"#/landing-point/alta-vista-canary-islands-spain"},{"landing_point_id":3280,"id":"lagos-nigeria","name":"Lagos, Nigeria","latlon":"6.438874,3.423210","url":"#/landing-point/lagos-nigeria"},{"landing_point_id":9846,"id":"limbe-cameroon","name":"Limbe, Cameroon","latlon":"4.014510,9.208462","url":"#/landing-point/limbe-cameroon"},{"landing_point_id":3317,"id":"lome-togo","name":"Lome, Togo","latlon":"6.126008,1.227813","url":"#/landing-point/lome-togo"},{"landing_point_id":9426,"id":"muanda-congo-dem-rep-","name":"Muanda, Congo, Dem. Rep.","latlon":"-5.933362,12.349866","url":"#/landing-point/muanda-congo-dem-rep-"},{"landing_point_id":5971,"id":"pointe-noire-congo-rep-","name":"Pointe-Noire, Congo, Rep.","latlon":"-4.779090,11.863636","url":"#/landing-point/pointe-noire-congo-rep-"},{"landing_point_id":4257,"id":"praia-cape-verde","name":"Praia, Cape Verde","latlon":"14.923013,-23.521247","url":"#/landing-point/praia-cape-verde"},{"landing_point_id":10727,"id":"sangano-angola","name":"Sangano, Angola","latlon":"-9.490074,13.201441","url":"#/landing-point/sangano-angola"},{"landing_point_id":9058,"id":"seixal-portugal","name":"Seixal, Portugal","latlon":"38.642276,-9.107387","url":"#/landing-point/seixal-portugal"},{"landing_point_id":9845,"id":"swakopmund-namibia","name":"Swakopmund, Namibia","latlon":"-22.678324,14.528088","url":"#/landing-point/swakopmund-namibia"},{"landing_point_id":9844,"id":"yzerfontein-south-africa","name":"Yzerfontein, South Africa","latlon":"-33.348217,18.155528","url":"#/landing-point/yzerfontein-south-africa"}],"length":"14,530 km","rfs":"2012 May","owners":"Broadband Infraco,  Telkom South Africa,  Vodacom DRC,  MTN,  Tata Communications,  Togo Telecom,  Telecom Namibia,  Office Congolais de Poste et Télécommunication,  Congo Telecom,  Portugal Telecom,  Angola Cables,  Cape Verde Telecom,  Vodafone Espana,  Vodafone,  Neotel,  PCCW,  Camtel,  Vodafone Ghana","url":null,"notes":"The cable provide connectivity from Portugal to the United Kingdom via dedicated fiber pairs on an existing cable."}
