{"id":"yellow","name":"Yellow","cable_id":1081,"landing_points":[{"landing_point_id":5767,"id":"bellport-ny-united-states","name":"Bellport, NY, United States","latlon":"40.755544,-72.937813","url":"#/landing-point/bellport-ny-united-states"},{"landing_point_id":4554,"id":"bude-united-kingdom","name":"Bude, United Kingdom","latlon":"50.828110,-4.544401","url":"#/landing-point/bude-united-kingdom"}],"length":"7,001 km","rfs":"2000 September","owners":"CenturyLink","url":"http://www.centurylink.com/wholesale/","notes":null}
